product_id,product_name,area,date,sales,temp,humidity,weather_main,weather_desc,wind_speed,name
P001,Soft Drink ,Bathinda,2025-01-01,164,23.53,51,Clear,clear sky,7.92,New Year's Day
P005,Gift Hamper,Patiala,2025-01-01,208,32.96,75,Rain,clear sky,8.2,New Year's Day
P005,Gift Hamper,Rajpura,2025-01-01,215,33.96,60,Clouds,clear sky,7.01,New Year's Day
P005,Gift Hamper,Mohali,2025-01-01,190,25.56,69,Clouds,light rain,8.36,New Year's Day
P005,Gift Hamper,Malout,2025-01-01,223,36.73,79,Rain,moderate rain,7.34,New Year's Day
P005,Gift Hamper,Bathinda,2025-01-01,164,23.53,51,Clear,clear sky,7.92,New Year's Day
P004,Pooja Articles,Patiala,2025-01-01,169,32.96,75,Rain,clear sky,8.2,New Year's Day
P004,Pooja Articles,Mohali,2025-01-01,142,25.56,69,Clouds,light rain,8.36,New Year's Day
P004,Pooja Articles,Malout,2025-01-01,167,36.73,79,Rain,moderate rain,7.34,New Year's Day
P004,Pooja Articles,Bathinda,2025-01-01,152,23.53,51,Clear,clear sky,7.92,New Year's Day
P003,Moisturizer ,Patiala,2025-01-01,74,32.96,75,Rain,clear sky,8.2,New Year's Day
P003,Moisturizer ,Rajpura,2025-01-01,61,33.96,60,Clouds,clear sky,7.01,New Year's Day
P004,Pooja Articles,Rajpura,2025-01-01,130,33.96,60,Clouds,clear sky,7.01,New Year's Day
P003,Moisturizer ,Malout,2025-01-01,43,36.73,79,Rain,moderate rain,7.34,New Year's Day
P003,Moisturizer ,Mohali,2025-01-01,61,25.56,69,Clouds,light rain,8.36,New Year's Day
P001,Soft Drink ,Mohali,2025-01-01,181,25.56,69,Clouds,light rain,8.36,New Year's Day
P001,Soft Drink ,Rajpura,2025-01-01,202,33.96,60,Clouds,clear sky,7.01,New Year's Day
P001,Soft Drink ,Patiala,2025-01-01,185,32.96,75,Rain,clear sky,8.2,New Year's Day
P002,Sweets ,Bathinda,2025-01-01,89,23.53,51,Clear,clear sky,7.92,New Year's Day
P001,Soft Drink ,Malout,2025-01-01,161,36.73,79,Rain,moderate rain,7.34,New Year's Day
P002,Sweets ,Mohali,2025-01-01,107,25.56,69,Clouds,light rain,8.36,New Year's Day
P002,Sweets ,Rajpura,2025-01-01,80,33.96,60,Clouds,clear sky,7.01,New Year's Day
P002,Sweets ,Patiala,2025-01-01,151,32.96,75,Rain,clear sky,8.2,New Year's Day
P003,Moisturizer ,Bathinda,2025-01-01,73,23.53,51,Clear,clear sky,7.92,New Year's Day
P002,Sweets ,Malout,2025-01-01,119,36.73,79,Rain,moderate rain,7.34,New Year's Day
P003,Moisturizer ,Patiala,2025-01-02,9,23.34,64,Clear,light rain,8.24,Last day of Hanukkah
P004,Pooja Articles,Bathinda,2025-01-02,131,33.4,49,Rain,overcast clouds,9.07,Last day of Hanukkah
P004,Pooja Articles,Malout,2025-01-02,162,29.48,43,Clouds,light rain,9.58,Last day of Hanukkah
P004,Pooja Articles,Mohali,2025-01-02,161,35.96,41,Rain,light rain,8.94,Last day of Hanukkah
P004,Pooja Articles,Rajpura,2025-01-02,186,27.92,86,Rain,overcast clouds,8.5,Last day of Hanukkah
P005,Gift Hamper,Malout,2025-01-02,205,29.48,43,Clouds,light rain,9.58,Last day of Hanukkah
P005,Gift Hamper,Bathinda,2025-01-02,196,33.4,49,Rain,overcast clouds,9.07,Last day of Hanukkah
P005,Gift Hamper,Mohali,2025-01-02,254,35.96,41,Rain,light rain,8.94,Last day of Hanukkah
P005,Gift Hamper,Rajpura,2025-01-02,228,27.92,86,Rain,overcast clouds,8.5,Last day of Hanukkah
P005,Gift Hamper,Patiala,2025-01-02,207,23.34,64,Clear,light rain,8.24,Last day of Hanukkah
P004,Pooja Articles,Patiala,2025-01-02,119,23.34,64,Clear,light rain,8.24,Last day of Hanukkah
P003,Moisturizer ,Rajpura,2025-01-02,0,27.92,86,Rain,overcast clouds,8.5,Last day of Hanukkah
P002,Sweets ,Bathinda,2025-01-02,129,33.4,49,Rain,overcast clouds,9.07,Last day of Hanukkah
P003,Moisturizer ,Malout,2025-01-02,20,29.48,43,Clouds,light rain,9.58,Last day of Hanukkah
P003,Moisturizer ,Mohali,2025-01-02,125,35.96,41,Rain,light rain,8.94,Last day of Hanukkah
P001,Soft Drink ,Malout,2025-01-02,191,29.48,43,Clouds,light rain,9.58,Last day of Hanukkah
P001,Soft Drink ,Mohali,2025-01-02,180,35.96,41,Rain,light rain,8.94,Last day of Hanukkah
P001,Soft Drink ,Rajpura,2025-01-02,175,27.92,86,Rain,overcast clouds,8.5,Last day of Hanukkah
P001,Soft Drink ,Patiala,2025-01-02,168,23.34,64,Clear,light rain,8.24,Last day of Hanukkah
P001,Soft Drink ,Bathinda,2025-01-02,192,33.4,49,Rain,overcast clouds,9.07,Last day of Hanukkah
P002,Sweets ,Malout,2025-01-02,98,29.48,43,Clouds,light rain,9.58,Last day of Hanukkah
P002,Sweets ,Mohali,2025-01-02,137,35.96,41,Rain,light rain,8.94,Last day of Hanukkah
P002,Sweets ,Rajpura,2025-01-02,165,27.92,86,Rain,overcast clouds,8.5,Last day of Hanukkah
P002,Sweets ,Patiala,2025-01-02,135,23.34,64,Clear,light rain,8.24,Last day of Hanukkah
P003,Moisturizer ,Bathinda,2025-01-02,99,33.4,49,Rain,overcast clouds,9.07,Last day of Hanukkah
P004,Pooja Articles,Bathinda,2025-01-03,127,22.35,48,Clear,moderate rain,3.68,None
P004,Pooja Articles,Malout,2025-01-03,103,36.07,83,Clouds,clear sky,9.58,None
P004,Pooja Articles,Mohali,2025-01-03,183,35.99,62,Clouds,moderate rain,6.62,None
P004,Pooja Articles,Rajpura,2025-01-03,207,21.58,84,Clouds,overcast clouds,5.34,None
P004,Pooja Articles,Patiala,2025-01-03,136,28.4,72,Rain,moderate rain,9.36,None
P005,Gift Hamper,Malout,2025-01-03,219,36.07,83,Clouds,clear sky,9.58,None
P003,Moisturizer ,Patiala,2025-01-03,0,28.4,72,Rain,moderate rain,9.36,None
P005,Gift Hamper,Mohali,2025-01-03,214,35.99,62,Clouds,moderate rain,6.62,None
P005,Gift Hamper,Rajpura,2025-01-03,202,21.58,84,Clouds,overcast clouds,5.34,None
P005,Gift Hamper,Patiala,2025-01-03,226,28.4,72,Rain,moderate rain,9.36,None
P005,Gift Hamper,Bathinda,2025-01-03,223,22.35,48,Clear,moderate rain,3.68,None
P003,Moisturizer ,Rajpura,2025-01-03,51,21.58,84,Clouds,overcast clouds,5.34,None
P002,Sweets ,Bathinda,2025-01-03,108,22.35,48,Clear,moderate rain,3.68,None
P003,Moisturizer ,Malout,2025-01-03,77,36.07,83,Clouds,clear sky,9.58,None
P001,Soft Drink ,Malout,2025-01-03,200,36.07,83,Clouds,clear sky,9.58,None
P001,Soft Drink ,Mohali,2025-01-03,173,35.99,62,Clouds,moderate rain,6.62,None
P001,Soft Drink ,Rajpura,2025-01-03,118,21.58,84,Clouds,overcast clouds,5.34,None
P001,Soft Drink ,Patiala,2025-01-03,199,28.4,72,Rain,moderate rain,9.36,None
P001,Soft Drink ,Bathinda,2025-01-03,217,22.35,48,Clear,moderate rain,3.68,None
P003,Moisturizer ,Mohali,2025-01-03,71,35.99,62,Clouds,moderate rain,6.62,None
P002,Sweets ,Mohali,2025-01-03,128,35.99,62,Clouds,moderate rain,6.62,None
P002,Sweets ,Rajpura,2025-01-03,139,21.58,84,Clouds,overcast clouds,5.34,None
P002,Sweets ,Patiala,2025-01-03,170,28.4,72,Rain,moderate rain,9.36,None
P003,Moisturizer ,Bathinda,2025-01-03,32,22.35,48,Clear,moderate rain,3.68,None
P002,Sweets ,Malout,2025-01-03,124,36.07,83,Clouds,clear sky,9.58,None
P003,Moisturizer ,Patiala,2025-01-04,75,20.15,48,Clear,scattered clouds,2.7,None
P004,Pooja Articles,Bathinda,2025-01-04,151,26.22,55,Clear,overcast clouds,3.49,None
P004,Pooja Articles,Malout,2025-01-04,151,20.45,59,Rain,clear sky,3.12,None
P004,Pooja Articles,Mohali,2025-01-04,140,23.71,67,Clouds,overcast clouds,6.08,None
P004,Pooja Articles,Rajpura,2025-01-04,159,28.49,61,Clouds,clear sky,7.07,None
P005,Gift Hamper,Patiala,2025-01-04,231,20.15,48,Clear,scattered clouds,2.7,None
P005,Gift Hamper,Bathinda,2025-01-04,269,26.22,55,Clear,overcast clouds,3.49,None
P005,Gift Hamper,Mohali,2025-01-04,176,23.71,67,Clouds,overcast clouds,6.08,None
P005,Gift Hamper,Rajpura,2025-01-04,195,28.49,61,Clouds,clear sky,7.07,None
P003,Moisturizer ,Rajpura,2025-01-04,65,28.49,61,Clouds,clear sky,7.07,None
P004,Pooja Articles,Patiala,2025-01-04,150,20.15,48,Clear,scattered clouds,2.7,None
P005,Gift Hamper,Malout,2025-01-04,185,20.45,59,Rain,clear sky,3.12,None
P003,Moisturizer ,Mohali,2025-01-04,87,23.71,67,Clouds,overcast clouds,6.08,None
P003,Moisturizer ,Bathinda,2025-01-04,87,26.22,55,Clear,overcast clouds,3.49,None
P003,Moisturizer ,Malout,2025-01-04,45,20.45,59,Rain,clear sky,3.12,None
P001,Soft Drink ,Bathinda,2025-01-04,176,26.22,55,Clear,overcast clouds,3.49,None
P001,Soft Drink ,Malout,2025-01-04,192,20.45,59,Rain,clear sky,3.12,None
P001,Soft Drink ,Rajpura,2025-01-04,190,28.49,61,Clouds,clear sky,7.07,None
P001,Soft Drink ,Patiala,2025-01-04,208,20.15,48,Clear,scattered clouds,2.7,None
P001,Soft Drink ,Mohali,2025-01-04,150,23.71,67,Clouds,overcast clouds,6.08,None
P002,Sweets ,Malout,2025-01-04,143,20.45,59,Rain,clear sky,3.12,None
P002,Sweets ,Mohali,2025-01-04,85,23.71,67,Clouds,overcast clouds,6.08,None
P002,Sweets ,Rajpura,2025-01-04,121,28.49,61,Clouds,clear sky,7.07,None
P002,Sweets ,Patiala,2025-01-04,82,20.15,48,Clear,scattered clouds,2.7,None
P002,Sweets ,Bathinda,2025-01-04,102,26.22,55,Clear,overcast clouds,3.49,None
P004,Pooja Articles,Rajpura,2025-01-05,157,26.78,64,Rain,clear sky,1.43,None
P004,Pooja Articles,Bathinda,2025-01-05,149,36.06,55,Rain,moderate rain,3.45,None
P004,Pooja Articles,Malout,2025-01-05,144,31.23,64,Rain,scattered clouds,6.97,None
P004,Pooja Articles,Mohali,2025-01-05,104,39.79,84,Rain,light rain,5.12,None
P004,Pooja Articles,Patiala,2025-01-05,159,26.03,79,Clear,clear sky,8.62,None
P003,Moisturizer ,Patiala,2025-01-05,125,26.03,79,Clear,clear sky,8.62,None
P005,Gift Hamper,Malout,2025-01-05,190,31.23,64,Rain,scattered clouds,6.97,None
P005,Gift Hamper,Mohali,2025-01-05,172,39.79,84,Rain,light rain,5.12,None
P005,Gift Hamper,Rajpura,2025-01-05,204,26.78,64,Rain,clear sky,1.43,None
P005,Gift Hamper,Patiala,2025-01-05,169,26.03,79,Clear,clear sky,8.62,None
P005,Gift Hamper,Bathinda,2025-01-05,245,36.06,55,Rain,moderate rain,3.45,None
P003,Moisturizer ,Rajpura,2025-01-05,67,26.78,64,Rain,clear sky,1.43,None
P002,Sweets ,Bathinda,2025-01-05,160,36.06,55,Rain,moderate rain,3.45,None
P003,Moisturizer ,Malout,2025-01-05,64,31.23,64,Rain,scattered clouds,6.97,None
P001,Soft Drink ,Bathinda,2025-01-05,147,36.06,55,Rain,moderate rain,3.45,None
P001,Soft Drink ,Malout,2025-01-05,194,31.23,64,Rain,scattered clouds,6.97,None
P001,Soft Drink ,Mohali,2025-01-05,170,39.79,84,Rain,light rain,5.12,None
P001,Soft Drink ,Rajpura,2025-01-05,214,26.78,64,Rain,clear sky,1.43,None
P001,Soft Drink ,Patiala,2025-01-05,189,26.03,79,Clear,clear sky,8.62,None
P003,Moisturizer ,Mohali,2025-01-05,60,39.79,84,Rain,light rain,5.12,None
P002,Sweets ,Malout,2025-01-05,127,31.23,64,Rain,scattered clouds,6.97,None
P002,Sweets ,Mohali,2025-01-05,80,39.79,84,Rain,light rain,5.12,None
P002,Sweets ,Rajpura,2025-01-05,97,26.78,64,Rain,clear sky,1.43,None
P002,Sweets ,Patiala,2025-01-05,94,26.03,79,Clear,clear sky,8.62,None
P003,Moisturizer ,Bathinda,2025-01-05,34,36.06,55,Rain,moderate rain,3.45,None
P005,Gift Hamper,Patiala,2025-01-06,218,33.13,63,Rain,scattered clouds,8.61,Guru Govind Singh Jayanti
P005,Gift Hamper,Rajpura,2025-01-06,206,25.91,56,Clear,scattered clouds,9.97,Guru Govind Singh Jayanti
P005,Gift Hamper,Mohali,2025-01-06,234,32.35,62,Rain,moderate rain,7.4,Guru Govind Singh Jayanti
P005,Gift Hamper,Malout,2025-01-06,209,32.8,42,Clouds,moderate rain,4.61,Guru Govind Singh Jayanti
P005,Gift Hamper,Bathinda,2025-01-06,224,20.79,41,Clear,clear sky,5.11,Guru Govind Singh Jayanti
P004,Pooja Articles,Patiala,2025-01-06,178,33.13,63,Rain,scattered clouds,8.61,Guru Govind Singh Jayanti
P004,Pooja Articles,Rajpura,2025-01-06,155,25.91,56,Clear,scattered clouds,9.97,Guru Govind Singh Jayanti
P004,Pooja Articles,Mohali,2025-01-06,163,32.35,62,Rain,moderate rain,7.4,Guru Govind Singh Jayanti
P004,Pooja Articles,Malout,2025-01-06,204,32.8,42,Clouds,moderate rain,4.61,Guru Govind Singh Jayanti
P003,Moisturizer ,Patiala,2025-01-06,72,33.13,63,Rain,scattered clouds,8.61,Guru Govind Singh Jayanti
P003,Moisturizer ,Rajpura,2025-01-06,3,25.91,56,Clear,scattered clouds,9.97,Guru Govind Singh Jayanti
P004,Pooja Articles,Bathinda,2025-01-06,166,20.79,41,Clear,clear sky,5.11,Guru Govind Singh Jayanti
P001,Soft Drink ,Bathinda,2025-01-06,184,20.79,41,Clear,clear sky,5.11,Guru Govind Singh Jayanti
P003,Moisturizer ,Malout,2025-01-06,28,32.8,42,Clouds,moderate rain,4.61,Guru Govind Singh Jayanti
P001,Soft Drink ,Malout,2025-01-06,146,32.8,42,Clouds,moderate rain,4.61,Guru Govind Singh Jayanti
P001,Soft Drink ,Mohali,2025-01-06,193,32.35,62,Rain,moderate rain,7.4,Guru Govind Singh Jayanti
P001,Soft Drink ,Rajpura,2025-01-06,195,25.91,56,Clear,scattered clouds,9.97,Guru Govind Singh Jayanti
P001,Soft Drink ,Patiala,2025-01-06,157,33.13,63,Rain,scattered clouds,8.61,Guru Govind Singh Jayanti
P002,Sweets ,Bathinda,2025-01-06,105,20.79,41,Clear,clear sky,5.11,Guru Govind Singh Jayanti
P003,Moisturizer ,Mohali,2025-01-06,113,32.35,62,Rain,moderate rain,7.4,Guru Govind Singh Jayanti
P002,Sweets ,Mohali,2025-01-06,139,32.35,62,Rain,moderate rain,7.4,Guru Govind Singh Jayanti
P002,Sweets ,Rajpura,2025-01-06,134,25.91,56,Clear,scattered clouds,9.97,Guru Govind Singh Jayanti
P002,Sweets ,Patiala,2025-01-06,127,33.13,63,Rain,scattered clouds,8.61,Guru Govind Singh Jayanti
P003,Moisturizer ,Bathinda,2025-01-06,44,20.79,41,Clear,clear sky,5.11,Guru Govind Singh Jayanti
P002,Sweets ,Malout,2025-01-06,127,32.8,42,Clouds,moderate rain,4.61,Guru Govind Singh Jayanti
P003,Moisturizer ,Patiala,2025-01-07,90,35.79,57,Clouds,overcast clouds,9.26,None
P004,Pooja Articles,Bathinda,2025-01-07,174,21.67,55,Rain,scattered clouds,6.47,None
P004,Pooja Articles,Malout,2025-01-07,135,39.28,76,Clouds,scattered clouds,8.72,None
P004,Pooja Articles,Mohali,2025-01-07,120,33.66,74,Clear,scattered clouds,5.95,None
P004,Pooja Articles,Rajpura,2025-01-07,154,23.23,43,Clear,moderate rain,3.04,None
P005,Gift Hamper,Bathinda,2025-01-07,212,21.67,55,Rain,scattered clouds,6.47,None
P005,Gift Hamper,Malout,2025-01-07,227,39.28,76,Clouds,scattered clouds,8.72,None
P005,Gift Hamper,Mohali,2025-01-07,213,33.66,74,Clear,scattered clouds,5.95,None
P005,Gift Hamper,Rajpura,2025-01-07,242,23.23,43,Clear,moderate rain,3.04,None
P005,Gift Hamper,Patiala,2025-01-07,169,35.79,57,Clouds,overcast clouds,9.26,None
P004,Pooja Articles,Patiala,2025-01-07,171,35.79,57,Clouds,overcast clouds,9.26,None
P003,Moisturizer ,Rajpura,2025-01-07,39,23.23,43,Clear,moderate rain,3.04,None
P003,Moisturizer ,Mohali,2025-01-07,54,33.66,74,Clear,scattered clouds,5.95,None
P003,Moisturizer ,Bathinda,2025-01-07,106,21.67,55,Rain,scattered clouds,6.47,None
P001,Soft Drink ,Bathinda,2025-01-07,166,21.67,55,Rain,scattered clouds,6.47,None
P001,Soft Drink ,Malout,2025-01-07,176,39.28,76,Clouds,scattered clouds,8.72,None
P001,Soft Drink ,Mohali,2025-01-07,218,33.66,74,Clear,scattered clouds,5.95,None
P001,Soft Drink ,Rajpura,2025-01-07,190,23.23,43,Clear,moderate rain,3.04,None
P001,Soft Drink ,Patiala,2025-01-07,203,35.79,57,Clouds,overcast clouds,9.26,None
P003,Moisturizer ,Malout,2025-01-07,81,39.28,76,Clouds,scattered clouds,8.72,None
P002,Sweets ,Malout,2025-01-07,131,39.28,76,Clouds,scattered clouds,8.72,None
P002,Sweets ,Mohali,2025-01-07,167,33.66,74,Clear,scattered clouds,5.95,None
P002,Sweets ,Rajpura,2025-01-07,135,23.23,43,Clear,moderate rain,3.04,None
P002,Sweets ,Patiala,2025-01-07,101,35.79,57,Clouds,overcast clouds,9.26,None
P002,Sweets ,Bathinda,2025-01-07,117,21.67,55,Rain,scattered clouds,6.47,None
P003,Moisturizer ,Patiala,2025-01-08,80,39.82,50,Rain,clear sky,3.8,None
P004,Pooja Articles,Bathinda,2025-01-08,163,21.99,86,Rain,moderate rain,7.19,None
P004,Pooja Articles,Malout,2025-01-08,96,26.14,56,Clear,light rain,6.87,None
P004,Pooja Articles,Mohali,2025-01-08,206,28.28,76,Rain,scattered clouds,7.45,None
P004,Pooja Articles,Rajpura,2025-01-08,137,22.14,73,Clear,clear sky,3.1,None
P005,Gift Hamper,Bathinda,2025-01-08,251,21.99,86,Rain,moderate rain,7.19,None
P005,Gift Hamper,Malout,2025-01-08,221,26.14,56,Clear,light rain,6.87,None
P005,Gift Hamper,Mohali,2025-01-08,242,28.28,76,Rain,scattered clouds,7.45,None
P005,Gift Hamper,Rajpura,2025-01-08,213,22.14,73,Clear,clear sky,3.1,None
P003,Moisturizer ,Rajpura,2025-01-08,58,22.14,73,Clear,clear sky,3.1,None
P004,Pooja Articles,Patiala,2025-01-08,112,39.82,50,Rain,clear sky,3.8,None
P005,Gift Hamper,Patiala,2025-01-08,172,39.82,50,Rain,clear sky,3.8,None
P003,Moisturizer ,Mohali,2025-01-08,36,28.28,76,Rain,scattered clouds,7.45,None
P003,Moisturizer ,Bathinda,2025-01-08,26,21.99,86,Rain,moderate rain,7.19,None
P003,Moisturizer ,Malout,2025-01-08,82,26.14,56,Clear,light rain,6.87,None
P001,Soft Drink ,Bathinda,2025-01-08,175,21.99,86,Rain,moderate rain,7.19,None
P001,Soft Drink ,Malout,2025-01-08,239,26.14,56,Clear,light rain,6.87,None
P001,Soft Drink ,Rajpura,2025-01-08,131,22.14,73,Clear,clear sky,3.1,None
P001,Soft Drink ,Patiala,2025-01-08,189,39.82,50,Rain,clear sky,3.8,None
P001,Soft Drink ,Mohali,2025-01-08,155,28.28,76,Rain,scattered clouds,7.45,None
P002,Sweets ,Malout,2025-01-08,126,26.14,56,Clear,light rain,6.87,None
P002,Sweets ,Mohali,2025-01-08,171,28.28,76,Rain,scattered clouds,7.45,None
P002,Sweets ,Rajpura,2025-01-08,175,22.14,73,Clear,clear sky,3.1,None
P002,Sweets ,Patiala,2025-01-08,150,39.82,50,Rain,clear sky,3.8,None
P002,Sweets ,Bathinda,2025-01-08,126,21.99,86,Rain,moderate rain,7.19,None
P004,Pooja Articles,Mohali,2025-01-09,102,29.24,81,Rain,clear sky,2.32,None
P003,Moisturizer ,Patiala,2025-01-09,25,32.65,87,Clouds,scattered clouds,3.99,None
P004,Pooja Articles,Bathinda,2025-01-09,137,36.12,74,Rain,light rain,5.36,None
P004,Pooja Articles,Malout,2025-01-09,171,33.26,41,Clear,moderate rain,4.19,None
P004,Pooja Articles,Patiala,2025-01-09,180,32.65,87,Clouds,scattered clouds,3.99,None
P003,Moisturizer ,Rajpura,2025-01-09,47,34.6,49,Clear,moderate rain,6.42,None
P005,Gift Hamper,Malout,2025-01-09,230,33.26,41,Clear,moderate rain,4.19,None
P005,Gift Hamper,Mohali,2025-01-09,210,29.24,81,Rain,clear sky,2.32,None
P005,Gift Hamper,Rajpura,2025-01-09,243,34.6,49,Clear,moderate rain,6.42,None
P005,Gift Hamper,Patiala,2025-01-09,235,32.65,87,Clouds,scattered clouds,3.99,None
P005,Gift Hamper,Bathinda,2025-01-09,192,36.12,74,Rain,light rain,5.36,None
P003,Moisturizer ,Mohali,2025-01-09,67,29.24,81,Rain,clear sky,2.32,None
P004,Pooja Articles,Rajpura,2025-01-09,136,34.6,49,Clear,moderate rain,6.42,None
P003,Moisturizer ,Bathinda,2025-01-09,99,36.12,74,Rain,light rain,5.36,None
P001,Soft Drink ,Malout,2025-01-09,170,33.26,41,Clear,moderate rain,4.19,None
P001,Soft Drink ,Mohali,2025-01-09,212,29.24,81,Rain,clear sky,2.32,None
P001,Soft Drink ,Rajpura,2025-01-09,190,34.6,49,Clear,moderate rain,6.42,None
P001,Soft Drink ,Patiala,2025-01-09,193,32.65,87,Clouds,scattered clouds,3.99,None
P002,Sweets ,Bathinda,2025-01-09,145,36.12,74,Rain,light rain,5.36,None
P001,Soft Drink ,Bathinda,2025-01-09,169,36.12,74,Rain,light rain,5.36,None
P002,Sweets ,Malout,2025-01-09,127,33.26,41,Clear,moderate rain,4.19,None
P002,Sweets ,Mohali,2025-01-09,133,29.24,81,Rain,clear sky,2.32,None
P002,Sweets ,Rajpura,2025-01-09,85,34.6,49,Clear,moderate rain,6.42,None
P002,Sweets ,Patiala,2025-01-09,120,32.65,87,Clouds,scattered clouds,3.99,None
P003,Moisturizer ,Malout,2025-01-09,97,33.26,41,Clear,moderate rain,4.19,None
P004,Pooja Articles,Bathinda,2025-01-10,126,27.22,52,Rain,moderate rain,6.88,None
P004,Pooja Articles,Malout,2025-01-10,131,26.45,59,Clouds,light rain,9.41,None
P004,Pooja Articles,Mohali,2025-01-10,135,27.56,66,Rain,light rain,1.99,None
P004,Pooja Articles,Rajpura,2025-01-10,132,25.14,77,Rain,light rain,9.66,None
P004,Pooja Articles,Patiala,2025-01-10,172,29.37,65,Rain,scattered clouds,2.65,None
P005,Gift Hamper,Malout,2025-01-10,221,26.45,59,Clouds,light rain,9.41,None
P005,Gift Hamper,Mohali,2025-01-10,224,27.56,66,Rain,light rain,1.99,None
P005,Gift Hamper,Rajpura,2025-01-10,216,25.14,77,Rain,light rain,9.66,None
P005,Gift Hamper,Patiala,2025-01-10,249,29.37,65,Rain,scattered clouds,2.65,None
P003,Moisturizer ,Patiala,2025-01-10,98,29.37,65,Rain,scattered clouds,2.65,None
P005,Gift Hamper,Bathinda,2025-01-10,201,27.22,52,Rain,moderate rain,6.88,None
P003,Moisturizer ,Rajpura,2025-01-10,44,25.14,77,Rain,light rain,9.66,None
P003,Moisturizer ,Mohali,2025-01-10,54,27.56,66,Rain,light rain,1.99,None
P003,Moisturizer ,Malout,2025-01-10,63,26.45,59,Clouds,light rain,9.41,None
P001,Soft Drink ,Malout,2025-01-10,172,26.45,59,Clouds,light rain,9.41,None
P001,Soft Drink ,Mohali,2025-01-10,186,27.56,66,Rain,light rain,1.99,None
P001,Soft Drink ,Rajpura,2025-01-10,177,25.14,77,Rain,light rain,9.66,None
P001,Soft Drink ,Patiala,2025-01-10,155,29.37,65,Rain,scattered clouds,2.65,None
P002,Sweets ,Bathinda,2025-01-10,149,27.22,52,Rain,moderate rain,6.88,None
P001,Soft Drink ,Bathinda,2025-01-10,222,27.22,52,Rain,moderate rain,6.88,None
P002,Sweets ,Mohali,2025-01-10,97,27.56,66,Rain,light rain,1.99,None
P002,Sweets ,Rajpura,2025-01-10,116,25.14,77,Rain,light rain,9.66,None
P002,Sweets ,Patiala,2025-01-10,124,29.37,65,Rain,scattered clouds,2.65,None
P003,Moisturizer ,Bathinda,2025-01-10,104,27.22,52,Rain,moderate rain,6.88,None
P002,Sweets ,Malout,2025-01-10,117,26.45,59,Clouds,light rain,9.41,None
P004,Pooja Articles,Bathinda,2025-01-11,103,36.01,47,Clear,scattered clouds,1.05,None
P004,Pooja Articles,Malout,2025-01-11,159,39.5,76,Clouds,overcast clouds,4.89,None
P004,Pooja Articles,Mohali,2025-01-11,146,23.39,58,Rain,scattered clouds,5.97,None
P004,Pooja Articles,Rajpura,2025-01-11,227,31.39,41,Rain,moderate rain,4.14,None
P004,Pooja Articles,Patiala,2025-01-11,176,26.41,73,Rain,clear sky,7.81,None
P005,Gift Hamper,Malout,2025-01-11,238,39.5,76,Clouds,overcast clouds,4.89,None
P005,Gift Hamper,Mohali,2025-01-11,208,23.39,58,Rain,scattered clouds,5.97,None
P005,Gift Hamper,Rajpura,2025-01-11,210,31.39,41,Rain,moderate rain,4.14,None
P005,Gift Hamper,Patiala,2025-01-11,239,26.41,73,Rain,clear sky,7.81,None
P003,Moisturizer ,Patiala,2025-01-11,67,26.41,73,Rain,clear sky,7.81,None
P005,Gift Hamper,Bathinda,2025-01-11,218,36.01,47,Clear,scattered clouds,1.05,None
P003,Moisturizer ,Rajpura,2025-01-11,68,31.39,41,Rain,moderate rain,4.14,None
P003,Moisturizer ,Mohali,2025-01-11,83,23.39,58,Rain,scattered clouds,5.97,None
P003,Moisturizer ,Malout,2025-01-11,105,39.5,76,Clouds,overcast clouds,4.89,None
P001,Soft Drink ,Malout,2025-01-11,216,39.5,76,Clouds,overcast clouds,4.89,None
P001,Soft Drink ,Mohali,2025-01-11,151,23.39,58,Rain,scattered clouds,5.97,None
P001,Soft Drink ,Rajpura,2025-01-11,176,31.39,41,Rain,moderate rain,4.14,None
P001,Soft Drink ,Patiala,2025-01-11,187,26.41,73,Rain,clear sky,7.81,None
P002,Sweets ,Bathinda,2025-01-11,114,36.01,47,Clear,scattered clouds,1.05,None
P001,Soft Drink ,Bathinda,2025-01-11,173,36.01,47,Clear,scattered clouds,1.05,None
P002,Sweets ,Mohali,2025-01-11,108,23.39,58,Rain,scattered clouds,5.97,None
P002,Sweets ,Rajpura,2025-01-11,120,31.39,41,Rain,moderate rain,4.14,None
P002,Sweets ,Patiala,2025-01-11,117,26.41,73,Rain,clear sky,7.81,None
P003,Moisturizer ,Bathinda,2025-01-11,29,36.01,47,Clear,scattered clouds,1.05,None
P002,Sweets ,Malout,2025-01-11,107,39.5,76,Clouds,overcast clouds,4.89,None
P004,Pooja Articles,Bathinda,2025-01-12,139,31.16,56,Clouds,moderate rain,2.26,None
P004,Pooja Articles,Malout,2025-01-12,193,26.33,72,Rain,scattered clouds,4.61,None
P004,Pooja Articles,Mohali,2025-01-12,148,39.02,66,Rain,clear sky,2.55,None
P004,Pooja Articles,Rajpura,2025-01-12,169,24.86,61,Clear,clear sky,1.05,None
P004,Pooja Articles,Patiala,2025-01-12,132,32.46,49,Clouds,clear sky,8.81,None
P005,Gift Hamper,Malout,2025-01-12,251,26.33,72,Rain,scattered clouds,4.61,None
P005,Gift Hamper,Mohali,2025-01-12,274,39.02,66,Rain,clear sky,2.55,None
P005,Gift Hamper,Rajpura,2025-01-12,239,24.86,61,Clear,clear sky,1.05,None
P005,Gift Hamper,Patiala,2025-01-12,211,32.46,49,Clouds,clear sky,8.81,None
P003,Moisturizer ,Patiala,2025-01-12,70,32.46,49,Clouds,clear sky,8.81,None
P005,Gift Hamper,Bathinda,2025-01-12,183,31.16,56,Clouds,moderate rain,2.26,None
P003,Moisturizer ,Rajpura,2025-01-12,85,24.86,61,Clear,clear sky,1.05,None
P003,Moisturizer ,Mohali,2025-01-12,0,39.02,66,Rain,clear sky,2.55,None
P003,Moisturizer ,Malout,2025-01-12,78,26.33,72,Rain,scattered clouds,4.61,None
P001,Soft Drink ,Malout,2025-01-12,207,26.33,72,Rain,scattered clouds,4.61,None
P001,Soft Drink ,Mohali,2025-01-12,184,39.02,66,Rain,clear sky,2.55,None
P001,Soft Drink ,Rajpura,2025-01-12,200,24.86,61,Clear,clear sky,1.05,None
P001,Soft Drink ,Patiala,2025-01-12,172,32.46,49,Clouds,clear sky,8.81,None
P002,Sweets ,Bathinda,2025-01-12,116,31.16,56,Clouds,moderate rain,2.26,None
P001,Soft Drink ,Bathinda,2025-01-12,189,31.16,56,Clouds,moderate rain,2.26,None
P002,Sweets ,Mohali,2025-01-12,94,39.02,66,Rain,clear sky,2.55,None
P002,Sweets ,Rajpura,2025-01-12,104,24.86,61,Clear,clear sky,1.05,None
P002,Sweets ,Patiala,2025-01-12,139,32.46,49,Clouds,clear sky,8.81,None
P003,Moisturizer ,Bathinda,2025-01-12,78,31.16,56,Clouds,moderate rain,2.26,None
P002,Sweets ,Malout,2025-01-12,122,26.33,72,Rain,scattered clouds,4.61,None
P003,Moisturizer ,Patiala,2025-01-13,18,34.16,88,Rain,light rain,1.32,Lohri
P004,Pooja Articles,Bathinda,2025-01-13,203,39.61,47,Clouds,scattered clouds,4.46,Lohri
P004,Pooja Articles,Malout,2025-01-13,169,31.26,88,Clouds,scattered clouds,7.09,Lohri
P004,Pooja Articles,Mohali,2025-01-13,127,21.51,54,Clear,clear sky,4.73,Lohri
P004,Pooja Articles,Rajpura,2025-01-13,172,37.66,82,Rain,light rain,6.18,Lohri
P005,Gift Hamper,Bathinda,2025-01-13,230,39.61,47,Clouds,scattered clouds,4.46,Lohri
P005,Gift Hamper,Malout,2025-01-13,228,31.26,88,Clouds,scattered clouds,7.09,Lohri
P005,Gift Hamper,Mohali,2025-01-13,254,21.51,54,Clear,clear sky,4.73,Lohri
P005,Gift Hamper,Rajpura,2025-01-13,202,37.66,82,Rain,light rain,6.18,Lohri
P003,Moisturizer ,Rajpura,2025-01-13,31,37.66,82,Rain,light rain,6.18,Lohri
P004,Pooja Articles,Patiala,2025-01-13,142,34.16,88,Rain,light rain,1.32,Lohri
P003,Moisturizer ,Mohali,2025-01-13,36,21.51,54,Clear,clear sky,4.73,Lohri
P005,Gift Hamper,Patiala,2025-01-13,213,34.16,88,Rain,light rain,1.32,Lohri
P003,Moisturizer ,Bathinda,2025-01-13,34,39.61,47,Clouds,scattered clouds,4.46,Lohri
P003,Moisturizer ,Malout,2025-01-13,12,31.26,88,Clouds,scattered clouds,7.09,Lohri
P001,Soft Drink ,Bathinda,2025-01-13,214,39.61,47,Clouds,scattered clouds,4.46,Lohri
P001,Soft Drink ,Mohali,2025-01-13,172,21.51,54,Clear,clear sky,4.73,Lohri
P001,Soft Drink ,Rajpura,2025-01-13,146,37.66,82,Rain,light rain,6.18,Lohri
P001,Soft Drink ,Patiala,2025-01-13,186,34.16,88,Rain,light rain,1.32,Lohri
P001,Soft Drink ,Malout,2025-01-13,130,31.26,88,Clouds,scattered clouds,7.09,Lohri
P002,Sweets ,Malout,2025-01-13,108,31.26,88,Clouds,scattered clouds,7.09,Lohri
P002,Sweets ,Mohali,2025-01-13,98,21.51,54,Clear,clear sky,4.73,Lohri
P002,Sweets ,Rajpura,2025-01-13,60,37.66,82,Rain,light rain,6.18,Lohri
P002,Sweets ,Patiala,2025-01-13,117,34.16,88,Rain,light rain,1.32,Lohri
P002,Sweets ,Bathinda,2025-01-13,115,39.61,47,Clouds,scattered clouds,4.46,Lohri
P004,Pooja Articles,Malout,2025-01-14,123,33.88,43,Clouds,light rain,6.86,Pongal
P004,Pooja Articles,Rajpura,2025-01-14,166,21.7,84,Clear,light rain,5.53,Pongal
P004,Pooja Articles,Mohali,2025-01-14,218,28.4,53,Clear,overcast clouds,2.86,Hazarat Ali's Birthday
P004,Pooja Articles,Mohali,2025-01-14,218,28.4,53,Clear,overcast clouds,2.86,Makar Sankranti
P004,Pooja Articles,Mohali,2025-01-14,218,28.4,53,Clear,overcast clouds,2.86,Pongal
P004,Pooja Articles,Malout,2025-01-14,123,33.88,43,Clouds,light rain,6.86,Hazarat Ali's Birthday
P004,Pooja Articles,Bathinda,2025-01-14,145,36.39,68,Clouds,light rain,1.77,Hazarat Ali's Birthday
P003,Moisturizer ,Patiala,2025-01-14,50,25.24,51,Rain,moderate rain,6.8,Pongal
P004,Pooja Articles,Bathinda,2025-01-14,145,36.39,68,Clouds,light rain,1.77,Pongal
P003,Moisturizer ,Patiala,2025-01-14,50,25.24,51,Rain,moderate rain,6.8,Hazarat Ali's Birthday
P003,Moisturizer ,Patiala,2025-01-14,50,25.24,51,Rain,moderate rain,6.8,Makar Sankranti
P004,Pooja Articles,Rajpura,2025-01-14,166,21.7,84,Clear,light rain,5.53,Makar Sankranti
P003,Moisturizer ,Rajpura,2025-01-14,50,21.7,84,Clear,light rain,5.53,Hazarat Ali's Birthday
P003,Moisturizer ,Rajpura,2025-01-14,50,21.7,84,Clear,light rain,5.53,Makar Sankranti
P003,Moisturizer ,Rajpura,2025-01-14,50,21.7,84,Clear,light rain,5.53,Pongal
P004,Pooja Articles,Bathinda,2025-01-14,145,36.39,68,Clouds,light rain,1.77,Makar Sankranti
P004,Pooja Articles,Rajpura,2025-01-14,166,21.7,84,Clear,light rain,5.53,Hazarat Ali's Birthday
P005,Gift Hamper,Bathinda,2025-01-14,189,36.39,68,Clouds,light rain,1.77,Makar Sankranti
P004,Pooja Articles,Patiala,2025-01-14,127,25.24,51,Rain,moderate rain,6.8,Makar Sankranti
P005,Gift Hamper,Patiala,2025-01-14,209,25.24,51,Rain,moderate rain,6.8,Hazarat Ali's Birthday
P005,Gift Hamper,Patiala,2025-01-14,209,25.24,51,Rain,moderate rain,6.8,Makar Sankranti
P005,Gift Hamper,Patiala,2025-01-14,209,25.24,51,Rain,moderate rain,6.8,Pongal
P005,Gift Hamper,Rajpura,2025-01-14,208,21.7,84,Clear,light rain,5.53,Hazarat Ali's Birthday
P005,Gift Hamper,Rajpura,2025-01-14,208,21.7,84,Clear,light rain,5.53,Makar Sankranti
P005,Gift Hamper,Rajpura,2025-01-14,208,21.7,84,Clear,light rain,5.53,Pongal
P005,Gift Hamper,Mohali,2025-01-14,241,28.4,53,Clear,overcast clouds,2.86,Hazarat Ali's Birthday
P004,Pooja Articles,Patiala,2025-01-14,127,25.24,51,Rain,moderate rain,6.8,Pongal
P005,Gift Hamper,Mohali,2025-01-14,241,28.4,53,Clear,overcast clouds,2.86,Makar Sankranti
P005,Gift Hamper,Malout,2025-01-14,257,33.88,43,Clouds,light rain,6.86,Hazarat Ali's Birthday
P005,Gift Hamper,Malout,2025-01-14,257,33.88,43,Clouds,light rain,6.86,Makar Sankranti
P005,Gift Hamper,Malout,2025-01-14,257,33.88,43,Clouds,light rain,6.86,Pongal
P005,Gift Hamper,Bathinda,2025-01-14,189,36.39,68,Clouds,light rain,1.77,Hazarat Ali's Birthday
P003,Moisturizer ,Mohali,2025-01-14,26,28.4,53,Clear,overcast clouds,2.86,Hazarat Ali's Birthday
P005,Gift Hamper,Bathinda,2025-01-14,189,36.39,68,Clouds,light rain,1.77,Pongal
P004,Pooja Articles,Patiala,2025-01-14,127,25.24,51,Rain,moderate rain,6.8,Hazarat Ali's Birthday
P005,Gift Hamper,Mohali,2025-01-14,241,28.4,53,Clear,overcast clouds,2.86,Pongal
P003,Moisturizer ,Mohali,2025-01-14,26,28.4,53,Clear,overcast clouds,2.86,Makar Sankranti
P004,Pooja Articles,Malout,2025-01-14,123,33.88,43,Clouds,light rain,6.86,Makar Sankranti
P003,Moisturizer ,Malout,2025-01-14,86,33.88,43,Clouds,light rain,6.86,Hazarat Ali's Birthday
P001,Soft Drink ,Patiala,2025-01-14,190,25.24,51,Rain,moderate rain,6.8,Hazarat Ali's Birthday
P001,Soft Drink ,Patiala,2025-01-14,190,25.24,51,Rain,moderate rain,6.8,Makar Sankranti
P001,Soft Drink ,Patiala,2025-01-14,190,25.24,51,Rain,moderate rain,6.8,Pongal
P001,Soft Drink ,Rajpura,2025-01-14,171,21.7,84,Clear,light rain,5.53,Hazarat Ali's Birthday
P001,Soft Drink ,Rajpura,2025-01-14,171,21.7,84,Clear,light rain,5.53,Makar Sankranti
P001,Soft Drink ,Rajpura,2025-01-14,171,21.7,84,Clear,light rain,5.53,Pongal
P001,Soft Drink ,Mohali,2025-01-14,181,28.4,53,Clear,overcast clouds,2.86,Hazarat Ali's Birthday
P001,Soft Drink ,Mohali,2025-01-14,181,28.4,53,Clear,overcast clouds,2.86,Makar Sankranti
P001,Soft Drink ,Mohali,2025-01-14,181,28.4,53,Clear,overcast clouds,2.86,Pongal
P001,Soft Drink ,Malout,2025-01-14,193,33.88,43,Clouds,light rain,6.86,Hazarat Ali's Birthday
P001,Soft Drink ,Malout,2025-01-14,193,33.88,43,Clouds,light rain,6.86,Makar Sankranti
P001,Soft Drink ,Malout,2025-01-14,193,33.88,43,Clouds,light rain,6.86,Pongal
P001,Soft Drink ,Bathinda,2025-01-14,168,36.39,68,Clouds,light rain,1.77,Makar Sankranti
P001,Soft Drink ,Bathinda,2025-01-14,168,36.39,68,Clouds,light rain,1.77,Pongal
P003,Moisturizer ,Mohali,2025-01-14,26,28.4,53,Clear,overcast clouds,2.86,Pongal
P002,Sweets ,Bathinda,2025-01-14,109,36.39,68,Clouds,light rain,1.77,Pongal
P002,Sweets ,Bathinda,2025-01-14,109,36.39,68,Clouds,light rain,1.77,Makar Sankranti
P001,Soft Drink ,Bathinda,2025-01-14,168,36.39,68,Clouds,light rain,1.77,Hazarat Ali's Birthday
P002,Sweets ,Malout,2025-01-14,131,33.88,43,Clouds,light rain,6.86,Pongal
P003,Moisturizer ,Malout,2025-01-14,86,33.88,43,Clouds,light rain,6.86,Makar Sankranti
P003,Moisturizer ,Malout,2025-01-14,86,33.88,43,Clouds,light rain,6.86,Pongal
P003,Moisturizer ,Bathinda,2025-01-14,74,36.39,68,Clouds,light rain,1.77,Hazarat Ali's Birthday
P003,Moisturizer ,Bathinda,2025-01-14,74,36.39,68,Clouds,light rain,1.77,Makar Sankranti
P003,Moisturizer ,Bathinda,2025-01-14,74,36.39,68,Clouds,light rain,1.77,Pongal
P002,Sweets ,Patiala,2025-01-14,84,25.24,51,Rain,moderate rain,6.8,Hazarat Ali's Birthday
P002,Sweets ,Patiala,2025-01-14,84,25.24,51,Rain,moderate rain,6.8,Pongal
P002,Sweets ,Patiala,2025-01-14,84,25.24,51,Rain,moderate rain,6.8,Makar Sankranti
P002,Sweets ,Rajpura,2025-01-14,125,21.7,84,Clear,light rain,5.53,Makar Sankranti
P002,Sweets ,Rajpura,2025-01-14,125,21.7,84,Clear,light rain,5.53,Pongal
P002,Sweets ,Mohali,2025-01-14,118,28.4,53,Clear,overcast clouds,2.86,Hazarat Ali's Birthday
P002,Sweets ,Mohali,2025-01-14,118,28.4,53,Clear,overcast clouds,2.86,Makar Sankranti
P002,Sweets ,Mohali,2025-01-14,118,28.4,53,Clear,overcast clouds,2.86,Pongal
P002,Sweets ,Malout,2025-01-14,131,33.88,43,Clouds,light rain,6.86,Hazarat Ali's Birthday
P002,Sweets ,Malout,2025-01-14,131,33.88,43,Clouds,light rain,6.86,Makar Sankranti
P002,Sweets ,Rajpura,2025-01-14,125,21.7,84,Clear,light rain,5.53,Hazarat Ali's Birthday
P002,Sweets ,Bathinda,2025-01-14,109,36.39,68,Clouds,light rain,1.77,Hazarat Ali's Birthday
P004,Pooja Articles,Rajpura,2025-01-15,168,38.17,90,Clouds,light rain,8.53,None
P004,Pooja Articles,Bathinda,2025-01-15,164,24.28,89,Clear,moderate rain,4.34,None
P004,Pooja Articles,Malout,2025-01-15,101,24.7,60,Rain,scattered clouds,3.02,None
P004,Pooja Articles,Mohali,2025-01-15,184,32.76,72,Clouds,light rain,6.37,None
P005,Gift Hamper,Patiala,2025-01-15,267,39.81,64,Clouds,moderate rain,2.91,None
P005,Gift Hamper,Bathinda,2025-01-15,244,24.28,89,Clear,moderate rain,4.34,None
P005,Gift Hamper,Malout,2025-01-15,241,24.7,60,Rain,scattered clouds,3.02,None
P005,Gift Hamper,Mohali,2025-01-15,218,32.76,72,Clouds,light rain,6.37,None
P005,Gift Hamper,Rajpura,2025-01-15,188,38.17,90,Clouds,light rain,8.53,None
P003,Moisturizer ,Patiala,2025-01-15,29,39.81,64,Clouds,moderate rain,2.91,None
P004,Pooja Articles,Patiala,2025-01-15,178,39.81,64,Clouds,moderate rain,2.91,None
P003,Moisturizer ,Rajpura,2025-01-15,55,38.17,90,Clouds,light rain,8.53,None
P002,Sweets ,Bathinda,2025-01-15,125,24.28,89,Clear,moderate rain,4.34,None
P003,Moisturizer ,Malout,2025-01-15,87,24.7,60,Rain,scattered clouds,3.02,None
P001,Soft Drink ,Bathinda,2025-01-15,195,24.28,89,Clear,moderate rain,4.34,None
P001,Soft Drink ,Malout,2025-01-15,149,24.7,60,Rain,scattered clouds,3.02,None
P003,Moisturizer ,Mohali,2025-01-15,55,32.76,72,Clouds,light rain,6.37,None
P001,Soft Drink ,Rajpura,2025-01-15,208,38.17,90,Clouds,light rain,8.53,None
P001,Soft Drink ,Patiala,2025-01-15,196,39.81,64,Clouds,moderate rain,2.91,None
P001,Soft Drink ,Mohali,2025-01-15,226,32.76,72,Clouds,light rain,6.37,None
P002,Sweets ,Mohali,2025-01-15,115,32.76,72,Clouds,light rain,6.37,None
P002,Sweets ,Rajpura,2025-01-15,104,38.17,90,Clouds,light rain,8.53,None
P002,Sweets ,Patiala,2025-01-15,139,39.81,64,Clouds,moderate rain,2.91,None
P003,Moisturizer ,Bathinda,2025-01-15,73,24.28,89,Clear,moderate rain,4.34,None
P002,Sweets ,Malout,2025-01-15,115,24.7,60,Rain,scattered clouds,3.02,None
P004,Pooja Articles,Mohali,2025-01-16,159,20.7,59,Clear,moderate rain,4.05,None
P003,Moisturizer ,Patiala,2025-01-16,38,38.63,74,Clouds,moderate rain,6.71,None
P004,Pooja Articles,Bathinda,2025-01-16,146,33.36,83,Clear,overcast clouds,1.03,None
P004,Pooja Articles,Malout,2025-01-16,113,26.8,45,Rain,light rain,4.88,None
P004,Pooja Articles,Patiala,2025-01-16,152,38.63,74,Clouds,moderate rain,6.71,None
P003,Moisturizer ,Rajpura,2025-01-16,58,29.69,81,Clear,clear sky,1.47,None
P005,Gift Hamper,Malout,2025-01-16,244,26.8,45,Rain,light rain,4.88,None
P005,Gift Hamper,Mohali,2025-01-16,219,20.7,59,Clear,moderate rain,4.05,None
P005,Gift Hamper,Rajpura,2025-01-16,216,29.69,81,Clear,clear sky,1.47,None
P005,Gift Hamper,Patiala,2025-01-16,182,38.63,74,Clouds,moderate rain,6.71,None
P005,Gift Hamper,Bathinda,2025-01-16,210,33.36,83,Clear,overcast clouds,1.03,None
P003,Moisturizer ,Mohali,2025-01-16,0,20.7,59,Clear,moderate rain,4.05,None
P004,Pooja Articles,Rajpura,2025-01-16,149,29.69,81,Clear,clear sky,1.47,None
P003,Moisturizer ,Bathinda,2025-01-16,68,33.36,83,Clear,overcast clouds,1.03,None
P001,Soft Drink ,Bathinda,2025-01-16,186,33.36,83,Clear,overcast clouds,1.03,None
P001,Soft Drink ,Malout,2025-01-16,212,26.8,45,Rain,light rain,4.88,None
P001,Soft Drink ,Mohali,2025-01-16,189,20.7,59,Clear,moderate rain,4.05,None
P001,Soft Drink ,Rajpura,2025-01-16,172,29.69,81,Clear,clear sky,1.47,None
P001,Soft Drink ,Patiala,2025-01-16,162,38.63,74,Clouds,moderate rain,6.71,None
P003,Moisturizer ,Malout,2025-01-16,21,26.8,45,Rain,light rain,4.88,None
P002,Sweets ,Malout,2025-01-16,180,26.8,45,Rain,light rain,4.88,None
P002,Sweets ,Mohali,2025-01-16,123,20.7,59,Clear,moderate rain,4.05,None
P002,Sweets ,Rajpura,2025-01-16,136,29.69,81,Clear,clear sky,1.47,None
P002,Sweets ,Patiala,2025-01-16,116,38.63,74,Clouds,moderate rain,6.71,None
P002,Sweets ,Bathinda,2025-01-16,138,33.36,83,Clear,overcast clouds,1.03,None
P004,Pooja Articles,Bathinda,2025-01-17,147,36.59,40,Clouds,moderate rain,5.83,None
P004,Pooja Articles,Malout,2025-01-17,148,29.11,43,Clouds,light rain,7.23,None
P004,Pooja Articles,Mohali,2025-01-17,152,28.78,45,Clouds,moderate rain,3.0,None
P004,Pooja Articles,Rajpura,2025-01-17,173,28.89,81,Clouds,clear sky,4.77,None
P004,Pooja Articles,Patiala,2025-01-17,152,26.79,45,Clouds,clear sky,4.29,None
P005,Gift Hamper,Mohali,2025-01-17,251,28.78,45,Clouds,moderate rain,3.0,None
P005,Gift Hamper,Malout,2025-01-17,232,29.11,43,Clouds,light rain,7.23,None
P003,Moisturizer ,Patiala,2025-01-17,55,26.79,45,Clouds,clear sky,4.29,None
P005,Gift Hamper,Rajpura,2025-01-17,229,28.89,81,Clouds,clear sky,4.77,None
P005,Gift Hamper,Patiala,2025-01-17,213,26.79,45,Clouds,clear sky,4.29,None
P005,Gift Hamper,Bathinda,2025-01-17,193,36.59,40,Clouds,moderate rain,5.83,None
P003,Moisturizer ,Rajpura,2025-01-17,40,28.89,81,Clouds,clear sky,4.77,None
P003,Moisturizer ,Mohali,2025-01-17,72,28.78,45,Clouds,moderate rain,3.0,None
P003,Moisturizer ,Malout,2025-01-17,74,29.11,43,Clouds,light rain,7.23,None
P001,Soft Drink ,Bathinda,2025-01-17,120,36.59,40,Clouds,moderate rain,5.83,None
P001,Soft Drink ,Malout,2025-01-17,185,29.11,43,Clouds,light rain,7.23,None
P001,Soft Drink ,Mohali,2025-01-17,190,28.78,45,Clouds,moderate rain,3.0,None
P001,Soft Drink ,Rajpura,2025-01-17,179,28.89,81,Clouds,clear sky,4.77,None
P002,Sweets ,Bathinda,2025-01-17,153,36.59,40,Clouds,moderate rain,5.83,None
P001,Soft Drink ,Patiala,2025-01-17,151,26.79,45,Clouds,clear sky,4.29,None
P002,Sweets ,Mohali,2025-01-17,136,28.78,45,Clouds,moderate rain,3.0,None
P002,Sweets ,Rajpura,2025-01-17,128,28.89,81,Clouds,clear sky,4.77,None
P002,Sweets ,Patiala,2025-01-17,71,26.79,45,Clouds,clear sky,4.29,None
P003,Moisturizer ,Bathinda,2025-01-17,30,36.59,40,Clouds,moderate rain,5.83,None
P002,Sweets ,Malout,2025-01-17,111,29.11,43,Clouds,light rain,7.23,None
P004,Pooja Articles,Patiala,2025-01-18,151,28.74,66,Clear,moderate rain,9.63,None
P004,Pooja Articles,Malout,2025-01-18,177,39.05,86,Clouds,moderate rain,1.58,None
P004,Pooja Articles,Mohali,2025-01-18,182,35.69,69,Clouds,moderate rain,9.37,None
P004,Pooja Articles,Rajpura,2025-01-18,166,26.46,42,Clear,moderate rain,2.9,None
P005,Gift Hamper,Bathinda,2025-01-18,224,23.07,86,Clouds,clear sky,2.17,None
P004,Pooja Articles,Bathinda,2025-01-18,185,23.07,86,Clouds,clear sky,2.17,None
P005,Gift Hamper,Mohali,2025-01-18,198,35.69,69,Clouds,moderate rain,9.37,None
P005,Gift Hamper,Rajpura,2025-01-18,185,26.46,42,Clear,moderate rain,2.9,None
P005,Gift Hamper,Patiala,2025-01-18,248,28.74,66,Clear,moderate rain,9.63,None
P003,Moisturizer ,Patiala,2025-01-18,33,28.74,66,Clear,moderate rain,9.63,None
P005,Gift Hamper,Malout,2025-01-18,260,39.05,86,Clouds,moderate rain,1.58,None
P003,Moisturizer ,Rajpura,2025-01-18,56,26.46,42,Clear,moderate rain,2.9,None
P001,Soft Drink ,Rajpura,2025-01-18,156,26.46,42,Clear,moderate rain,2.9,None
P003,Moisturizer ,Malout,2025-01-18,53,39.05,86,Clouds,moderate rain,1.58,None
P001,Soft Drink ,Bathinda,2025-01-18,167,23.07,86,Clouds,clear sky,2.17,None
P003,Moisturizer ,Mohali,2025-01-18,59,35.69,69,Clouds,moderate rain,9.37,None
P001,Soft Drink ,Mohali,2025-01-18,174,35.69,69,Clouds,moderate rain,9.37,None
P001,Soft Drink ,Patiala,2025-01-18,154,28.74,66,Clear,moderate rain,9.63,None
P002,Sweets ,Bathinda,2025-01-18,133,23.07,86,Clouds,clear sky,2.17,None
P001,Soft Drink ,Malout,2025-01-18,150,39.05,86,Clouds,moderate rain,1.58,None
P002,Sweets ,Mohali,2025-01-18,132,35.69,69,Clouds,moderate rain,9.37,None
P002,Sweets ,Malout,2025-01-18,115,39.05,86,Clouds,moderate rain,1.58,None
P002,Sweets ,Patiala,2025-01-18,105,28.74,66,Clear,moderate rain,9.63,None
P003,Moisturizer ,Bathinda,2025-01-18,76,23.07,86,Clouds,clear sky,2.17,None
P002,Sweets ,Rajpura,2025-01-18,102,26.46,42,Clear,moderate rain,2.9,None
P005,Gift Hamper,Patiala,2025-01-19,192,25.71,57,Rain,scattered clouds,1.64,None
P005,Gift Hamper,Rajpura,2025-01-19,215,29.28,64,Clear,moderate rain,3.74,None
P005,Gift Hamper,Mohali,2025-01-19,208,25.35,85,Clouds,scattered clouds,9.52,None
P005,Gift Hamper,Malout,2025-01-19,239,25.65,77,Clouds,moderate rain,3.69,None
P005,Gift Hamper,Bathinda,2025-01-19,233,39.94,87,Rain,moderate rain,4.61,None
P004,Pooja Articles,Patiala,2025-01-19,192,25.71,57,Rain,scattered clouds,1.64,None
P004,Pooja Articles,Rajpura,2025-01-19,94,29.28,64,Clear,moderate rain,3.74,None
P004,Pooja Articles,Mohali,2025-01-19,134,25.35,85,Clouds,scattered clouds,9.52,None
P004,Pooja Articles,Malout,2025-01-19,123,25.65,77,Clouds,moderate rain,3.69,None
P004,Pooja Articles,Bathinda,2025-01-19,149,39.94,87,Rain,moderate rain,4.61,None
P003,Moisturizer ,Patiala,2025-01-19,73,25.71,57,Rain,scattered clouds,1.64,None
P003,Moisturizer ,Rajpura,2025-01-19,33,29.28,64,Clear,moderate rain,3.74,None
P001,Soft Drink ,Rajpura,2025-01-19,195,29.28,64,Clear,moderate rain,3.74,None
P003,Moisturizer ,Malout,2025-01-19,23,25.65,77,Clouds,moderate rain,3.69,None
P003,Moisturizer ,Mohali,2025-01-19,61,25.35,85,Clouds,scattered clouds,9.52,None
P001,Soft Drink ,Bathinda,2025-01-19,158,39.94,87,Rain,moderate rain,4.61,None
P001,Soft Drink ,Malout,2025-01-19,189,25.65,77,Clouds,moderate rain,3.69,None
P001,Soft Drink ,Patiala,2025-01-19,152,25.71,57,Rain,scattered clouds,1.64,None
P002,Sweets ,Bathinda,2025-01-19,106,39.94,87,Rain,moderate rain,4.61,None
P001,Soft Drink ,Mohali,2025-01-19,152,25.35,85,Clouds,scattered clouds,9.52,None
P002,Sweets ,Mohali,2025-01-19,93,25.35,85,Clouds,scattered clouds,9.52,None
P002,Sweets ,Rajpura,2025-01-19,124,29.28,64,Clear,moderate rain,3.74,None
P002,Sweets ,Patiala,2025-01-19,113,25.71,57,Rain,scattered clouds,1.64,None
P003,Moisturizer ,Bathinda,2025-01-19,64,39.94,87,Rain,moderate rain,4.61,None
P002,Sweets ,Malout,2025-01-19,129,25.65,77,Clouds,moderate rain,3.69,None
P004,Pooja Articles,Mohali,2025-01-20,207,20.15,72,Clear,scattered clouds,8.62,None
P003,Moisturizer ,Patiala,2025-01-20,41,24.73,78,Clouds,scattered clouds,8.71,None
P004,Pooja Articles,Bathinda,2025-01-20,174,39.61,58,Clouds,scattered clouds,5.15,None
P004,Pooja Articles,Malout,2025-01-20,161,35.35,50,Rain,scattered clouds,9.62,None
P004,Pooja Articles,Rajpura,2025-01-20,154,32.29,59,Clouds,scattered clouds,4.42,None
P003,Moisturizer ,Rajpura,2025-01-20,56,32.29,59,Clouds,scattered clouds,4.42,None
P005,Gift Hamper,Bathinda,2025-01-20,220,39.61,58,Clouds,scattered clouds,5.15,None
P005,Gift Hamper,Malout,2025-01-20,266,35.35,50,Rain,scattered clouds,9.62,None
P005,Gift Hamper,Mohali,2025-01-20,190,20.15,72,Clear,scattered clouds,8.62,None
P005,Gift Hamper,Rajpura,2025-01-20,247,32.29,59,Clouds,scattered clouds,4.42,None
P004,Pooja Articles,Patiala,2025-01-20,174,24.73,78,Clouds,scattered clouds,8.71,None
P003,Moisturizer ,Mohali,2025-01-20,31,20.15,72,Clear,scattered clouds,8.62,None
P005,Gift Hamper,Patiala,2025-01-20,228,24.73,78,Clouds,scattered clouds,8.71,None
P003,Moisturizer ,Bathinda,2025-01-20,105,39.61,58,Clouds,scattered clouds,5.15,None
P003,Moisturizer ,Malout,2025-01-20,53,35.35,50,Rain,scattered clouds,9.62,None
P001,Soft Drink ,Bathinda,2025-01-20,172,39.61,58,Clouds,scattered clouds,5.15,None
P001,Soft Drink ,Malout,2025-01-20,176,35.35,50,Rain,scattered clouds,9.62,None
P001,Soft Drink ,Rajpura,2025-01-20,143,32.29,59,Clouds,scattered clouds,4.42,None
P001,Soft Drink ,Patiala,2025-01-20,167,24.73,78,Clouds,scattered clouds,8.71,None
P001,Soft Drink ,Mohali,2025-01-20,136,20.15,72,Clear,scattered clouds,8.62,None
P002,Sweets ,Malout,2025-01-20,154,35.35,50,Rain,scattered clouds,9.62,None
P002,Sweets ,Mohali,2025-01-20,144,20.15,72,Clear,scattered clouds,8.62,None
P002,Sweets ,Rajpura,2025-01-20,92,32.29,59,Clouds,scattered clouds,4.42,None
P002,Sweets ,Patiala,2025-01-20,152,24.73,78,Clouds,scattered clouds,8.71,None
P002,Sweets ,Bathinda,2025-01-20,119,39.61,58,Clouds,scattered clouds,5.15,None
P004,Pooja Articles,Rajpura,2025-01-21,178,24.78,61,Rain,overcast clouds,3.61,None
P004,Pooja Articles,Bathinda,2025-01-21,127,23.89,45,Clear,light rain,1.46,None
P004,Pooja Articles,Malout,2025-01-21,95,39.7,62,Clouds,clear sky,5.7,None
P004,Pooja Articles,Mohali,2025-01-21,174,24.85,81,Rain,overcast clouds,6.41,None
P004,Pooja Articles,Patiala,2025-01-21,197,20.97,63,Clear,light rain,2.09,None
P005,Gift Hamper,Patiala,2025-01-21,223,20.97,63,Clear,light rain,2.09,None
P003,Moisturizer ,Patiala,2025-01-21,98,20.97,63,Clear,light rain,2.09,None
P005,Gift Hamper,Malout,2025-01-21,216,39.7,62,Clouds,clear sky,5.7,None
P005,Gift Hamper,Mohali,2025-01-21,280,24.85,81,Rain,overcast clouds,6.41,None
P005,Gift Hamper,Rajpura,2025-01-21,266,24.78,61,Rain,overcast clouds,3.61,None
P005,Gift Hamper,Bathinda,2025-01-21,244,23.89,45,Clear,light rain,1.46,None
P003,Moisturizer ,Rajpura,2025-01-21,50,24.78,61,Rain,overcast clouds,3.61,None
P001,Soft Drink ,Rajpura,2025-01-21,181,24.78,61,Rain,overcast clouds,3.61,None
P003,Moisturizer ,Malout,2025-01-21,99,39.7,62,Clouds,clear sky,5.7,None
P001,Soft Drink ,Bathinda,2025-01-21,168,23.89,45,Clear,light rain,1.46,None
P001,Soft Drink ,Malout,2025-01-21,156,39.7,62,Clouds,clear sky,5.7,None
P001,Soft Drink ,Mohali,2025-01-21,194,24.85,81,Rain,overcast clouds,6.41,None
P001,Soft Drink ,Patiala,2025-01-21,149,20.97,63,Clear,light rain,2.09,None
P002,Sweets ,Bathinda,2025-01-21,138,23.89,45,Clear,light rain,1.46,None
P003,Moisturizer ,Mohali,2025-01-21,31,24.85,81,Rain,overcast clouds,6.41,None
P002,Sweets ,Mohali,2025-01-21,118,24.85,81,Rain,overcast clouds,6.41,None
P002,Sweets ,Rajpura,2025-01-21,121,24.78,61,Rain,overcast clouds,3.61,None
P002,Sweets ,Patiala,2025-01-21,107,20.97,63,Clear,light rain,2.09,None
P003,Moisturizer ,Bathinda,2025-01-21,59,23.89,45,Clear,light rain,1.46,None
P002,Sweets ,Malout,2025-01-21,127,39.7,62,Clouds,clear sky,5.7,None
P005,Gift Hamper,Patiala,2025-01-22,226,33.67,52,Clouds,moderate rain,1.1,None
P005,Gift Hamper,Rajpura,2025-01-22,252,35.75,85,Clouds,light rain,1.9,None
P005,Gift Hamper,Mohali,2025-01-22,254,32.88,40,Rain,scattered clouds,5.3,None
P005,Gift Hamper,Malout,2025-01-22,203,32.5,49,Clouds,overcast clouds,2.73,None
P005,Gift Hamper,Bathinda,2025-01-22,233,35.46,63,Clear,clear sky,7.95,None
P004,Pooja Articles,Patiala,2025-01-22,152,33.67,52,Clouds,moderate rain,1.1,None
P004,Pooja Articles,Rajpura,2025-01-22,152,35.75,85,Clouds,light rain,1.9,None
P004,Pooja Articles,Mohali,2025-01-22,200,32.88,40,Rain,scattered clouds,5.3,None
P004,Pooja Articles,Malout,2025-01-22,130,32.5,49,Clouds,overcast clouds,2.73,None
P003,Moisturizer ,Patiala,2025-01-22,53,33.67,52,Clouds,moderate rain,1.1,None
P003,Moisturizer ,Rajpura,2025-01-22,62,35.75,85,Clouds,light rain,1.9,None
P004,Pooja Articles,Bathinda,2025-01-22,174,35.46,63,Clear,clear sky,7.95,None
P003,Moisturizer ,Mohali,2025-01-22,87,32.88,40,Rain,scattered clouds,5.3,None
P003,Moisturizer ,Malout,2025-01-22,7,32.5,49,Clouds,overcast clouds,2.73,None
P001,Soft Drink ,Bathinda,2025-01-22,133,35.46,63,Clear,clear sky,7.95,None
P001,Soft Drink ,Malout,2025-01-22,149,32.5,49,Clouds,overcast clouds,2.73,None
P001,Soft Drink ,Mohali,2025-01-22,200,32.88,40,Rain,scattered clouds,5.3,None
P001,Soft Drink ,Patiala,2025-01-22,164,33.67,52,Clouds,moderate rain,1.1,None
P001,Soft Drink ,Rajpura,2025-01-22,174,35.75,85,Clouds,light rain,1.9,None
P002,Sweets ,Malout,2025-01-22,143,32.5,49,Clouds,overcast clouds,2.73,None
P002,Sweets ,Mohali,2025-01-22,95,32.88,40,Rain,scattered clouds,5.3,None
P002,Sweets ,Rajpura,2025-01-22,199,35.75,85,Clouds,light rain,1.9,None
P002,Sweets ,Patiala,2025-01-22,119,33.67,52,Clouds,moderate rain,1.1,None
P003,Moisturizer ,Bathinda,2025-01-22,55,35.46,63,Clear,clear sky,7.95,None
P002,Sweets ,Bathinda,2025-01-22,76,35.46,63,Clear,clear sky,7.95,None
P004,Pooja Articles,Mohali,2025-01-23,171,37.25,82,Clear,moderate rain,3.85,None
P003,Moisturizer ,Patiala,2025-01-23,64,30.02,76,Clouds,scattered clouds,2.94,None
P004,Pooja Articles,Bathinda,2025-01-23,138,24.37,41,Clouds,clear sky,3.66,None
P004,Pooja Articles,Malout,2025-01-23,153,20.25,69,Clear,overcast clouds,7.97,None
P004,Pooja Articles,Rajpura,2025-01-23,162,38.34,65,Rain,scattered clouds,9.76,None
P003,Moisturizer ,Rajpura,2025-01-23,62,38.34,65,Rain,scattered clouds,9.76,None
P005,Gift Hamper,Bathinda,2025-01-23,291,24.37,41,Clouds,clear sky,3.66,None
P005,Gift Hamper,Malout,2025-01-23,234,20.25,69,Clear,overcast clouds,7.97,None
P005,Gift Hamper,Mohali,2025-01-23,180,37.25,82,Clear,moderate rain,3.85,None
P005,Gift Hamper,Rajpura,2025-01-23,207,38.34,65,Rain,scattered clouds,9.76,None
P004,Pooja Articles,Patiala,2025-01-23,139,30.02,76,Clouds,scattered clouds,2.94,None
P005,Gift Hamper,Patiala,2025-01-23,256,30.02,76,Clouds,scattered clouds,2.94,None
P003,Moisturizer ,Mohali,2025-01-23,62,37.25,82,Clear,moderate rain,3.85,None
P003,Moisturizer ,Bathinda,2025-01-23,11,24.37,41,Clouds,clear sky,3.66,None
P001,Soft Drink ,Bathinda,2025-01-23,209,24.37,41,Clouds,clear sky,3.66,None
P001,Soft Drink ,Malout,2025-01-23,210,20.25,69,Clear,overcast clouds,7.97,None
P001,Soft Drink ,Mohali,2025-01-23,166,37.25,82,Clear,moderate rain,3.85,None
P001,Soft Drink ,Rajpura,2025-01-23,173,38.34,65,Rain,scattered clouds,9.76,None
P001,Soft Drink ,Patiala,2025-01-23,186,30.02,76,Clouds,scattered clouds,2.94,None
P003,Moisturizer ,Malout,2025-01-23,105,20.25,69,Clear,overcast clouds,7.97,None
P002,Sweets ,Malout,2025-01-23,117,20.25,69,Clear,overcast clouds,7.97,None
P002,Sweets ,Mohali,2025-01-23,117,37.25,82,Clear,moderate rain,3.85,None
P002,Sweets ,Rajpura,2025-01-23,103,38.34,65,Rain,scattered clouds,9.76,None
P002,Sweets ,Patiala,2025-01-23,118,30.02,76,Clouds,scattered clouds,2.94,None
P002,Sweets ,Bathinda,2025-01-23,86,24.37,41,Clouds,clear sky,3.66,None
P003,Moisturizer ,Patiala,2025-01-24,59,24.47,69,Rain,scattered clouds,7.41,None
P004,Pooja Articles,Bathinda,2025-01-24,136,34.92,84,Clouds,scattered clouds,1.46,None
P004,Pooja Articles,Malout,2025-01-24,183,31.86,67,Clear,overcast clouds,9.5,None
P004,Pooja Articles,Mohali,2025-01-24,163,31.45,48,Clouds,moderate rain,2.63,None
P004,Pooja Articles,Rajpura,2025-01-24,155,26.81,78,Clouds,moderate rain,3.23,None
P005,Gift Hamper,Bathinda,2025-01-24,206,34.92,84,Clouds,scattered clouds,1.46,None
P005,Gift Hamper,Malout,2025-01-24,195,31.86,67,Clear,overcast clouds,9.5,None
P005,Gift Hamper,Mohali,2025-01-24,187,31.45,48,Clouds,moderate rain,2.63,None
P005,Gift Hamper,Rajpura,2025-01-24,220,26.81,78,Clouds,moderate rain,3.23,None
P003,Moisturizer ,Rajpura,2025-01-24,94,26.81,78,Clouds,moderate rain,3.23,None
P004,Pooja Articles,Patiala,2025-01-24,171,24.47,69,Rain,scattered clouds,7.41,None
P005,Gift Hamper,Patiala,2025-01-24,270,24.47,69,Rain,scattered clouds,7.41,None
P003,Moisturizer ,Mohali,2025-01-24,27,31.45,48,Clouds,moderate rain,2.63,None
P003,Moisturizer ,Bathinda,2025-01-24,77,34.92,84,Clouds,scattered clouds,1.46,None
P003,Moisturizer ,Malout,2025-01-24,81,31.86,67,Clear,overcast clouds,9.5,None
P001,Soft Drink ,Bathinda,2025-01-24,219,34.92,84,Clouds,scattered clouds,1.46,None
P001,Soft Drink ,Malout,2025-01-24,128,31.86,67,Clear,overcast clouds,9.5,None
P001,Soft Drink ,Rajpura,2025-01-24,201,26.81,78,Clouds,moderate rain,3.23,None
P001,Soft Drink ,Patiala,2025-01-24,212,24.47,69,Rain,scattered clouds,7.41,None
P001,Soft Drink ,Mohali,2025-01-24,124,31.45,48,Clouds,moderate rain,2.63,None
P002,Sweets ,Malout,2025-01-24,157,31.86,67,Clear,overcast clouds,9.5,None
P002,Sweets ,Mohali,2025-01-24,123,31.45,48,Clouds,moderate rain,2.63,None
P002,Sweets ,Rajpura,2025-01-24,131,26.81,78,Clouds,moderate rain,3.23,None
P002,Sweets ,Patiala,2025-01-24,154,24.47,69,Rain,scattered clouds,7.41,None
P002,Sweets ,Bathinda,2025-01-24,138,34.92,84,Clouds,scattered clouds,1.46,None
P004,Pooja Articles,Mohali,2025-01-25,139,34.09,90,Clear,light rain,5.81,None
P003,Moisturizer ,Patiala,2025-01-25,53,20.17,85,Rain,moderate rain,1.86,None
P004,Pooja Articles,Bathinda,2025-01-25,176,33.62,73,Rain,overcast clouds,1.41,None
P004,Pooja Articles,Malout,2025-01-25,154,26.86,73,Clouds,scattered clouds,5.01,None
P004,Pooja Articles,Rajpura,2025-01-25,157,33.41,76,Clouds,light rain,6.47,None
P003,Moisturizer ,Rajpura,2025-01-25,63,33.41,76,Clouds,light rain,6.47,None
P005,Gift Hamper,Bathinda,2025-01-25,222,33.62,73,Rain,overcast clouds,1.41,None
P005,Gift Hamper,Malout,2025-01-25,247,26.86,73,Clouds,scattered clouds,5.01,None
P005,Gift Hamper,Mohali,2025-01-25,210,34.09,90,Clear,light rain,5.81,None
P005,Gift Hamper,Rajpura,2025-01-25,209,33.41,76,Clouds,light rain,6.47,None
P004,Pooja Articles,Patiala,2025-01-25,209,20.17,85,Rain,moderate rain,1.86,None
P005,Gift Hamper,Patiala,2025-01-25,207,20.17,85,Rain,moderate rain,1.86,None
P003,Moisturizer ,Mohali,2025-01-25,71,34.09,90,Clear,light rain,5.81,None
P003,Moisturizer ,Bathinda,2025-01-25,56,33.62,73,Rain,overcast clouds,1.41,None
P001,Soft Drink ,Bathinda,2025-01-25,163,33.62,73,Rain,overcast clouds,1.41,None
P001,Soft Drink ,Malout,2025-01-25,171,26.86,73,Clouds,scattered clouds,5.01,None
P001,Soft Drink ,Mohali,2025-01-25,167,34.09,90,Clear,light rain,5.81,None
P001,Soft Drink ,Rajpura,2025-01-25,168,33.41,76,Clouds,light rain,6.47,None
P001,Soft Drink ,Patiala,2025-01-25,176,20.17,85,Rain,moderate rain,1.86,None
P003,Moisturizer ,Malout,2025-01-25,51,26.86,73,Clouds,scattered clouds,5.01,None
P002,Sweets ,Malout,2025-01-25,117,26.86,73,Clouds,scattered clouds,5.01,None
P002,Sweets ,Mohali,2025-01-25,101,34.09,90,Clear,light rain,5.81,None
P002,Sweets ,Rajpura,2025-01-25,112,33.41,76,Clouds,light rain,6.47,None
P002,Sweets ,Patiala,2025-01-25,130,20.17,85,Rain,moderate rain,1.86,None
P002,Sweets ,Bathinda,2025-01-25,137,33.62,73,Rain,overcast clouds,1.41,None
P004,Pooja Articles,Bathinda,2025-01-26,146,28.89,83,Clear,overcast clouds,4.86,Republic Day
P004,Pooja Articles,Malout,2025-01-26,152,35.89,75,Clouds,moderate rain,6.93,Republic Day
P004,Pooja Articles,Mohali,2025-01-26,96,28.87,80,Rain,light rain,8.06,Republic Day
P004,Pooja Articles,Rajpura,2025-01-26,164,34.79,60,Rain,overcast clouds,7.55,Republic Day
P004,Pooja Articles,Patiala,2025-01-26,156,26.26,45,Clear,light rain,6.85,Republic Day
P005,Gift Hamper,Malout,2025-01-26,211,35.89,75,Clouds,moderate rain,6.93,Republic Day
P005,Gift Hamper,Mohali,2025-01-26,216,28.87,80,Rain,light rain,8.06,Republic Day
P005,Gift Hamper,Rajpura,2025-01-26,202,34.79,60,Rain,overcast clouds,7.55,Republic Day
P005,Gift Hamper,Patiala,2025-01-26,205,26.26,45,Clear,light rain,6.85,Republic Day
P003,Moisturizer ,Patiala,2025-01-26,58,26.26,45,Clear,light rain,6.85,Republic Day
P005,Gift Hamper,Bathinda,2025-01-26,253,28.89,83,Clear,overcast clouds,4.86,Republic Day
P003,Moisturizer ,Rajpura,2025-01-26,67,34.79,60,Rain,overcast clouds,7.55,Republic Day
P003,Moisturizer ,Mohali,2025-01-26,127,28.87,80,Rain,light rain,8.06,Republic Day
P003,Moisturizer ,Malout,2025-01-26,73,35.89,75,Clouds,moderate rain,6.93,Republic Day
P001,Soft Drink ,Malout,2025-01-26,212,35.89,75,Clouds,moderate rain,6.93,Republic Day
P001,Soft Drink ,Mohali,2025-01-26,167,28.87,80,Rain,light rain,8.06,Republic Day
P001,Soft Drink ,Rajpura,2025-01-26,184,34.79,60,Rain,overcast clouds,7.55,Republic Day
P001,Soft Drink ,Patiala,2025-01-26,216,26.26,45,Clear,light rain,6.85,Republic Day
P002,Sweets ,Bathinda,2025-01-26,161,28.89,83,Clear,overcast clouds,4.86,Republic Day
P001,Soft Drink ,Bathinda,2025-01-26,141,28.89,83,Clear,overcast clouds,4.86,Republic Day
P002,Sweets ,Mohali,2025-01-26,97,28.87,80,Rain,light rain,8.06,Republic Day
P002,Sweets ,Rajpura,2025-01-26,132,34.79,60,Rain,overcast clouds,7.55,Republic Day
P002,Sweets ,Patiala,2025-01-26,116,26.26,45,Clear,light rain,6.85,Republic Day
P003,Moisturizer ,Bathinda,2025-01-26,6,28.89,83,Clear,overcast clouds,4.86,Republic Day
P002,Sweets ,Malout,2025-01-26,92,35.89,75,Clouds,moderate rain,6.93,Republic Day
P004,Pooja Articles,Bathinda,2025-01-27,169,33.69,51,Clouds,clear sky,9.52,None
P004,Pooja Articles,Malout,2025-01-27,140,24.01,60,Rain,moderate rain,6.29,None
P004,Pooja Articles,Mohali,2025-01-27,136,34.55,63,Rain,clear sky,4.68,None
P004,Pooja Articles,Rajpura,2025-01-27,170,30.07,56,Clear,clear sky,5.02,None
P004,Pooja Articles,Patiala,2025-01-27,171,31.92,61,Clouds,overcast clouds,4.75,None
P005,Gift Hamper,Malout,2025-01-27,199,24.01,60,Rain,moderate rain,6.29,None
P005,Gift Hamper,Mohali,2025-01-27,249,34.55,63,Rain,clear sky,4.68,None
P005,Gift Hamper,Rajpura,2025-01-27,195,30.07,56,Clear,clear sky,5.02,None
P005,Gift Hamper,Patiala,2025-01-27,186,31.92,61,Clouds,overcast clouds,4.75,None
P003,Moisturizer ,Patiala,2025-01-27,18,31.92,61,Clouds,overcast clouds,4.75,None
P005,Gift Hamper,Bathinda,2025-01-27,215,33.69,51,Clouds,clear sky,9.52,None
P003,Moisturizer ,Rajpura,2025-01-27,80,30.07,56,Clear,clear sky,5.02,None
P003,Moisturizer ,Mohali,2025-01-27,74,34.55,63,Rain,clear sky,4.68,None
P003,Moisturizer ,Malout,2025-01-27,60,24.01,60,Rain,moderate rain,6.29,None
P001,Soft Drink ,Malout,2025-01-27,203,24.01,60,Rain,moderate rain,6.29,None
P001,Soft Drink ,Mohali,2025-01-27,222,34.55,63,Rain,clear sky,4.68,None
P001,Soft Drink ,Rajpura,2025-01-27,190,30.07,56,Clear,clear sky,5.02,None
P001,Soft Drink ,Patiala,2025-01-27,161,31.92,61,Clouds,overcast clouds,4.75,None
P002,Sweets ,Bathinda,2025-01-27,151,33.69,51,Clouds,clear sky,9.52,None
P001,Soft Drink ,Bathinda,2025-01-27,201,33.69,51,Clouds,clear sky,9.52,None
P002,Sweets ,Mohali,2025-01-27,108,34.55,63,Rain,clear sky,4.68,None
P002,Sweets ,Rajpura,2025-01-27,137,30.07,56,Clear,clear sky,5.02,None
P002,Sweets ,Patiala,2025-01-27,136,31.92,61,Clouds,overcast clouds,4.75,None
P003,Moisturizer ,Bathinda,2025-01-27,53,33.69,51,Clouds,clear sky,9.52,None
P002,Sweets ,Malout,2025-01-27,108,24.01,60,Rain,moderate rain,6.29,None
P004,Pooja Articles,Bathinda,2025-01-28,156,25.65,51,Rain,light rain,6.56,None
P004,Pooja Articles,Malout,2025-01-28,132,38.57,70,Clouds,scattered clouds,1.99,None
P004,Pooja Articles,Mohali,2025-01-28,150,30.17,47,Clouds,moderate rain,5.71,None
P004,Pooja Articles,Rajpura,2025-01-28,157,39.64,53,Clouds,moderate rain,1.59,None
P004,Pooja Articles,Patiala,2025-01-28,114,31.08,69,Clear,light rain,2.83,None
P005,Gift Hamper,Malout,2025-01-28,213,38.57,70,Clouds,scattered clouds,1.99,None
P005,Gift Hamper,Mohali,2025-01-28,180,30.17,47,Clouds,moderate rain,5.71,None
P005,Gift Hamper,Rajpura,2025-01-28,197,39.64,53,Clouds,moderate rain,1.59,None
P005,Gift Hamper,Patiala,2025-01-28,197,31.08,69,Clear,light rain,2.83,None
P003,Moisturizer ,Patiala,2025-01-28,63,31.08,69,Clear,light rain,2.83,None
P005,Gift Hamper,Bathinda,2025-01-28,157,25.65,51,Rain,light rain,6.56,None
P003,Moisturizer ,Rajpura,2025-01-28,75,39.64,53,Clouds,moderate rain,1.59,None
P003,Moisturizer ,Mohali,2025-01-28,48,30.17,47,Clouds,moderate rain,5.71,None
P003,Moisturizer ,Malout,2025-01-28,50,38.57,70,Clouds,scattered clouds,1.99,None
P001,Soft Drink ,Malout,2025-01-28,158,38.57,70,Clouds,scattered clouds,1.99,None
P001,Soft Drink ,Mohali,2025-01-28,188,30.17,47,Clouds,moderate rain,5.71,None
P001,Soft Drink ,Rajpura,2025-01-28,171,39.64,53,Clouds,moderate rain,1.59,None
P001,Soft Drink ,Patiala,2025-01-28,175,31.08,69,Clear,light rain,2.83,None
P002,Sweets ,Bathinda,2025-01-28,105,25.65,51,Rain,light rain,6.56,None
P001,Soft Drink ,Bathinda,2025-01-28,151,25.65,51,Rain,light rain,6.56,None
P002,Sweets ,Mohali,2025-01-28,78,30.17,47,Clouds,moderate rain,5.71,None
P002,Sweets ,Rajpura,2025-01-28,120,39.64,53,Clouds,moderate rain,1.59,None
P002,Sweets ,Patiala,2025-01-28,139,31.08,69,Clear,light rain,2.83,None
P003,Moisturizer ,Bathinda,2025-01-28,0,25.65,51,Rain,light rain,6.56,None
P002,Sweets ,Malout,2025-01-28,159,38.57,70,Clouds,scattered clouds,1.99,None
P003,Moisturizer ,Patiala,2025-01-29,65,30.71,42,Rain,light rain,8.78,Lunar New Year
P004,Pooja Articles,Bathinda,2025-01-29,164,24.59,76,Clear,moderate rain,7.76,Lunar New Year
P004,Pooja Articles,Malout,2025-01-29,140,24.68,73,Rain,clear sky,9.74,Lunar New Year
P004,Pooja Articles,Mohali,2025-01-29,109,30.51,71,Rain,moderate rain,6.55,Lunar New Year
P004,Pooja Articles,Rajpura,2025-01-29,138,33.6,63,Rain,overcast clouds,6.34,Lunar New Year
P005,Gift Hamper,Bathinda,2025-01-29,229,24.59,76,Clear,moderate rain,7.76,Lunar New Year
P005,Gift Hamper,Malout,2025-01-29,224,24.68,73,Rain,clear sky,9.74,Lunar New Year
P005,Gift Hamper,Mohali,2025-01-29,219,30.51,71,Rain,moderate rain,6.55,Lunar New Year
P005,Gift Hamper,Rajpura,2025-01-29,200,33.6,63,Rain,overcast clouds,6.34,Lunar New Year
P003,Moisturizer ,Rajpura,2025-01-29,66,33.6,63,Rain,overcast clouds,6.34,Lunar New Year
P004,Pooja Articles,Patiala,2025-01-29,178,30.71,42,Rain,light rain,8.78,Lunar New Year
P003,Moisturizer ,Mohali,2025-01-29,93,30.51,71,Rain,moderate rain,6.55,Lunar New Year
P005,Gift Hamper,Patiala,2025-01-29,261,30.71,42,Rain,light rain,8.78,Lunar New Year
P003,Moisturizer ,Bathinda,2025-01-29,79,24.59,76,Clear,moderate rain,7.76,Lunar New Year
P001,Soft Drink ,Bathinda,2025-01-29,209,24.59,76,Clear,moderate rain,7.76,Lunar New Year
P001,Soft Drink ,Malout,2025-01-29,175,24.68,73,Rain,clear sky,9.74,Lunar New Year
P001,Soft Drink ,Mohali,2025-01-29,151,30.51,71,Rain,moderate rain,6.55,Lunar New Year
P001,Soft Drink ,Rajpura,2025-01-29,179,33.6,63,Rain,overcast clouds,6.34,Lunar New Year
P001,Soft Drink ,Patiala,2025-01-29,167,30.71,42,Rain,light rain,8.78,Lunar New Year
P003,Moisturizer ,Malout,2025-01-29,45,24.68,73,Rain,clear sky,9.74,Lunar New Year
P002,Sweets ,Malout,2025-01-29,101,24.68,73,Rain,clear sky,9.74,Lunar New Year
P002,Sweets ,Mohali,2025-01-29,88,30.51,71,Rain,moderate rain,6.55,Lunar New Year
P002,Sweets ,Rajpura,2025-01-29,138,33.6,63,Rain,overcast clouds,6.34,Lunar New Year
P002,Sweets ,Patiala,2025-01-29,137,30.71,42,Rain,light rain,8.78,Lunar New Year
P002,Sweets ,Bathinda,2025-01-29,183,24.59,76,Clear,moderate rain,7.76,Lunar New Year
P004,Pooja Articles,Bathinda,2025-01-30,158,38.8,48,Rain,clear sky,1.47,None
P004,Pooja Articles,Malout,2025-01-30,173,36.81,62,Rain,scattered clouds,3.66,None
P004,Pooja Articles,Mohali,2025-01-30,119,21.89,83,Clouds,scattered clouds,8.82,None
P004,Pooja Articles,Rajpura,2025-01-30,161,22.57,76,Clear,clear sky,7.89,None
P004,Pooja Articles,Patiala,2025-01-30,178,34.87,74,Rain,moderate rain,4.27,None
P005,Gift Hamper,Malout,2025-01-30,228,36.81,62,Rain,scattered clouds,3.66,None
P005,Gift Hamper,Mohali,2025-01-30,222,21.89,83,Clouds,scattered clouds,8.82,None
P005,Gift Hamper,Rajpura,2025-01-30,220,22.57,76,Clear,clear sky,7.89,None
P005,Gift Hamper,Patiala,2025-01-30,228,34.87,74,Rain,moderate rain,4.27,None
P003,Moisturizer ,Patiala,2025-01-30,20,34.87,74,Rain,moderate rain,4.27,None
P005,Gift Hamper,Bathinda,2025-01-30,201,38.8,48,Rain,clear sky,1.47,None
P003,Moisturizer ,Rajpura,2025-01-30,101,22.57,76,Clear,clear sky,7.89,None
P003,Moisturizer ,Mohali,2025-01-30,25,21.89,83,Clouds,scattered clouds,8.82,None
P003,Moisturizer ,Malout,2025-01-30,91,36.81,62,Rain,scattered clouds,3.66,None
P001,Soft Drink ,Malout,2025-01-30,212,36.81,62,Rain,scattered clouds,3.66,None
P001,Soft Drink ,Mohali,2025-01-30,158,21.89,83,Clouds,scattered clouds,8.82,None
P001,Soft Drink ,Rajpura,2025-01-30,158,22.57,76,Clear,clear sky,7.89,None
P001,Soft Drink ,Patiala,2025-01-30,189,34.87,74,Rain,moderate rain,4.27,None
P002,Sweets ,Bathinda,2025-01-30,122,38.8,48,Rain,clear sky,1.47,None
P001,Soft Drink ,Bathinda,2025-01-30,160,38.8,48,Rain,clear sky,1.47,None
P002,Sweets ,Mohali,2025-01-30,98,21.89,83,Clouds,scattered clouds,8.82,None
P002,Sweets ,Rajpura,2025-01-30,87,22.57,76,Clear,clear sky,7.89,None
P002,Sweets ,Patiala,2025-01-30,172,34.87,74,Rain,moderate rain,4.27,None
P003,Moisturizer ,Bathinda,2025-01-30,29,38.8,48,Rain,clear sky,1.47,None
P002,Sweets ,Malout,2025-01-30,107,36.81,62,Rain,scattered clouds,3.66,None
P003,Moisturizer ,Patiala,2025-01-31,81,33.19,69,Clouds,clear sky,2.43,None
P004,Pooja Articles,Bathinda,2025-01-31,105,32.15,48,Rain,scattered clouds,5.67,None
P004,Pooja Articles,Malout,2025-01-31,132,35.48,76,Clear,clear sky,6.39,None
P004,Pooja Articles,Mohali,2025-01-31,80,30.85,48,Clouds,light rain,6.52,None
P004,Pooja Articles,Rajpura,2025-01-31,145,28.08,64,Rain,light rain,7.45,None
P005,Gift Hamper,Bathinda,2025-01-31,218,32.15,48,Rain,scattered clouds,5.67,None
P005,Gift Hamper,Malout,2025-01-31,246,35.48,76,Clear,clear sky,6.39,None
P005,Gift Hamper,Mohali,2025-01-31,254,30.85,48,Clouds,light rain,6.52,None
P005,Gift Hamper,Rajpura,2025-01-31,182,28.08,64,Rain,light rain,7.45,None
P003,Moisturizer ,Rajpura,2025-01-31,54,28.08,64,Rain,light rain,7.45,None
P004,Pooja Articles,Patiala,2025-01-31,128,33.19,69,Clouds,clear sky,2.43,None
P003,Moisturizer ,Mohali,2025-01-31,28,30.85,48,Clouds,light rain,6.52,None
P005,Gift Hamper,Patiala,2025-01-31,216,33.19,69,Clouds,clear sky,2.43,None
P003,Moisturizer ,Bathinda,2025-01-31,53,32.15,48,Rain,scattered clouds,5.67,None
P001,Soft Drink ,Bathinda,2025-01-31,186,32.15,48,Rain,scattered clouds,5.67,None
P001,Soft Drink ,Malout,2025-01-31,178,35.48,76,Clear,clear sky,6.39,None
P001,Soft Drink ,Mohali,2025-01-31,158,30.85,48,Clouds,light rain,6.52,None
P001,Soft Drink ,Rajpura,2025-01-31,197,28.08,64,Rain,light rain,7.45,None
P001,Soft Drink ,Patiala,2025-01-31,162,33.19,69,Clouds,clear sky,2.43,None
P003,Moisturizer ,Malout,2025-01-31,27,35.48,76,Clear,clear sky,6.39,None
P002,Sweets ,Malout,2025-01-31,110,35.48,76,Clear,clear sky,6.39,None
P002,Sweets ,Mohali,2025-01-31,127,30.85,48,Clouds,light rain,6.52,None
P002,Sweets ,Rajpura,2025-01-31,110,28.08,64,Rain,light rain,7.45,None
P002,Sweets ,Patiala,2025-01-31,140,33.19,69,Clouds,clear sky,2.43,None
P002,Sweets ,Bathinda,2025-01-31,138,32.15,48,Rain,scattered clouds,5.67,None
P003,Moisturizer ,Patiala,2025-02-01,105,37.52,49,Clear,scattered clouds,6.05,None
P004,Pooja Articles,Bathinda,2025-02-01,170,39.09,67,Clear,moderate rain,1.72,None
P004,Pooja Articles,Malout,2025-02-01,168,23.17,64,Clear,moderate rain,9.96,None
P004,Pooja Articles,Mohali,2025-02-01,155,35.73,66,Clouds,light rain,7.03,None
P004,Pooja Articles,Rajpura,2025-02-01,176,26.27,71,Clouds,light rain,2.39,None
P005,Gift Hamper,Bathinda,2025-02-01,241,39.09,67,Clear,moderate rain,1.72,None
P005,Gift Hamper,Malout,2025-02-01,207,23.17,64,Clear,moderate rain,9.96,None
P005,Gift Hamper,Mohali,2025-02-01,240,35.73,66,Clouds,light rain,7.03,None
P005,Gift Hamper,Rajpura,2025-02-01,247,26.27,71,Clouds,light rain,2.39,None
P003,Moisturizer ,Rajpura,2025-02-01,101,26.27,71,Clouds,light rain,2.39,None
P004,Pooja Articles,Patiala,2025-02-01,196,37.52,49,Clear,scattered clouds,6.05,None
P003,Moisturizer ,Mohali,2025-02-01,73,35.73,66,Clouds,light rain,7.03,None
P005,Gift Hamper,Patiala,2025-02-01,244,37.52,49,Clear,scattered clouds,6.05,None
P003,Moisturizer ,Bathinda,2025-02-01,84,39.09,67,Clear,moderate rain,1.72,None
P001,Soft Drink ,Bathinda,2025-02-01,147,39.09,67,Clear,moderate rain,1.72,None
P001,Soft Drink ,Malout,2025-02-01,172,23.17,64,Clear,moderate rain,9.96,None
P001,Soft Drink ,Mohali,2025-02-01,196,35.73,66,Clouds,light rain,7.03,None
P001,Soft Drink ,Rajpura,2025-02-01,163,26.27,71,Clouds,light rain,2.39,None
P001,Soft Drink ,Patiala,2025-02-01,172,37.52,49,Clear,scattered clouds,6.05,None
P003,Moisturizer ,Malout,2025-02-01,79,23.17,64,Clear,moderate rain,9.96,None
P002,Sweets ,Malout,2025-02-01,149,23.17,64,Clear,moderate rain,9.96,None
P002,Sweets ,Mohali,2025-02-01,127,35.73,66,Clouds,light rain,7.03,None
P002,Sweets ,Rajpura,2025-02-01,36,26.27,71,Clouds,light rain,2.39,None
P002,Sweets ,Patiala,2025-02-01,147,37.52,49,Clear,scattered clouds,6.05,None
P002,Sweets ,Bathinda,2025-02-01,127,39.09,67,Clear,moderate rain,1.72,None
P003,Moisturizer ,Patiala,2025-02-02,67,27.03,85,Rain,scattered clouds,7.04,Vasant Panchami
P004,Pooja Articles,Bathinda,2025-02-02,170,24.52,47,Clouds,clear sky,7.51,Vasant Panchami
P004,Pooja Articles,Malout,2025-02-02,163,34.08,84,Clear,clear sky,5.02,Vasant Panchami
P004,Pooja Articles,Mohali,2025-02-02,128,25.45,44,Rain,light rain,9.76,Vasant Panchami
P004,Pooja Articles,Rajpura,2025-02-02,175,33.28,66,Rain,scattered clouds,2.68,Vasant Panchami
P005,Gift Hamper,Bathinda,2025-02-02,248,24.52,47,Clouds,clear sky,7.51,Vasant Panchami
P005,Gift Hamper,Malout,2025-02-02,214,34.08,84,Clear,clear sky,5.02,Vasant Panchami
P005,Gift Hamper,Mohali,2025-02-02,197,25.45,44,Rain,light rain,9.76,Vasant Panchami
P005,Gift Hamper,Rajpura,2025-02-02,233,33.28,66,Rain,scattered clouds,2.68,Vasant Panchami
P003,Moisturizer ,Rajpura,2025-02-02,60,33.28,66,Rain,scattered clouds,2.68,Vasant Panchami
P004,Pooja Articles,Patiala,2025-02-02,139,27.03,85,Rain,scattered clouds,7.04,Vasant Panchami
P005,Gift Hamper,Patiala,2025-02-02,218,27.03,85,Rain,scattered clouds,7.04,Vasant Panchami
P003,Moisturizer ,Mohali,2025-02-02,49,25.45,44,Rain,light rain,9.76,Vasant Panchami
P003,Moisturizer ,Bathinda,2025-02-02,46,24.52,47,Clouds,clear sky,7.51,Vasant Panchami
P003,Moisturizer ,Malout,2025-02-02,78,34.08,84,Clear,clear sky,5.02,Vasant Panchami
P001,Soft Drink ,Bathinda,2025-02-02,189,24.52,47,Clouds,clear sky,7.51,Vasant Panchami
P001,Soft Drink ,Malout,2025-02-02,173,34.08,84,Clear,clear sky,5.02,Vasant Panchami
P001,Soft Drink ,Rajpura,2025-02-02,195,33.28,66,Rain,scattered clouds,2.68,Vasant Panchami
P001,Soft Drink ,Patiala,2025-02-02,183,27.03,85,Rain,scattered clouds,7.04,Vasant Panchami
P001,Soft Drink ,Mohali,2025-02-02,127,25.45,44,Rain,light rain,9.76,Vasant Panchami
P002,Sweets ,Malout,2025-02-02,133,34.08,84,Clear,clear sky,5.02,Vasant Panchami
P002,Sweets ,Mohali,2025-02-02,108,25.45,44,Rain,light rain,9.76,Vasant Panchami
P002,Sweets ,Rajpura,2025-02-02,101,33.28,66,Rain,scattered clouds,2.68,Vasant Panchami
P002,Sweets ,Patiala,2025-02-02,139,27.03,85,Rain,scattered clouds,7.04,Vasant Panchami
P002,Sweets ,Bathinda,2025-02-02,106,24.52,47,Clouds,clear sky,7.51,Vasant Panchami
P004,Pooja Articles,Rajpura,2025-02-03,187,36.4,77,Clouds,moderate rain,1.85,None
P004,Pooja Articles,Bathinda,2025-02-03,124,35.78,73,Clear,overcast clouds,5.13,None
P004,Pooja Articles,Malout,2025-02-03,169,21.15,55,Clouds,overcast clouds,9.41,None
P004,Pooja Articles,Mohali,2025-02-03,194,35.02,74,Clouds,clear sky,4.33,None
P004,Pooja Articles,Patiala,2025-02-03,123,36.03,66,Clear,overcast clouds,4.07,None
P003,Moisturizer ,Patiala,2025-02-03,26,36.03,66,Clear,overcast clouds,4.07,None
P005,Gift Hamper,Malout,2025-02-03,161,21.15,55,Clouds,overcast clouds,9.41,None
P005,Gift Hamper,Mohali,2025-02-03,201,35.02,74,Clouds,clear sky,4.33,None
P005,Gift Hamper,Rajpura,2025-02-03,226,36.4,77,Clouds,moderate rain,1.85,None
P005,Gift Hamper,Patiala,2025-02-03,211,36.03,66,Clear,overcast clouds,4.07,None
P005,Gift Hamper,Bathinda,2025-02-03,212,35.78,73,Clear,overcast clouds,5.13,None
P003,Moisturizer ,Rajpura,2025-02-03,136,36.4,77,Clouds,moderate rain,1.85,None
P002,Sweets ,Bathinda,2025-02-03,117,35.78,73,Clear,overcast clouds,5.13,None
P003,Moisturizer ,Malout,2025-02-03,94,21.15,55,Clouds,overcast clouds,9.41,None
P001,Soft Drink ,Malout,2025-02-03,146,21.15,55,Clouds,overcast clouds,9.41,None
P001,Soft Drink ,Mohali,2025-02-03,180,35.02,74,Clouds,clear sky,4.33,None
P001,Soft Drink ,Rajpura,2025-02-03,183,36.4,77,Clouds,moderate rain,1.85,None
P001,Soft Drink ,Patiala,2025-02-03,174,36.03,66,Clear,overcast clouds,4.07,None
P003,Moisturizer ,Mohali,2025-02-03,53,35.02,74,Clouds,clear sky,4.33,None
P001,Soft Drink ,Bathinda,2025-02-03,190,35.78,73,Clear,overcast clouds,5.13,None
P002,Sweets ,Mohali,2025-02-03,134,35.02,74,Clouds,clear sky,4.33,None
P002,Sweets ,Rajpura,2025-02-03,164,36.4,77,Clouds,moderate rain,1.85,None
P002,Sweets ,Patiala,2025-02-03,113,36.03,66,Clear,overcast clouds,4.07,None
P003,Moisturizer ,Bathinda,2025-02-03,53,35.78,73,Clear,overcast clouds,5.13,None
P002,Sweets ,Malout,2025-02-03,78,21.15,55,Clouds,overcast clouds,9.41,None
P004,Pooja Articles,Bathinda,2025-02-04,132,34.07,75,Rain,light rain,6.25,None
P004,Pooja Articles,Malout,2025-02-04,100,28.52,79,Clouds,moderate rain,1.37,None
P004,Pooja Articles,Mohali,2025-02-04,137,33.03,41,Clear,light rain,7.13,None
P004,Pooja Articles,Rajpura,2025-02-04,146,31.03,43,Clear,moderate rain,9.13,None
P004,Pooja Articles,Patiala,2025-02-04,173,20.18,82,Rain,moderate rain,8.86,None
P005,Gift Hamper,Malout,2025-02-04,259,28.52,79,Clouds,moderate rain,1.37,None
P005,Gift Hamper,Mohali,2025-02-04,231,33.03,41,Clear,light rain,7.13,None
P005,Gift Hamper,Rajpura,2025-02-04,206,31.03,43,Clear,moderate rain,9.13,None
P005,Gift Hamper,Patiala,2025-02-04,195,20.18,82,Rain,moderate rain,8.86,None
P003,Moisturizer ,Patiala,2025-02-04,54,20.18,82,Rain,moderate rain,8.86,None
P005,Gift Hamper,Bathinda,2025-02-04,168,34.07,75,Rain,light rain,6.25,None
P003,Moisturizer ,Rajpura,2025-02-04,11,31.03,43,Clear,moderate rain,9.13,None
P003,Moisturizer ,Mohali,2025-02-04,83,33.03,41,Clear,light rain,7.13,None
P003,Moisturizer ,Malout,2025-02-04,37,28.52,79,Clouds,moderate rain,1.37,None
P001,Soft Drink ,Malout,2025-02-04,194,28.52,79,Clouds,moderate rain,1.37,None
P001,Soft Drink ,Mohali,2025-02-04,167,33.03,41,Clear,light rain,7.13,None
P001,Soft Drink ,Rajpura,2025-02-04,163,31.03,43,Clear,moderate rain,9.13,None
P001,Soft Drink ,Patiala,2025-02-04,164,20.18,82,Rain,moderate rain,8.86,None
P002,Sweets ,Bathinda,2025-02-04,135,34.07,75,Rain,light rain,6.25,None
P001,Soft Drink ,Bathinda,2025-02-04,155,34.07,75,Rain,light rain,6.25,None
P002,Sweets ,Mohali,2025-02-04,154,33.03,41,Clear,light rain,7.13,None
P002,Sweets ,Rajpura,2025-02-04,179,31.03,43,Clear,moderate rain,9.13,None
P002,Sweets ,Patiala,2025-02-04,141,20.18,82,Rain,moderate rain,8.86,None
P003,Moisturizer ,Bathinda,2025-02-04,0,34.07,75,Rain,light rain,6.25,None
P002,Sweets ,Malout,2025-02-04,145,28.52,79,Clouds,moderate rain,1.37,None
P004,Pooja Articles,Bathinda,2025-02-05,132,39.71,50,Clear,scattered clouds,3.0,None
P004,Pooja Articles,Malout,2025-02-05,180,21.36,80,Clouds,clear sky,3.99,None
P004,Pooja Articles,Mohali,2025-02-05,178,34.87,81,Clear,light rain,6.61,None
P004,Pooja Articles,Rajpura,2025-02-05,119,34.22,44,Clouds,light rain,6.58,None
P004,Pooja Articles,Patiala,2025-02-05,142,36.91,80,Rain,scattered clouds,7.43,None
P005,Gift Hamper,Malout,2025-02-05,173,21.36,80,Clouds,clear sky,3.99,None
P005,Gift Hamper,Mohali,2025-02-05,231,34.87,81,Clear,light rain,6.61,None
P005,Gift Hamper,Rajpura,2025-02-05,233,34.22,44,Clouds,light rain,6.58,None
P005,Gift Hamper,Patiala,2025-02-05,221,36.91,80,Rain,scattered clouds,7.43,None
P003,Moisturizer ,Patiala,2025-02-05,60,36.91,80,Rain,scattered clouds,7.43,None
P005,Gift Hamper,Bathinda,2025-02-05,196,39.71,50,Clear,scattered clouds,3.0,None
P003,Moisturizer ,Rajpura,2025-02-05,100,34.22,44,Clouds,light rain,6.58,None
P003,Moisturizer ,Mohali,2025-02-05,70,34.87,81,Clear,light rain,6.61,None
P003,Moisturizer ,Malout,2025-02-05,40,21.36,80,Clouds,clear sky,3.99,None
P001,Soft Drink ,Malout,2025-02-05,155,21.36,80,Clouds,clear sky,3.99,None
P001,Soft Drink ,Mohali,2025-02-05,212,34.87,81,Clear,light rain,6.61,None
P001,Soft Drink ,Rajpura,2025-02-05,176,34.22,44,Clouds,light rain,6.58,None
P001,Soft Drink ,Patiala,2025-02-05,134,36.91,80,Rain,scattered clouds,7.43,None
P002,Sweets ,Bathinda,2025-02-05,114,39.71,50,Clear,scattered clouds,3.0,None
P001,Soft Drink ,Bathinda,2025-02-05,136,39.71,50,Clear,scattered clouds,3.0,None
P002,Sweets ,Mohali,2025-02-05,138,34.87,81,Clear,light rain,6.61,None
P002,Sweets ,Rajpura,2025-02-05,154,34.22,44,Clouds,light rain,6.58,None
P002,Sweets ,Patiala,2025-02-05,59,36.91,80,Rain,scattered clouds,7.43,None
P003,Moisturizer ,Bathinda,2025-02-05,64,39.71,50,Clear,scattered clouds,3.0,None
P002,Sweets ,Malout,2025-02-05,170,21.36,80,Clouds,clear sky,3.99,None
P004,Pooja Articles,Bathinda,2025-02-06,138,26.06,86,Clear,overcast clouds,9.52,None
P004,Pooja Articles,Malout,2025-02-06,143,26.37,73,Rain,overcast clouds,7.57,None
P004,Pooja Articles,Mohali,2025-02-06,141,31.27,76,Clouds,clear sky,6.86,None
P004,Pooja Articles,Rajpura,2025-02-06,120,26.53,45,Clear,moderate rain,2.81,None
P004,Pooja Articles,Patiala,2025-02-06,141,32.84,75,Clear,scattered clouds,6.6,None
P005,Gift Hamper,Malout,2025-02-06,206,26.37,73,Rain,overcast clouds,7.57,None
P005,Gift Hamper,Mohali,2025-02-06,205,31.27,76,Clouds,clear sky,6.86,None
P005,Gift Hamper,Rajpura,2025-02-06,267,26.53,45,Clear,moderate rain,2.81,None
P005,Gift Hamper,Patiala,2025-02-06,201,32.84,75,Clear,scattered clouds,6.6,None
P003,Moisturizer ,Patiala,2025-02-06,52,32.84,75,Clear,scattered clouds,6.6,None
P005,Gift Hamper,Bathinda,2025-02-06,231,26.06,86,Clear,overcast clouds,9.52,None
P003,Moisturizer ,Rajpura,2025-02-06,53,26.53,45,Clear,moderate rain,2.81,None
P003,Moisturizer ,Mohali,2025-02-06,10,31.27,76,Clouds,clear sky,6.86,None
P003,Moisturizer ,Malout,2025-02-06,61,26.37,73,Rain,overcast clouds,7.57,None
P001,Soft Drink ,Malout,2025-02-06,204,26.37,73,Rain,overcast clouds,7.57,None
P001,Soft Drink ,Mohali,2025-02-06,200,31.27,76,Clouds,clear sky,6.86,None
P001,Soft Drink ,Rajpura,2025-02-06,157,26.53,45,Clear,moderate rain,2.81,None
P001,Soft Drink ,Patiala,2025-02-06,194,32.84,75,Clear,scattered clouds,6.6,None
P002,Sweets ,Bathinda,2025-02-06,75,26.06,86,Clear,overcast clouds,9.52,None
P001,Soft Drink ,Bathinda,2025-02-06,174,26.06,86,Clear,overcast clouds,9.52,None
P002,Sweets ,Mohali,2025-02-06,174,31.27,76,Clouds,clear sky,6.86,None
P002,Sweets ,Rajpura,2025-02-06,120,26.53,45,Clear,moderate rain,2.81,None
P002,Sweets ,Patiala,2025-02-06,118,32.84,75,Clear,scattered clouds,6.6,None
P003,Moisturizer ,Bathinda,2025-02-06,72,26.06,86,Clear,overcast clouds,9.52,None
P002,Sweets ,Malout,2025-02-06,113,26.37,73,Rain,overcast clouds,7.57,None
P004,Pooja Articles,Bathinda,2025-02-07,121,37.8,58,Clouds,light rain,8.19,None
P004,Pooja Articles,Malout,2025-02-07,112,36.24,44,Clouds,light rain,6.78,None
P004,Pooja Articles,Mohali,2025-02-07,132,35.34,81,Rain,overcast clouds,6.82,None
P004,Pooja Articles,Rajpura,2025-02-07,149,21.49,50,Clear,moderate rain,4.4,None
P004,Pooja Articles,Patiala,2025-02-07,116,26.78,45,Rain,light rain,1.23,None
P005,Gift Hamper,Malout,2025-02-07,231,36.24,44,Clouds,light rain,6.78,None
P005,Gift Hamper,Mohali,2025-02-07,209,35.34,81,Rain,overcast clouds,6.82,None
P005,Gift Hamper,Rajpura,2025-02-07,178,21.49,50,Clear,moderate rain,4.4,None
P005,Gift Hamper,Patiala,2025-02-07,235,26.78,45,Rain,light rain,1.23,None
P003,Moisturizer ,Patiala,2025-02-07,58,26.78,45,Rain,light rain,1.23,None
P005,Gift Hamper,Bathinda,2025-02-07,198,37.8,58,Clouds,light rain,8.19,None
P003,Moisturizer ,Rajpura,2025-02-07,113,21.49,50,Clear,moderate rain,4.4,None
P003,Moisturizer ,Mohali,2025-02-07,43,35.34,81,Rain,overcast clouds,6.82,None
P003,Moisturizer ,Malout,2025-02-07,29,36.24,44,Clouds,light rain,6.78,None
P001,Soft Drink ,Malout,2025-02-07,152,36.24,44,Clouds,light rain,6.78,None
P001,Soft Drink ,Mohali,2025-02-07,165,35.34,81,Rain,overcast clouds,6.82,None
P001,Soft Drink ,Rajpura,2025-02-07,159,21.49,50,Clear,moderate rain,4.4,None
P001,Soft Drink ,Patiala,2025-02-07,144,26.78,45,Rain,light rain,1.23,None
P002,Sweets ,Bathinda,2025-02-07,102,37.8,58,Clouds,light rain,8.19,None
P001,Soft Drink ,Bathinda,2025-02-07,178,37.8,58,Clouds,light rain,8.19,None
P002,Sweets ,Mohali,2025-02-07,131,35.34,81,Rain,overcast clouds,6.82,None
P002,Sweets ,Rajpura,2025-02-07,118,21.49,50,Clear,moderate rain,4.4,None
P002,Sweets ,Patiala,2025-02-07,93,26.78,45,Rain,light rain,1.23,None
P003,Moisturizer ,Bathinda,2025-02-07,39,37.8,58,Clouds,light rain,8.19,None
P002,Sweets ,Malout,2025-02-07,122,36.24,44,Clouds,light rain,6.78,None
P004,Pooja Articles,Bathinda,2025-02-08,167,35.3,47,Clear,overcast clouds,9.7,None
P004,Pooja Articles,Malout,2025-02-08,116,31.05,64,Rain,light rain,8.7,None
P004,Pooja Articles,Mohali,2025-02-08,142,39.3,59,Rain,clear sky,4.95,None
P004,Pooja Articles,Rajpura,2025-02-08,124,21.29,40,Rain,clear sky,5.09,None
P004,Pooja Articles,Patiala,2025-02-08,130,25.7,41,Clear,light rain,8.14,None
P005,Gift Hamper,Malout,2025-02-08,204,31.05,64,Rain,light rain,8.7,None
P005,Gift Hamper,Mohali,2025-02-08,219,39.3,59,Rain,clear sky,4.95,None
P005,Gift Hamper,Rajpura,2025-02-08,215,21.29,40,Rain,clear sky,5.09,None
P005,Gift Hamper,Patiala,2025-02-08,214,25.7,41,Clear,light rain,8.14,None
P003,Moisturizer ,Patiala,2025-02-08,64,25.7,41,Clear,light rain,8.14,None
P005,Gift Hamper,Bathinda,2025-02-08,247,35.3,47,Clear,overcast clouds,9.7,None
P003,Moisturizer ,Rajpura,2025-02-08,11,21.29,40,Rain,clear sky,5.09,None
P003,Moisturizer ,Mohali,2025-02-08,74,39.3,59,Rain,clear sky,4.95,None
P003,Moisturizer ,Malout,2025-02-08,54,31.05,64,Rain,light rain,8.7,None
P001,Soft Drink ,Malout,2025-02-08,164,31.05,64,Rain,light rain,8.7,None
P001,Soft Drink ,Mohali,2025-02-08,197,39.3,59,Rain,clear sky,4.95,None
P001,Soft Drink ,Rajpura,2025-02-08,182,21.29,40,Rain,clear sky,5.09,None
P001,Soft Drink ,Patiala,2025-02-08,155,25.7,41,Clear,light rain,8.14,None
P002,Sweets ,Bathinda,2025-02-08,46,35.3,47,Clear,overcast clouds,9.7,None
P001,Soft Drink ,Bathinda,2025-02-08,202,35.3,47,Clear,overcast clouds,9.7,None
P002,Sweets ,Mohali,2025-02-08,118,39.3,59,Rain,clear sky,4.95,None
P002,Sweets ,Rajpura,2025-02-08,130,21.29,40,Rain,clear sky,5.09,None
P002,Sweets ,Patiala,2025-02-08,115,25.7,41,Clear,light rain,8.14,None
P003,Moisturizer ,Bathinda,2025-02-08,34,35.3,47,Clear,overcast clouds,9.7,None
P002,Sweets ,Malout,2025-02-08,124,31.05,64,Rain,light rain,8.7,None
P004,Pooja Articles,Bathinda,2025-02-09,122,27.6,90,Clouds,scattered clouds,3.58,None
P004,Pooja Articles,Malout,2025-02-09,156,39.29,72,Clear,moderate rain,3.19,None
P004,Pooja Articles,Mohali,2025-02-09,155,29.84,69,Clear,clear sky,3.98,None
P004,Pooja Articles,Rajpura,2025-02-09,155,21.47,71,Clouds,clear sky,4.22,None
P004,Pooja Articles,Patiala,2025-02-09,120,22.31,49,Clouds,overcast clouds,6.6,None
P005,Gift Hamper,Malout,2025-02-09,230,39.29,72,Clear,moderate rain,3.19,None
P005,Gift Hamper,Mohali,2025-02-09,159,29.84,69,Clear,clear sky,3.98,None
P005,Gift Hamper,Rajpura,2025-02-09,183,21.47,71,Clouds,clear sky,4.22,None
P005,Gift Hamper,Patiala,2025-02-09,227,22.31,49,Clouds,overcast clouds,6.6,None
P003,Moisturizer ,Patiala,2025-02-09,29,22.31,49,Clouds,overcast clouds,6.6,None
P005,Gift Hamper,Bathinda,2025-02-09,243,27.6,90,Clouds,scattered clouds,3.58,None
P003,Moisturizer ,Rajpura,2025-02-09,70,21.47,71,Clouds,clear sky,4.22,None
P003,Moisturizer ,Mohali,2025-02-09,61,29.84,69,Clear,clear sky,3.98,None
P003,Moisturizer ,Malout,2025-02-09,52,39.29,72,Clear,moderate rain,3.19,None
P001,Soft Drink ,Malout,2025-02-09,223,39.29,72,Clear,moderate rain,3.19,None
P001,Soft Drink ,Mohali,2025-02-09,178,29.84,69,Clear,clear sky,3.98,None
P001,Soft Drink ,Rajpura,2025-02-09,220,21.47,71,Clouds,clear sky,4.22,None
P001,Soft Drink ,Patiala,2025-02-09,179,22.31,49,Clouds,overcast clouds,6.6,None
P002,Sweets ,Bathinda,2025-02-09,150,27.6,90,Clouds,scattered clouds,3.58,None
P001,Soft Drink ,Bathinda,2025-02-09,201,27.6,90,Clouds,scattered clouds,3.58,None
P002,Sweets ,Mohali,2025-02-09,97,29.84,69,Clear,clear sky,3.98,None
P002,Sweets ,Rajpura,2025-02-09,77,21.47,71,Clouds,clear sky,4.22,None
P002,Sweets ,Patiala,2025-02-09,171,22.31,49,Clouds,overcast clouds,6.6,None
P003,Moisturizer ,Bathinda,2025-02-09,62,27.6,90,Clouds,scattered clouds,3.58,None
P002,Sweets ,Malout,2025-02-09,60,39.29,72,Clear,moderate rain,3.19,None
P004,Pooja Articles,Bathinda,2025-02-10,187,26.11,54,Rain,overcast clouds,7.44,None
P004,Pooja Articles,Malout,2025-02-10,164,31.92,70,Clear,clear sky,4.09,None
P004,Pooja Articles,Mohali,2025-02-10,146,30.39,58,Rain,overcast clouds,5.15,None
P004,Pooja Articles,Rajpura,2025-02-10,161,28.58,48,Clear,light rain,4.45,None
P004,Pooja Articles,Patiala,2025-02-10,158,39.21,78,Clouds,clear sky,3.81,None
P005,Gift Hamper,Malout,2025-02-10,263,31.92,70,Clear,clear sky,4.09,None
P005,Gift Hamper,Mohali,2025-02-10,235,30.39,58,Rain,overcast clouds,5.15,None
P005,Gift Hamper,Rajpura,2025-02-10,201,28.58,48,Clear,light rain,4.45,None
P005,Gift Hamper,Patiala,2025-02-10,178,39.21,78,Clouds,clear sky,3.81,None
P003,Moisturizer ,Patiala,2025-02-10,63,39.21,78,Clouds,clear sky,3.81,None
P005,Gift Hamper,Bathinda,2025-02-10,285,26.11,54,Rain,overcast clouds,7.44,None
P003,Moisturizer ,Rajpura,2025-02-10,83,28.58,48,Clear,light rain,4.45,None
P003,Moisturizer ,Mohali,2025-02-10,59,30.39,58,Rain,overcast clouds,5.15,None
P003,Moisturizer ,Malout,2025-02-10,19,31.92,70,Clear,clear sky,4.09,None
P001,Soft Drink ,Malout,2025-02-10,203,31.92,70,Clear,clear sky,4.09,None
P001,Soft Drink ,Mohali,2025-02-10,175,30.39,58,Rain,overcast clouds,5.15,None
P001,Soft Drink ,Rajpura,2025-02-10,193,28.58,48,Clear,light rain,4.45,None
P001,Soft Drink ,Patiala,2025-02-10,161,39.21,78,Clouds,clear sky,3.81,None
P002,Sweets ,Bathinda,2025-02-10,86,26.11,54,Rain,overcast clouds,7.44,None
P001,Soft Drink ,Bathinda,2025-02-10,122,26.11,54,Rain,overcast clouds,7.44,None
P002,Sweets ,Mohali,2025-02-10,138,30.39,58,Rain,overcast clouds,5.15,None
P002,Sweets ,Rajpura,2025-02-10,144,28.58,48,Clear,light rain,4.45,None
P002,Sweets ,Patiala,2025-02-10,138,39.21,78,Clouds,clear sky,3.81,None
P003,Moisturizer ,Bathinda,2025-02-10,73,26.11,54,Rain,overcast clouds,7.44,None
P002,Sweets ,Malout,2025-02-10,143,31.92,70,Clear,clear sky,4.09,None
P003,Moisturizer ,Patiala,2025-02-11,38,36.61,74,Clouds,moderate rain,6.44,None
P004,Pooja Articles,Bathinda,2025-02-11,143,37.38,71,Clear,overcast clouds,4.62,None
P004,Pooja Articles,Malout,2025-02-11,116,29.45,53,Clouds,moderate rain,5.22,None
P004,Pooja Articles,Mohali,2025-02-11,129,28.02,67,Rain,light rain,6.79,None
P004,Pooja Articles,Rajpura,2025-02-11,138,32.34,62,Clear,moderate rain,4.29,None
P005,Gift Hamper,Bathinda,2025-02-11,184,37.38,71,Clear,overcast clouds,4.62,None
P005,Gift Hamper,Malout,2025-02-11,246,29.45,53,Clouds,moderate rain,5.22,None
P005,Gift Hamper,Mohali,2025-02-11,199,28.02,67,Rain,light rain,6.79,None
P005,Gift Hamper,Rajpura,2025-02-11,223,32.34,62,Clear,moderate rain,4.29,None
P003,Moisturizer ,Rajpura,2025-02-11,83,32.34,62,Clear,moderate rain,4.29,None
P004,Pooja Articles,Patiala,2025-02-11,133,36.61,74,Clouds,moderate rain,6.44,None
P003,Moisturizer ,Mohali,2025-02-11,89,28.02,67,Rain,light rain,6.79,None
P005,Gift Hamper,Patiala,2025-02-11,226,36.61,74,Clouds,moderate rain,6.44,None
P003,Moisturizer ,Bathinda,2025-02-11,47,37.38,71,Clear,overcast clouds,4.62,None
P001,Soft Drink ,Bathinda,2025-02-11,161,37.38,71,Clear,overcast clouds,4.62,None
P001,Soft Drink ,Malout,2025-02-11,197,29.45,53,Clouds,moderate rain,5.22,None
P001,Soft Drink ,Mohali,2025-02-11,168,28.02,67,Rain,light rain,6.79,None
P001,Soft Drink ,Rajpura,2025-02-11,168,32.34,62,Clear,moderate rain,4.29,None
P001,Soft Drink ,Patiala,2025-02-11,130,36.61,74,Clouds,moderate rain,6.44,None
P003,Moisturizer ,Malout,2025-02-11,20,29.45,53,Clouds,moderate rain,5.22,None
P002,Sweets ,Malout,2025-02-11,131,29.45,53,Clouds,moderate rain,5.22,None
P002,Sweets ,Mohali,2025-02-11,76,28.02,67,Rain,light rain,6.79,None
P002,Sweets ,Rajpura,2025-02-11,118,32.34,62,Clear,moderate rain,4.29,None
P002,Sweets ,Patiala,2025-02-11,78,36.61,74,Clouds,moderate rain,6.44,None
P002,Sweets ,Bathinda,2025-02-11,98,37.38,71,Clear,overcast clouds,4.62,None
P004,Pooja Articles,Bathinda,2025-02-12,138,39.1,47,Clear,clear sky,8.67,Guru Ravidas Jayanti
P004,Pooja Articles,Malout,2025-02-12,124,29.14,85,Rain,scattered clouds,3.81,Guru Ravidas Jayanti
P004,Pooja Articles,Mohali,2025-02-12,141,38.32,61,Clouds,moderate rain,5.95,Guru Ravidas Jayanti
P004,Pooja Articles,Rajpura,2025-02-12,143,38.99,81,Clouds,light rain,1.78,Guru Ravidas Jayanti
P004,Pooja Articles,Patiala,2025-02-12,168,21.66,71,Clouds,scattered clouds,6.46,Guru Ravidas Jayanti
P005,Gift Hamper,Malout,2025-02-12,256,29.14,85,Rain,scattered clouds,3.81,Guru Ravidas Jayanti
P005,Gift Hamper,Mohali,2025-02-12,222,38.32,61,Clouds,moderate rain,5.95,Guru Ravidas Jayanti
P005,Gift Hamper,Rajpura,2025-02-12,230,38.99,81,Clouds,light rain,1.78,Guru Ravidas Jayanti
P005,Gift Hamper,Patiala,2025-02-12,170,21.66,71,Clouds,scattered clouds,6.46,Guru Ravidas Jayanti
P003,Moisturizer ,Patiala,2025-02-12,32,21.66,71,Clouds,scattered clouds,6.46,Guru Ravidas Jayanti
P005,Gift Hamper,Bathinda,2025-02-12,228,39.1,47,Clear,clear sky,8.67,Guru Ravidas Jayanti
P003,Moisturizer ,Rajpura,2025-02-12,67,38.99,81,Clouds,light rain,1.78,Guru Ravidas Jayanti
P003,Moisturizer ,Mohali,2025-02-12,81,38.32,61,Clouds,moderate rain,5.95,Guru Ravidas Jayanti
P003,Moisturizer ,Malout,2025-02-12,45,29.14,85,Rain,scattered clouds,3.81,Guru Ravidas Jayanti
P001,Soft Drink ,Malout,2025-02-12,167,29.14,85,Rain,scattered clouds,3.81,Guru Ravidas Jayanti
P001,Soft Drink ,Mohali,2025-02-12,129,38.32,61,Clouds,moderate rain,5.95,Guru Ravidas Jayanti
P001,Soft Drink ,Rajpura,2025-02-12,202,38.99,81,Clouds,light rain,1.78,Guru Ravidas Jayanti
P001,Soft Drink ,Patiala,2025-02-12,150,21.66,71,Clouds,scattered clouds,6.46,Guru Ravidas Jayanti
P002,Sweets ,Bathinda,2025-02-12,160,39.1,47,Clear,clear sky,8.67,Guru Ravidas Jayanti
P001,Soft Drink ,Bathinda,2025-02-12,195,39.1,47,Clear,clear sky,8.67,Guru Ravidas Jayanti
P002,Sweets ,Mohali,2025-02-12,77,38.32,61,Clouds,moderate rain,5.95,Guru Ravidas Jayanti
P002,Sweets ,Rajpura,2025-02-12,108,38.99,81,Clouds,light rain,1.78,Guru Ravidas Jayanti
P002,Sweets ,Patiala,2025-02-12,145,21.66,71,Clouds,scattered clouds,6.46,Guru Ravidas Jayanti
P003,Moisturizer ,Bathinda,2025-02-12,49,39.1,47,Clear,clear sky,8.67,Guru Ravidas Jayanti
P002,Sweets ,Malout,2025-02-12,140,29.14,85,Rain,scattered clouds,3.81,Guru Ravidas Jayanti
P004,Pooja Articles,Bathinda,2025-02-13,167,28.99,81,Clouds,overcast clouds,3.21,None
P004,Pooja Articles,Malout,2025-02-13,155,39.33,89,Clouds,overcast clouds,7.61,None
P004,Pooja Articles,Mohali,2025-02-13,138,34.01,69,Clear,overcast clouds,6.07,None
P004,Pooja Articles,Rajpura,2025-02-13,169,20.56,81,Clouds,light rain,4.92,None
P004,Pooja Articles,Patiala,2025-02-13,102,21.7,85,Rain,scattered clouds,6.28,None
P005,Gift Hamper,Malout,2025-02-13,265,39.33,89,Clouds,overcast clouds,7.61,None
P005,Gift Hamper,Mohali,2025-02-13,197,34.01,69,Clear,overcast clouds,6.07,None
P005,Gift Hamper,Rajpura,2025-02-13,223,20.56,81,Clouds,light rain,4.92,None
P005,Gift Hamper,Patiala,2025-02-13,200,21.7,85,Rain,scattered clouds,6.28,None
P003,Moisturizer ,Patiala,2025-02-13,56,21.7,85,Rain,scattered clouds,6.28,None
P005,Gift Hamper,Bathinda,2025-02-13,204,28.99,81,Clouds,overcast clouds,3.21,None
P003,Moisturizer ,Rajpura,2025-02-13,78,20.56,81,Clouds,light rain,4.92,None
P003,Moisturizer ,Mohali,2025-02-13,33,34.01,69,Clear,overcast clouds,6.07,None
P003,Moisturizer ,Malout,2025-02-13,50,39.33,89,Clouds,overcast clouds,7.61,None
P001,Soft Drink ,Malout,2025-02-13,162,39.33,89,Clouds,overcast clouds,7.61,None
P001,Soft Drink ,Mohali,2025-02-13,173,34.01,69,Clear,overcast clouds,6.07,None
P001,Soft Drink ,Rajpura,2025-02-13,144,20.56,81,Clouds,light rain,4.92,None
P001,Soft Drink ,Patiala,2025-02-13,176,21.7,85,Rain,scattered clouds,6.28,None
P002,Sweets ,Bathinda,2025-02-13,109,28.99,81,Clouds,overcast clouds,3.21,None
P001,Soft Drink ,Bathinda,2025-02-13,175,28.99,81,Clouds,overcast clouds,3.21,None
P002,Sweets ,Mohali,2025-02-13,97,34.01,69,Clear,overcast clouds,6.07,None
P002,Sweets ,Rajpura,2025-02-13,110,20.56,81,Clouds,light rain,4.92,None
P002,Sweets ,Patiala,2025-02-13,164,21.7,85,Rain,scattered clouds,6.28,None
P003,Moisturizer ,Bathinda,2025-02-13,83,28.99,81,Clouds,overcast clouds,3.21,None
P002,Sweets ,Malout,2025-02-13,117,39.33,89,Clouds,overcast clouds,7.61,None
P004,Pooja Articles,Bathinda,2025-02-14,160,25.5,42,Clear,moderate rain,5.89,Valentine's Day
P004,Pooja Articles,Malout,2025-02-14,98,30.52,43,Clouds,overcast clouds,7.46,Valentine's Day
P004,Pooja Articles,Mohali,2025-02-14,153,27.1,56,Rain,overcast clouds,5.05,Valentine's Day
P004,Pooja Articles,Rajpura,2025-02-14,94,34.42,41,Clouds,clear sky,9.64,Valentine's Day
P004,Pooja Articles,Patiala,2025-02-14,108,35.82,87,Rain,light rain,5.48,Valentine's Day
P005,Gift Hamper,Malout,2025-02-14,215,30.52,43,Clouds,overcast clouds,7.46,Valentine's Day
P005,Gift Hamper,Mohali,2025-02-14,198,27.1,56,Rain,overcast clouds,5.05,Valentine's Day
P005,Gift Hamper,Rajpura,2025-02-14,230,34.42,41,Clouds,clear sky,9.64,Valentine's Day
P005,Gift Hamper,Patiala,2025-02-14,248,35.82,87,Rain,light rain,5.48,Valentine's Day
P003,Moisturizer ,Patiala,2025-02-14,60,35.82,87,Rain,light rain,5.48,Valentine's Day
P005,Gift Hamper,Bathinda,2025-02-14,203,25.5,42,Clear,moderate rain,5.89,Valentine's Day
P003,Moisturizer ,Rajpura,2025-02-14,77,34.42,41,Clouds,clear sky,9.64,Valentine's Day
P003,Moisturizer ,Mohali,2025-02-14,41,27.1,56,Rain,overcast clouds,5.05,Valentine's Day
P003,Moisturizer ,Malout,2025-02-14,13,30.52,43,Clouds,overcast clouds,7.46,Valentine's Day
P001,Soft Drink ,Malout,2025-02-14,195,30.52,43,Clouds,overcast clouds,7.46,Valentine's Day
P001,Soft Drink ,Mohali,2025-02-14,187,27.1,56,Rain,overcast clouds,5.05,Valentine's Day
P001,Soft Drink ,Rajpura,2025-02-14,189,34.42,41,Clouds,clear sky,9.64,Valentine's Day
P001,Soft Drink ,Patiala,2025-02-14,177,35.82,87,Rain,light rain,5.48,Valentine's Day
P002,Sweets ,Bathinda,2025-02-14,91,25.5,42,Clear,moderate rain,5.89,Valentine's Day
P001,Soft Drink ,Bathinda,2025-02-14,179,25.5,42,Clear,moderate rain,5.89,Valentine's Day
P002,Sweets ,Mohali,2025-02-14,90,27.1,56,Rain,overcast clouds,5.05,Valentine's Day
P002,Sweets ,Rajpura,2025-02-14,73,34.42,41,Clouds,clear sky,9.64,Valentine's Day
P002,Sweets ,Patiala,2025-02-14,117,35.82,87,Rain,light rain,5.48,Valentine's Day
P003,Moisturizer ,Bathinda,2025-02-14,68,25.5,42,Clear,moderate rain,5.89,Valentine's Day
P002,Sweets ,Malout,2025-02-14,155,30.52,43,Clouds,overcast clouds,7.46,Valentine's Day
P003,Moisturizer ,Patiala,2025-02-15,50,29.79,44,Clear,overcast clouds,6.76,None
P004,Pooja Articles,Bathinda,2025-02-15,147,34.13,73,Rain,overcast clouds,3.66,None
P004,Pooja Articles,Malout,2025-02-15,196,27.38,67,Clear,moderate rain,6.6,None
P004,Pooja Articles,Mohali,2025-02-15,159,22.13,90,Clouds,overcast clouds,3.22,None
P004,Pooja Articles,Rajpura,2025-02-15,164,31.62,78,Rain,scattered clouds,3.96,None
P005,Gift Hamper,Bathinda,2025-02-15,209,34.13,73,Rain,overcast clouds,3.66,None
P005,Gift Hamper,Malout,2025-02-15,236,27.38,67,Clear,moderate rain,6.6,None
P005,Gift Hamper,Mohali,2025-02-15,208,22.13,90,Clouds,overcast clouds,3.22,None
P005,Gift Hamper,Rajpura,2025-02-15,242,31.62,78,Rain,scattered clouds,3.96,None
P003,Moisturizer ,Rajpura,2025-02-15,63,31.62,78,Rain,scattered clouds,3.96,None
P004,Pooja Articles,Patiala,2025-02-15,133,29.79,44,Clear,overcast clouds,6.76,None
P003,Moisturizer ,Mohali,2025-02-15,88,22.13,90,Clouds,overcast clouds,3.22,None
P005,Gift Hamper,Patiala,2025-02-15,230,29.79,44,Clear,overcast clouds,6.76,None
P003,Moisturizer ,Bathinda,2025-02-15,70,34.13,73,Rain,overcast clouds,3.66,None
P001,Soft Drink ,Bathinda,2025-02-15,216,34.13,73,Rain,overcast clouds,3.66,None
P001,Soft Drink ,Malout,2025-02-15,250,27.38,67,Clear,moderate rain,6.6,None
P001,Soft Drink ,Mohali,2025-02-15,181,22.13,90,Clouds,overcast clouds,3.22,None
P001,Soft Drink ,Rajpura,2025-02-15,175,31.62,78,Rain,scattered clouds,3.96,None
P001,Soft Drink ,Patiala,2025-02-15,154,29.79,44,Clear,overcast clouds,6.76,None
P003,Moisturizer ,Malout,2025-02-15,65,27.38,67,Clear,moderate rain,6.6,None
P002,Sweets ,Malout,2025-02-15,118,27.38,67,Clear,moderate rain,6.6,None
P002,Sweets ,Mohali,2025-02-15,144,22.13,90,Clouds,overcast clouds,3.22,None
P002,Sweets ,Rajpura,2025-02-15,117,31.62,78,Rain,scattered clouds,3.96,None
P002,Sweets ,Patiala,2025-02-15,137,29.79,44,Clear,overcast clouds,6.76,None
P002,Sweets ,Bathinda,2025-02-15,106,34.13,73,Rain,overcast clouds,3.66,None
P004,Pooja Articles,Bathinda,2025-02-16,139,30.59,58,Clouds,scattered clouds,1.86,None
P004,Pooja Articles,Malout,2025-02-16,132,39.24,47,Clear,moderate rain,1.42,None
P004,Pooja Articles,Mohali,2025-02-16,154,36.84,86,Clear,light rain,8.36,None
P004,Pooja Articles,Rajpura,2025-02-16,153,30.82,78,Clear,clear sky,4.73,None
P004,Pooja Articles,Patiala,2025-02-16,164,25.97,48,Clouds,moderate rain,7.37,None
P005,Gift Hamper,Malout,2025-02-16,223,39.24,47,Clear,moderate rain,1.42,None
P005,Gift Hamper,Mohali,2025-02-16,205,36.84,86,Clear,light rain,8.36,None
P005,Gift Hamper,Rajpura,2025-02-16,181,30.82,78,Clear,clear sky,4.73,None
P005,Gift Hamper,Patiala,2025-02-16,275,25.97,48,Clouds,moderate rain,7.37,None
P003,Moisturizer ,Patiala,2025-02-16,106,25.97,48,Clouds,moderate rain,7.37,None
P005,Gift Hamper,Bathinda,2025-02-16,194,30.59,58,Clouds,scattered clouds,1.86,None
P003,Moisturizer ,Rajpura,2025-02-16,23,30.82,78,Clear,clear sky,4.73,None
P003,Moisturizer ,Mohali,2025-02-16,94,36.84,86,Clear,light rain,8.36,None
P003,Moisturizer ,Malout,2025-02-16,71,39.24,47,Clear,moderate rain,1.42,None
P001,Soft Drink ,Malout,2025-02-16,186,39.24,47,Clear,moderate rain,1.42,None
P001,Soft Drink ,Mohali,2025-02-16,160,36.84,86,Clear,light rain,8.36,None
P001,Soft Drink ,Rajpura,2025-02-16,147,30.82,78,Clear,clear sky,4.73,None
P001,Soft Drink ,Patiala,2025-02-16,206,25.97,48,Clouds,moderate rain,7.37,None
P002,Sweets ,Bathinda,2025-02-16,114,30.59,58,Clouds,scattered clouds,1.86,None
P001,Soft Drink ,Bathinda,2025-02-16,152,30.59,58,Clouds,scattered clouds,1.86,None
P002,Sweets ,Mohali,2025-02-16,118,36.84,86,Clear,light rain,8.36,None
P002,Sweets ,Rajpura,2025-02-16,169,30.82,78,Clear,clear sky,4.73,None
P002,Sweets ,Patiala,2025-02-16,104,25.97,48,Clouds,moderate rain,7.37,None
P003,Moisturizer ,Bathinda,2025-02-16,74,30.59,58,Clouds,scattered clouds,1.86,None
P002,Sweets ,Malout,2025-02-16,135,39.24,47,Clear,moderate rain,1.42,None
P003,Moisturizer ,Patiala,2025-02-17,18,24.78,88,Clouds,scattered clouds,4.16,None
P004,Pooja Articles,Bathinda,2025-02-17,152,27.75,69,Rain,light rain,8.54,None
P004,Pooja Articles,Malout,2025-02-17,148,32.86,88,Clear,clear sky,8.63,None
P004,Pooja Articles,Mohali,2025-02-17,167,37.19,86,Clouds,clear sky,2.57,None
P004,Pooja Articles,Rajpura,2025-02-17,196,26.06,59,Clouds,overcast clouds,6.65,None
P005,Gift Hamper,Bathinda,2025-02-17,217,27.75,69,Rain,light rain,8.54,None
P005,Gift Hamper,Malout,2025-02-17,242,32.86,88,Clear,clear sky,8.63,None
P005,Gift Hamper,Mohali,2025-02-17,206,37.19,86,Clouds,clear sky,2.57,None
P005,Gift Hamper,Rajpura,2025-02-17,203,26.06,59,Clouds,overcast clouds,6.65,None
P003,Moisturizer ,Rajpura,2025-02-17,45,26.06,59,Clouds,overcast clouds,6.65,None
P004,Pooja Articles,Patiala,2025-02-17,189,24.78,88,Clouds,scattered clouds,4.16,None
P003,Moisturizer ,Mohali,2025-02-17,24,37.19,86,Clouds,clear sky,2.57,None
P005,Gift Hamper,Patiala,2025-02-17,217,24.78,88,Clouds,scattered clouds,4.16,None
P003,Moisturizer ,Bathinda,2025-02-17,88,27.75,69,Rain,light rain,8.54,None
P001,Soft Drink ,Bathinda,2025-02-17,149,27.75,69,Rain,light rain,8.54,None
P001,Soft Drink ,Malout,2025-02-17,142,32.86,88,Clear,clear sky,8.63,None
P001,Soft Drink ,Mohali,2025-02-17,177,37.19,86,Clouds,clear sky,2.57,None
P001,Soft Drink ,Rajpura,2025-02-17,214,26.06,59,Clouds,overcast clouds,6.65,None
P001,Soft Drink ,Patiala,2025-02-17,156,24.78,88,Clouds,scattered clouds,4.16,None
P003,Moisturizer ,Malout,2025-02-17,91,32.86,88,Clear,clear sky,8.63,None
P002,Sweets ,Malout,2025-02-17,115,32.86,88,Clear,clear sky,8.63,None
P002,Sweets ,Mohali,2025-02-17,104,37.19,86,Clouds,clear sky,2.57,None
P002,Sweets ,Rajpura,2025-02-17,98,26.06,59,Clouds,overcast clouds,6.65,None
P002,Sweets ,Patiala,2025-02-17,37,24.78,88,Clouds,scattered clouds,4.16,None
P002,Sweets ,Bathinda,2025-02-17,158,27.75,69,Rain,light rain,8.54,None
P003,Moisturizer ,Patiala,2025-02-18,66,21.43,44,Rain,scattered clouds,6.21,None
P004,Pooja Articles,Bathinda,2025-02-18,155,29.16,66,Clear,light rain,1.5,None
P004,Pooja Articles,Malout,2025-02-18,158,26.57,41,Clouds,scattered clouds,4.37,None
P004,Pooja Articles,Mohali,2025-02-18,124,22.34,51,Clear,clear sky,8.18,None
P004,Pooja Articles,Rajpura,2025-02-18,176,35.02,73,Clouds,overcast clouds,6.27,None
P005,Gift Hamper,Bathinda,2025-02-18,228,29.16,66,Clear,light rain,1.5,None
P005,Gift Hamper,Malout,2025-02-18,218,26.57,41,Clouds,scattered clouds,4.37,None
P005,Gift Hamper,Mohali,2025-02-18,248,22.34,51,Clear,clear sky,8.18,None
P005,Gift Hamper,Rajpura,2025-02-18,222,35.02,73,Clouds,overcast clouds,6.27,None
P003,Moisturizer ,Rajpura,2025-02-18,53,35.02,73,Clouds,overcast clouds,6.27,None
P004,Pooja Articles,Patiala,2025-02-18,127,21.43,44,Rain,scattered clouds,6.21,None
P003,Moisturizer ,Mohali,2025-02-18,33,22.34,51,Clear,clear sky,8.18,None
P005,Gift Hamper,Patiala,2025-02-18,205,21.43,44,Rain,scattered clouds,6.21,None
P003,Moisturizer ,Bathinda,2025-02-18,79,29.16,66,Clear,light rain,1.5,None
P001,Soft Drink ,Bathinda,2025-02-18,157,29.16,66,Clear,light rain,1.5,None
P001,Soft Drink ,Malout,2025-02-18,168,26.57,41,Clouds,scattered clouds,4.37,None
P001,Soft Drink ,Mohali,2025-02-18,144,22.34,51,Clear,clear sky,8.18,None
P001,Soft Drink ,Rajpura,2025-02-18,191,35.02,73,Clouds,overcast clouds,6.27,None
P001,Soft Drink ,Patiala,2025-02-18,156,21.43,44,Rain,scattered clouds,6.21,None
P003,Moisturizer ,Malout,2025-02-18,73,26.57,41,Clouds,scattered clouds,4.37,None
P002,Sweets ,Malout,2025-02-18,112,26.57,41,Clouds,scattered clouds,4.37,None
P002,Sweets ,Mohali,2025-02-18,128,22.34,51,Clear,clear sky,8.18,None
P002,Sweets ,Rajpura,2025-02-18,140,35.02,73,Clouds,overcast clouds,6.27,None
P002,Sweets ,Patiala,2025-02-18,136,21.43,44,Rain,scattered clouds,6.21,None
P002,Sweets ,Bathinda,2025-02-18,103,29.16,66,Clear,light rain,1.5,None
P003,Moisturizer ,Patiala,2025-02-19,63,39.39,76,Clear,light rain,9.87,Shivaji Jayanti
P004,Pooja Articles,Bathinda,2025-02-19,118,33.82,59,Rain,clear sky,1.99,Shivaji Jayanti
P004,Pooja Articles,Malout,2025-02-19,149,20.7,69,Rain,light rain,8.01,Shivaji Jayanti
P004,Pooja Articles,Mohali,2025-02-19,120,25.31,51,Clouds,clear sky,3.98,Shivaji Jayanti
P004,Pooja Articles,Rajpura,2025-02-19,144,22.66,50,Clouds,moderate rain,9.9,Shivaji Jayanti
P005,Gift Hamper,Bathinda,2025-02-19,238,33.82,59,Rain,clear sky,1.99,Shivaji Jayanti
P005,Gift Hamper,Malout,2025-02-19,293,20.7,69,Rain,light rain,8.01,Shivaji Jayanti
P005,Gift Hamper,Mohali,2025-02-19,189,25.31,51,Clouds,clear sky,3.98,Shivaji Jayanti
P005,Gift Hamper,Rajpura,2025-02-19,231,22.66,50,Clouds,moderate rain,9.9,Shivaji Jayanti
P003,Moisturizer ,Rajpura,2025-02-19,49,22.66,50,Clouds,moderate rain,9.9,Shivaji Jayanti
P004,Pooja Articles,Patiala,2025-02-19,166,39.39,76,Clear,light rain,9.87,Shivaji Jayanti
P005,Gift Hamper,Patiala,2025-02-19,228,39.39,76,Clear,light rain,9.87,Shivaji Jayanti
P003,Moisturizer ,Mohali,2025-02-19,37,25.31,51,Clouds,clear sky,3.98,Shivaji Jayanti
P003,Moisturizer ,Bathinda,2025-02-19,51,33.82,59,Rain,clear sky,1.99,Shivaji Jayanti
P003,Moisturizer ,Malout,2025-02-19,61,20.7,69,Rain,light rain,8.01,Shivaji Jayanti
P001,Soft Drink ,Bathinda,2025-02-19,239,33.82,59,Rain,clear sky,1.99,Shivaji Jayanti
P001,Soft Drink ,Malout,2025-02-19,186,20.7,69,Rain,light rain,8.01,Shivaji Jayanti
P001,Soft Drink ,Rajpura,2025-02-19,185,22.66,50,Clouds,moderate rain,9.9,Shivaji Jayanti
P001,Soft Drink ,Patiala,2025-02-19,123,39.39,76,Clear,light rain,9.87,Shivaji Jayanti
P001,Soft Drink ,Mohali,2025-02-19,157,25.31,51,Clouds,clear sky,3.98,Shivaji Jayanti
P002,Sweets ,Malout,2025-02-19,63,20.7,69,Rain,light rain,8.01,Shivaji Jayanti
P002,Sweets ,Mohali,2025-02-19,75,25.31,51,Clouds,clear sky,3.98,Shivaji Jayanti
P002,Sweets ,Rajpura,2025-02-19,142,22.66,50,Clouds,moderate rain,9.9,Shivaji Jayanti
P002,Sweets ,Patiala,2025-02-19,132,39.39,76,Clear,light rain,9.87,Shivaji Jayanti
P002,Sweets ,Bathinda,2025-02-19,116,33.82,59,Rain,clear sky,1.99,Shivaji Jayanti
P004,Pooja Articles,Mohali,2025-02-20,148,37.32,86,Rain,scattered clouds,5.63,None
P003,Moisturizer ,Patiala,2025-02-20,85,39.23,72,Rain,light rain,9.36,None
P004,Pooja Articles,Bathinda,2025-02-20,167,20.74,65,Rain,clear sky,2.89,None
P004,Pooja Articles,Malout,2025-02-20,152,24.05,61,Clouds,light rain,3.78,None
P004,Pooja Articles,Rajpura,2025-02-20,154,29.43,74,Rain,overcast clouds,6.67,None
P003,Moisturizer ,Rajpura,2025-02-20,85,29.43,74,Rain,overcast clouds,6.67,None
P005,Gift Hamper,Bathinda,2025-02-20,191,20.74,65,Rain,clear sky,2.89,None
P005,Gift Hamper,Malout,2025-02-20,223,24.05,61,Clouds,light rain,3.78,None
P005,Gift Hamper,Mohali,2025-02-20,247,37.32,86,Rain,scattered clouds,5.63,None
P005,Gift Hamper,Rajpura,2025-02-20,214,29.43,74,Rain,overcast clouds,6.67,None
P004,Pooja Articles,Patiala,2025-02-20,171,39.23,72,Rain,light rain,9.36,None
P003,Moisturizer ,Mohali,2025-02-20,45,37.32,86,Rain,scattered clouds,5.63,None
P005,Gift Hamper,Patiala,2025-02-20,221,39.23,72,Rain,light rain,9.36,None
P003,Moisturizer ,Bathinda,2025-02-20,115,20.74,65,Rain,clear sky,2.89,None
P001,Soft Drink ,Bathinda,2025-02-20,143,20.74,65,Rain,clear sky,2.89,None
P001,Soft Drink ,Malout,2025-02-20,202,24.05,61,Clouds,light rain,3.78,None
P001,Soft Drink ,Mohali,2025-02-20,153,37.32,86,Rain,scattered clouds,5.63,None
P001,Soft Drink ,Rajpura,2025-02-20,198,29.43,74,Rain,overcast clouds,6.67,None
P001,Soft Drink ,Patiala,2025-02-20,194,39.23,72,Rain,light rain,9.36,None
P003,Moisturizer ,Malout,2025-02-20,49,24.05,61,Clouds,light rain,3.78,None
P002,Sweets ,Malout,2025-02-20,80,24.05,61,Clouds,light rain,3.78,None
P002,Sweets ,Mohali,2025-02-20,106,37.32,86,Rain,scattered clouds,5.63,None
P002,Sweets ,Rajpura,2025-02-20,152,29.43,74,Rain,overcast clouds,6.67,None
P002,Sweets ,Patiala,2025-02-20,126,39.23,72,Rain,light rain,9.36,None
P002,Sweets ,Bathinda,2025-02-20,149,20.74,65,Rain,clear sky,2.89,None
P003,Moisturizer ,Patiala,2025-02-21,23,26.64,77,Clouds,clear sky,9.98,None
P004,Pooja Articles,Malout,2025-02-21,111,24.33,52,Clear,moderate rain,2.41,None
P004,Pooja Articles,Mohali,2025-02-21,196,35.3,70,Rain,clear sky,6.88,None
P004,Pooja Articles,Rajpura,2025-02-21,166,26.51,75,Clear,overcast clouds,8.12,None
P004,Pooja Articles,Patiala,2025-02-21,110,26.64,77,Clouds,clear sky,9.98,None
P005,Gift Hamper,Malout,2025-02-21,246,24.33,52,Clear,moderate rain,2.41,None
P003,Moisturizer ,Rajpura,2025-02-21,66,26.51,75,Clear,overcast clouds,8.12,None
P005,Gift Hamper,Mohali,2025-02-21,193,35.3,70,Rain,clear sky,6.88,None
P005,Gift Hamper,Rajpura,2025-02-21,250,26.51,75,Clear,overcast clouds,8.12,None
P005,Gift Hamper,Patiala,2025-02-21,224,26.64,77,Clouds,clear sky,9.98,None
P005,Gift Hamper,Bathinda,2025-02-21,207,34.54,68,Rain,moderate rain,8.83,None
P003,Moisturizer ,Mohali,2025-02-21,67,35.3,70,Rain,clear sky,6.88,None
P004,Pooja Articles,Bathinda,2025-02-21,151,34.54,68,Rain,moderate rain,8.83,None
P003,Moisturizer ,Bathinda,2025-02-21,84,34.54,68,Rain,moderate rain,8.83,None
P003,Moisturizer ,Malout,2025-02-21,110,24.33,52,Clear,moderate rain,2.41,None
P001,Soft Drink ,Malout,2025-02-21,199,24.33,52,Clear,moderate rain,2.41,None
P001,Soft Drink ,Mohali,2025-02-21,136,35.3,70,Rain,clear sky,6.88,None
P001,Soft Drink ,Rajpura,2025-02-21,209,26.51,75,Clear,overcast clouds,8.12,None
P001,Soft Drink ,Patiala,2025-02-21,236,26.64,77,Clouds,clear sky,9.98,None
P001,Soft Drink ,Bathinda,2025-02-21,189,34.54,68,Rain,moderate rain,8.83,None
P002,Sweets ,Malout,2025-02-21,93,24.33,52,Clear,moderate rain,2.41,None
P002,Sweets ,Mohali,2025-02-21,120,35.3,70,Rain,clear sky,6.88,None
P002,Sweets ,Rajpura,2025-02-21,112,26.51,75,Clear,overcast clouds,8.12,None
P002,Sweets ,Patiala,2025-02-21,111,26.64,77,Clouds,clear sky,9.98,None
P002,Sweets ,Bathinda,2025-02-21,141,34.54,68,Rain,moderate rain,8.83,None
P003,Moisturizer ,Patiala,2025-02-22,71,23.18,86,Clouds,scattered clouds,6.86,None
P004,Pooja Articles,Malout,2025-02-22,139,31.15,41,Clear,moderate rain,8.9,None
P004,Pooja Articles,Mohali,2025-02-22,153,25.91,40,Clear,clear sky,2.18,None
P004,Pooja Articles,Rajpura,2025-02-22,134,21.45,87,Rain,light rain,4.54,None
P004,Pooja Articles,Patiala,2025-02-22,136,23.18,86,Clouds,scattered clouds,6.86,None
P005,Gift Hamper,Malout,2025-02-22,258,31.15,41,Clear,moderate rain,8.9,None
P005,Gift Hamper,Mohali,2025-02-22,178,25.91,40,Clear,clear sky,2.18,None
P005,Gift Hamper,Rajpura,2025-02-22,256,21.45,87,Rain,light rain,4.54,None
P005,Gift Hamper,Patiala,2025-02-22,200,23.18,86,Clouds,scattered clouds,6.86,None
P003,Moisturizer ,Rajpura,2025-02-22,49,21.45,87,Rain,light rain,4.54,None
P005,Gift Hamper,Bathinda,2025-02-22,237,23.12,49,Rain,light rain,2.58,None
P003,Moisturizer ,Mohali,2025-02-22,55,25.91,40,Clear,clear sky,2.18,None
P004,Pooja Articles,Bathinda,2025-02-22,181,23.12,49,Rain,light rain,2.58,None
P003,Moisturizer ,Bathinda,2025-02-22,21,23.12,49,Rain,light rain,2.58,None
P001,Soft Drink ,Malout,2025-02-22,223,31.15,41,Clear,moderate rain,8.9,None
P001,Soft Drink ,Mohali,2025-02-22,194,25.91,40,Clear,clear sky,2.18,None
P001,Soft Drink ,Rajpura,2025-02-22,161,21.45,87,Rain,light rain,4.54,None
P001,Soft Drink ,Patiala,2025-02-22,184,23.18,86,Clouds,scattered clouds,6.86,None
P002,Sweets ,Bathinda,2025-02-22,102,23.12,49,Rain,light rain,2.58,None
P001,Soft Drink ,Bathinda,2025-02-22,189,23.12,49,Rain,light rain,2.58,None
P002,Sweets ,Mohali,2025-02-22,109,25.91,40,Clear,clear sky,2.18,None
P002,Sweets ,Malout,2025-02-22,167,31.15,41,Clear,moderate rain,8.9,None
P002,Sweets ,Patiala,2025-02-22,110,23.18,86,Clouds,scattered clouds,6.86,None
P003,Moisturizer ,Malout,2025-02-22,92,31.15,41,Clear,moderate rain,8.9,None
P002,Sweets ,Rajpura,2025-02-22,155,21.45,87,Rain,light rain,4.54,None
P003,Moisturizer ,Rajpura,2025-02-23,73,37.72,68,Clear,moderate rain,4.88,Maharishi Dayanand Saraswati Jayanti
P005,Gift Hamper,Rajpura,2025-02-23,223,37.72,68,Clear,moderate rain,4.88,Maharishi Dayanand Saraswati Jayanti
P005,Gift Hamper,Mohali,2025-02-23,209,36.49,55,Clear,scattered clouds,6.5,Maharishi Dayanand Saraswati Jayanti
P005,Gift Hamper,Malout,2025-02-23,218,22.87,87,Clouds,scattered clouds,2.29,Maharishi Dayanand Saraswati Jayanti
P004,Pooja Articles,Patiala,2025-02-23,153,21.69,42,Rain,overcast clouds,8.17,Maharishi Dayanand Saraswati Jayanti
P004,Pooja Articles,Rajpura,2025-02-23,191,37.72,68,Clear,moderate rain,4.88,Maharishi Dayanand Saraswati Jayanti
P004,Pooja Articles,Mohali,2025-02-23,126,36.49,55,Clear,scattered clouds,6.5,Maharishi Dayanand Saraswati Jayanti
P004,Pooja Articles,Malout,2025-02-23,159,22.87,87,Clouds,scattered clouds,2.29,Maharishi Dayanand Saraswati Jayanti
P004,Pooja Articles,Bathinda,2025-02-23,144,32.39,71,Rain,clear sky,3.28,Maharishi Dayanand Saraswati Jayanti
P003,Moisturizer ,Patiala,2025-02-23,97,21.69,42,Rain,overcast clouds,8.17,Maharishi Dayanand Saraswati Jayanti
P005,Gift Hamper,Patiala,2025-02-23,211,21.69,42,Rain,overcast clouds,8.17,Maharishi Dayanand Saraswati Jayanti
P005,Gift Hamper,Bathinda,2025-02-23,258,32.39,71,Rain,clear sky,3.28,Maharishi Dayanand Saraswati Jayanti
P003,Moisturizer ,Mohali,2025-02-23,14,36.49,55,Clear,scattered clouds,6.5,Maharishi Dayanand Saraswati Jayanti
P003,Moisturizer ,Bathinda,2025-02-23,50,32.39,71,Rain,clear sky,3.28,Maharishi Dayanand Saraswati Jayanti
P003,Moisturizer ,Malout,2025-02-23,68,22.87,87,Clouds,scattered clouds,2.29,Maharishi Dayanand Saraswati Jayanti
P001,Soft Drink ,Bathinda,2025-02-23,154,32.39,71,Rain,clear sky,3.28,Maharishi Dayanand Saraswati Jayanti
P001,Soft Drink ,Malout,2025-02-23,222,22.87,87,Clouds,scattered clouds,2.29,Maharishi Dayanand Saraswati Jayanti
P001,Soft Drink ,Rajpura,2025-02-23,189,37.72,68,Clear,moderate rain,4.88,Maharishi Dayanand Saraswati Jayanti
P001,Soft Drink ,Patiala,2025-02-23,207,21.69,42,Rain,overcast clouds,8.17,Maharishi Dayanand Saraswati Jayanti
P001,Soft Drink ,Mohali,2025-02-23,210,36.49,55,Clear,scattered clouds,6.5,Maharishi Dayanand Saraswati Jayanti
P002,Sweets ,Malout,2025-02-23,163,22.87,87,Clouds,scattered clouds,2.29,Maharishi Dayanand Saraswati Jayanti
P002,Sweets ,Mohali,2025-02-23,112,36.49,55,Clear,scattered clouds,6.5,Maharishi Dayanand Saraswati Jayanti
P002,Sweets ,Rajpura,2025-02-23,132,37.72,68,Clear,moderate rain,4.88,Maharishi Dayanand Saraswati Jayanti
P002,Sweets ,Patiala,2025-02-23,125,21.69,42,Rain,overcast clouds,8.17,Maharishi Dayanand Saraswati Jayanti
P002,Sweets ,Bathinda,2025-02-23,123,32.39,71,Rain,clear sky,3.28,Maharishi Dayanand Saraswati Jayanti
P004,Pooja Articles,Mohali,2025-02-24,135,21.63,66,Clear,clear sky,4.53,None
P003,Moisturizer ,Patiala,2025-02-24,76,39.92,82,Clear,light rain,9.2,None
P004,Pooja Articles,Bathinda,2025-02-24,128,24.77,82,Clear,light rain,3.41,None
P004,Pooja Articles,Malout,2025-02-24,126,27.94,71,Clouds,moderate rain,2.81,None
P004,Pooja Articles,Rajpura,2025-02-24,121,35.96,75,Clouds,moderate rain,9.09,None
P003,Moisturizer ,Rajpura,2025-02-24,63,35.96,75,Clouds,moderate rain,9.09,None
P005,Gift Hamper,Bathinda,2025-02-24,270,24.77,82,Clear,light rain,3.41,None
P005,Gift Hamper,Malout,2025-02-24,194,27.94,71,Clouds,moderate rain,2.81,None
P005,Gift Hamper,Mohali,2025-02-24,241,21.63,66,Clear,clear sky,4.53,None
P005,Gift Hamper,Rajpura,2025-02-24,203,35.96,75,Clouds,moderate rain,9.09,None
P004,Pooja Articles,Patiala,2025-02-24,171,39.92,82,Clear,light rain,9.2,None
P003,Moisturizer ,Mohali,2025-02-24,41,21.63,66,Clear,clear sky,4.53,None
P005,Gift Hamper,Patiala,2025-02-24,249,39.92,82,Clear,light rain,9.2,None
P003,Moisturizer ,Bathinda,2025-02-24,18,24.77,82,Clear,light rain,3.41,None
P001,Soft Drink ,Bathinda,2025-02-24,165,24.77,82,Clear,light rain,3.41,None
P001,Soft Drink ,Malout,2025-02-24,136,27.94,71,Clouds,moderate rain,2.81,None
P001,Soft Drink ,Mohali,2025-02-24,149,21.63,66,Clear,clear sky,4.53,None
P001,Soft Drink ,Rajpura,2025-02-24,229,35.96,75,Clouds,moderate rain,9.09,None
P001,Soft Drink ,Patiala,2025-02-24,131,39.92,82,Clear,light rain,9.2,None
P003,Moisturizer ,Malout,2025-02-24,34,27.94,71,Clouds,moderate rain,2.81,None
P002,Sweets ,Malout,2025-02-24,134,27.94,71,Clouds,moderate rain,2.81,None
P002,Sweets ,Mohali,2025-02-24,116,21.63,66,Clear,clear sky,4.53,None
P002,Sweets ,Rajpura,2025-02-24,93,35.96,75,Clouds,moderate rain,9.09,None
P002,Sweets ,Patiala,2025-02-24,162,39.92,82,Clear,light rain,9.2,None
P002,Sweets ,Bathinda,2025-02-24,183,24.77,82,Clear,light rain,3.41,None
P004,Pooja Articles,Bathinda,2025-02-25,155,38.58,60,Clear,overcast clouds,9.73,None
P004,Pooja Articles,Malout,2025-02-25,188,32.13,87,Clouds,scattered clouds,3.44,None
P004,Pooja Articles,Mohali,2025-02-25,148,35.6,54,Clear,clear sky,6.95,None
P004,Pooja Articles,Rajpura,2025-02-25,122,24.72,89,Rain,light rain,5.0,None
P004,Pooja Articles,Patiala,2025-02-25,158,23.39,73,Clouds,moderate rain,3.98,None
P005,Gift Hamper,Malout,2025-02-25,233,32.13,87,Clouds,scattered clouds,3.44,None
P005,Gift Hamper,Mohali,2025-02-25,243,35.6,54,Clear,clear sky,6.95,None
P005,Gift Hamper,Rajpura,2025-02-25,236,24.72,89,Rain,light rain,5.0,None
P005,Gift Hamper,Patiala,2025-02-25,234,23.39,73,Clouds,moderate rain,3.98,None
P003,Moisturizer ,Patiala,2025-02-25,81,23.39,73,Clouds,moderate rain,3.98,None
P005,Gift Hamper,Bathinda,2025-02-25,225,38.58,60,Clear,overcast clouds,9.73,None
P003,Moisturizer ,Rajpura,2025-02-25,64,24.72,89,Rain,light rain,5.0,None
P001,Soft Drink ,Rajpura,2025-02-25,183,24.72,89,Rain,light rain,5.0,None
P003,Moisturizer ,Malout,2025-02-25,105,32.13,87,Clouds,scattered clouds,3.44,None
P001,Soft Drink ,Malout,2025-02-25,195,32.13,87,Clouds,scattered clouds,3.44,None
P001,Soft Drink ,Mohali,2025-02-25,165,35.6,54,Clear,clear sky,6.95,None
P003,Moisturizer ,Mohali,2025-02-25,76,35.6,54,Clear,clear sky,6.95,None
P001,Soft Drink ,Patiala,2025-02-25,146,23.39,73,Clouds,moderate rain,3.98,None
P002,Sweets ,Bathinda,2025-02-25,136,38.58,60,Clear,overcast clouds,9.73,None
P001,Soft Drink ,Bathinda,2025-02-25,220,38.58,60,Clear,overcast clouds,9.73,None
P002,Sweets ,Mohali,2025-02-25,76,35.6,54,Clear,clear sky,6.95,None
P002,Sweets ,Rajpura,2025-02-25,138,24.72,89,Rain,light rain,5.0,None
P002,Sweets ,Patiala,2025-02-25,118,23.39,73,Clouds,moderate rain,3.98,None
P003,Moisturizer ,Bathinda,2025-02-25,50,38.58,60,Clear,overcast clouds,9.73,None
P002,Sweets ,Malout,2025-02-25,196,32.13,87,Clouds,scattered clouds,3.44,None
P003,Moisturizer ,Patiala,2025-02-26,141,33.43,90,Clouds,clear sky,6.77,Maha Shivaratri/Shivaratri
P004,Pooja Articles,Bathinda,2025-02-26,142,36.55,89,Rain,clear sky,6.41,Maha Shivaratri/Shivaratri
P004,Pooja Articles,Malout,2025-02-26,150,37.1,67,Clouds,scattered clouds,1.23,Maha Shivaratri/Shivaratri
P004,Pooja Articles,Mohali,2025-02-26,136,31.15,70,Clouds,scattered clouds,6.12,Maha Shivaratri/Shivaratri
P004,Pooja Articles,Rajpura,2025-02-26,118,31.74,55,Rain,clear sky,4.75,Maha Shivaratri/Shivaratri
P005,Gift Hamper,Bathinda,2025-02-26,207,36.55,89,Rain,clear sky,6.41,Maha Shivaratri/Shivaratri
P005,Gift Hamper,Malout,2025-02-26,178,37.1,67,Clouds,scattered clouds,1.23,Maha Shivaratri/Shivaratri
P005,Gift Hamper,Mohali,2025-02-26,225,31.15,70,Clouds,scattered clouds,6.12,Maha Shivaratri/Shivaratri
P005,Gift Hamper,Rajpura,2025-02-26,230,31.74,55,Rain,clear sky,4.75,Maha Shivaratri/Shivaratri
P003,Moisturizer ,Rajpura,2025-02-26,99,31.74,55,Rain,clear sky,4.75,Maha Shivaratri/Shivaratri
P004,Pooja Articles,Patiala,2025-02-26,174,33.43,90,Clouds,clear sky,6.77,Maha Shivaratri/Shivaratri
P003,Moisturizer ,Mohali,2025-02-26,69,31.15,70,Clouds,scattered clouds,6.12,Maha Shivaratri/Shivaratri
P005,Gift Hamper,Patiala,2025-02-26,209,33.43,90,Clouds,clear sky,6.77,Maha Shivaratri/Shivaratri
P003,Moisturizer ,Bathinda,2025-02-26,77,36.55,89,Rain,clear sky,6.41,Maha Shivaratri/Shivaratri
P001,Soft Drink ,Bathinda,2025-02-26,183,36.55,89,Rain,clear sky,6.41,Maha Shivaratri/Shivaratri
P001,Soft Drink ,Malout,2025-02-26,211,37.1,67,Clouds,scattered clouds,1.23,Maha Shivaratri/Shivaratri
P001,Soft Drink ,Mohali,2025-02-26,185,31.15,70,Clouds,scattered clouds,6.12,Maha Shivaratri/Shivaratri
P001,Soft Drink ,Rajpura,2025-02-26,169,31.74,55,Rain,clear sky,4.75,Maha Shivaratri/Shivaratri
P001,Soft Drink ,Patiala,2025-02-26,129,33.43,90,Clouds,clear sky,6.77,Maha Shivaratri/Shivaratri
P003,Moisturizer ,Malout,2025-02-26,84,37.1,67,Clouds,scattered clouds,1.23,Maha Shivaratri/Shivaratri
P002,Sweets ,Malout,2025-02-26,66,37.1,67,Clouds,scattered clouds,1.23,Maha Shivaratri/Shivaratri
P002,Sweets ,Mohali,2025-02-26,148,31.15,70,Clouds,scattered clouds,6.12,Maha Shivaratri/Shivaratri
P002,Sweets ,Rajpura,2025-02-26,146,31.74,55,Rain,clear sky,4.75,Maha Shivaratri/Shivaratri
P002,Sweets ,Patiala,2025-02-26,101,33.43,90,Clouds,clear sky,6.77,Maha Shivaratri/Shivaratri
P002,Sweets ,Bathinda,2025-02-26,111,36.55,89,Rain,clear sky,6.41,Maha Shivaratri/Shivaratri
P003,Moisturizer ,Patiala,2025-02-27,78,20.05,43,Clouds,moderate rain,9.66,None
P005,Gift Hamper,Rajpura,2025-02-27,197,33.61,49,Clouds,clear sky,1.49,None
P005,Gift Hamper,Mohali,2025-02-27,220,20.22,40,Clouds,overcast clouds,9.79,None
P005,Gift Hamper,Malout,2025-02-27,199,38.72,90,Rain,overcast clouds,3.4,None
P005,Gift Hamper,Bathinda,2025-02-27,188,25.95,72,Clouds,moderate rain,9.95,None
P004,Pooja Articles,Patiala,2025-02-27,176,20.05,43,Clouds,moderate rain,9.66,None
P004,Pooja Articles,Rajpura,2025-02-27,179,33.61,49,Clouds,clear sky,1.49,None
P004,Pooja Articles,Mohali,2025-02-27,139,20.22,40,Clouds,overcast clouds,9.79,None
P004,Pooja Articles,Malout,2025-02-27,116,38.72,90,Rain,overcast clouds,3.4,None
P004,Pooja Articles,Bathinda,2025-02-27,120,25.95,72,Clouds,moderate rain,9.95,None
P003,Moisturizer ,Rajpura,2025-02-27,27,33.61,49,Clouds,clear sky,1.49,None
P005,Gift Hamper,Patiala,2025-02-27,249,20.05,43,Clouds,moderate rain,9.66,None
P003,Moisturizer ,Mohali,2025-02-27,70,20.22,40,Clouds,overcast clouds,9.79,None
P001,Soft Drink ,Bathinda,2025-02-27,179,25.95,72,Clouds,moderate rain,9.95,None
P001,Soft Drink ,Malout,2025-02-27,231,38.72,90,Rain,overcast clouds,3.4,None
P001,Soft Drink ,Mohali,2025-02-27,161,20.22,40,Clouds,overcast clouds,9.79,None
P001,Soft Drink ,Rajpura,2025-02-27,149,33.61,49,Clouds,clear sky,1.49,None
P001,Soft Drink ,Patiala,2025-02-27,185,20.05,43,Clouds,moderate rain,9.66,None
P003,Moisturizer ,Malout,2025-02-27,43,38.72,90,Rain,overcast clouds,3.4,None
P002,Sweets ,Malout,2025-02-27,102,38.72,90,Rain,overcast clouds,3.4,None
P002,Sweets ,Mohali,2025-02-27,125,20.22,40,Clouds,overcast clouds,9.79,None
P002,Sweets ,Rajpura,2025-02-27,147,33.61,49,Clouds,clear sky,1.49,None
P002,Sweets ,Patiala,2025-02-27,142,20.05,43,Clouds,moderate rain,9.66,None
P003,Moisturizer ,Bathinda,2025-02-27,27,25.95,72,Clouds,moderate rain,9.95,None
P002,Sweets ,Bathinda,2025-02-27,108,25.95,72,Clouds,moderate rain,9.95,None
P003,Moisturizer ,Patiala,2025-02-28,29,23.15,47,Clouds,scattered clouds,1.19,None
P004,Pooja Articles,Bathinda,2025-02-28,86,35.58,85,Clouds,light rain,4.69,None
P004,Pooja Articles,Malout,2025-02-28,116,22.47,49,Clear,light rain,6.72,None
P004,Pooja Articles,Mohali,2025-02-28,190,39.06,82,Clear,moderate rain,8.0,None
P004,Pooja Articles,Rajpura,2025-02-28,174,25.2,58,Clouds,light rain,2.04,None
P005,Gift Hamper,Malout,2025-02-28,209,22.47,49,Clear,light rain,6.72,None
P005,Gift Hamper,Bathinda,2025-02-28,236,35.58,85,Clouds,light rain,4.69,None
P005,Gift Hamper,Mohali,2025-02-28,178,39.06,82,Clear,moderate rain,8.0,None
P005,Gift Hamper,Rajpura,2025-02-28,186,25.2,58,Clouds,light rain,2.04,None
P003,Moisturizer ,Rajpura,2025-02-28,59,25.2,58,Clouds,light rain,2.04,None
P004,Pooja Articles,Patiala,2025-02-28,212,23.15,47,Clouds,scattered clouds,1.19,None
P005,Gift Hamper,Patiala,2025-02-28,228,23.15,47,Clouds,scattered clouds,1.19,None
P003,Moisturizer ,Malout,2025-02-28,41,22.47,49,Clear,light rain,6.72,None
P003,Moisturizer ,Bathinda,2025-02-28,51,35.58,85,Clouds,light rain,4.69,None
P003,Moisturizer ,Mohali,2025-02-28,72,39.06,82,Clear,moderate rain,8.0,None
P001,Soft Drink ,Bathinda,2025-02-28,194,35.58,85,Clouds,light rain,4.69,None
P001,Soft Drink ,Malout,2025-02-28,175,22.47,49,Clear,light rain,6.72,None
P001,Soft Drink ,Rajpura,2025-02-28,182,25.2,58,Clouds,light rain,2.04,None
P001,Soft Drink ,Patiala,2025-02-28,192,23.15,47,Clouds,scattered clouds,1.19,None
P001,Soft Drink ,Mohali,2025-02-28,142,39.06,82,Clear,moderate rain,8.0,None
P002,Sweets ,Malout,2025-02-28,108,22.47,49,Clear,light rain,6.72,None
P002,Sweets ,Mohali,2025-02-28,113,39.06,82,Clear,moderate rain,8.0,None
P002,Sweets ,Rajpura,2025-02-28,83,25.2,58,Clouds,light rain,2.04,None
P002,Sweets ,Patiala,2025-02-28,175,23.15,47,Clouds,scattered clouds,1.19,None
P002,Sweets ,Bathinda,2025-02-28,102,35.58,85,Clouds,light rain,4.69,None
P004,Pooja Articles,Mohali,2025-03-01,123,21.46,53,Clouds,overcast clouds,6.82,None
P003,Moisturizer ,Patiala,2025-03-01,73,27.08,90,Rain,overcast clouds,7.04,None
P004,Pooja Articles,Bathinda,2025-03-01,102,31.01,82,Rain,overcast clouds,1.53,None
P004,Pooja Articles,Malout,2025-03-01,163,29.89,83,Rain,moderate rain,9.9,None
P004,Pooja Articles,Rajpura,2025-03-01,146,24.77,74,Clear,clear sky,5.52,None
P003,Moisturizer ,Rajpura,2025-03-01,34,24.77,74,Clear,clear sky,5.52,None
P005,Gift Hamper,Bathinda,2025-03-01,152,31.01,82,Rain,overcast clouds,1.53,None
P005,Gift Hamper,Malout,2025-03-01,226,29.89,83,Rain,moderate rain,9.9,None
P005,Gift Hamper,Mohali,2025-03-01,230,21.46,53,Clouds,overcast clouds,6.82,None
P005,Gift Hamper,Rajpura,2025-03-01,155,24.77,74,Clear,clear sky,5.52,None
P004,Pooja Articles,Patiala,2025-03-01,135,27.08,90,Rain,overcast clouds,7.04,None
P005,Gift Hamper,Patiala,2025-03-01,218,27.08,90,Rain,overcast clouds,7.04,None
P003,Moisturizer ,Mohali,2025-03-01,59,21.46,53,Clouds,overcast clouds,6.82,None
P003,Moisturizer ,Bathinda,2025-03-01,95,31.01,82,Rain,overcast clouds,1.53,None
P001,Soft Drink ,Bathinda,2025-03-01,188,31.01,82,Rain,overcast clouds,1.53,None
P001,Soft Drink ,Malout,2025-03-01,199,29.89,83,Rain,moderate rain,9.9,None
P001,Soft Drink ,Mohali,2025-03-01,168,21.46,53,Clouds,overcast clouds,6.82,None
P001,Soft Drink ,Rajpura,2025-03-01,202,24.77,74,Clear,clear sky,5.52,None
P001,Soft Drink ,Patiala,2025-03-01,182,27.08,90,Rain,overcast clouds,7.04,None
P003,Moisturizer ,Malout,2025-03-01,45,29.89,83,Rain,moderate rain,9.9,None
P002,Sweets ,Malout,2025-03-01,143,29.89,83,Rain,moderate rain,9.9,None
P002,Sweets ,Mohali,2025-03-01,103,21.46,53,Clouds,overcast clouds,6.82,None
P002,Sweets ,Rajpura,2025-03-01,104,24.77,74,Clear,clear sky,5.52,None
P002,Sweets ,Patiala,2025-03-01,128,27.08,90,Rain,overcast clouds,7.04,None
P002,Sweets ,Bathinda,2025-03-01,66,31.01,82,Rain,overcast clouds,1.53,None
P004,Pooja Articles,Bathinda,2025-03-02,135,26.33,60,Clear,moderate rain,4.06,Ramadan Start
P004,Pooja Articles,Malout,2025-03-02,162,32.89,89,Rain,overcast clouds,8.92,Ramadan Start
P004,Pooja Articles,Mohali,2025-03-02,154,30.44,62,Clear,scattered clouds,8.51,Ramadan Start
P004,Pooja Articles,Rajpura,2025-03-02,134,32.18,90,Rain,clear sky,7.29,Ramadan Start
P004,Pooja Articles,Patiala,2025-03-02,100,24.41,81,Rain,light rain,2.71,Ramadan Start
P005,Gift Hamper,Malout,2025-03-02,204,32.89,89,Rain,overcast clouds,8.92,Ramadan Start
P005,Gift Hamper,Mohali,2025-03-02,175,30.44,62,Clear,scattered clouds,8.51,Ramadan Start
P005,Gift Hamper,Rajpura,2025-03-02,227,32.18,90,Rain,clear sky,7.29,Ramadan Start
P005,Gift Hamper,Patiala,2025-03-02,265,24.41,81,Rain,light rain,2.71,Ramadan Start
P003,Moisturizer ,Patiala,2025-03-02,79,24.41,81,Rain,light rain,2.71,Ramadan Start
P005,Gift Hamper,Bathinda,2025-03-02,183,26.33,60,Clear,moderate rain,4.06,Ramadan Start
P003,Moisturizer ,Rajpura,2025-03-02,30,32.18,90,Rain,clear sky,7.29,Ramadan Start
P003,Moisturizer ,Mohali,2025-03-02,51,30.44,62,Clear,scattered clouds,8.51,Ramadan Start
P003,Moisturizer ,Malout,2025-03-02,89,32.89,89,Rain,overcast clouds,8.92,Ramadan Start
P001,Soft Drink ,Malout,2025-03-02,150,32.89,89,Rain,overcast clouds,8.92,Ramadan Start
P001,Soft Drink ,Mohali,2025-03-02,197,30.44,62,Clear,scattered clouds,8.51,Ramadan Start
P001,Soft Drink ,Rajpura,2025-03-02,156,32.18,90,Rain,clear sky,7.29,Ramadan Start
P001,Soft Drink ,Patiala,2025-03-02,162,24.41,81,Rain,light rain,2.71,Ramadan Start
P002,Sweets ,Bathinda,2025-03-02,125,26.33,60,Clear,moderate rain,4.06,Ramadan Start
P001,Soft Drink ,Bathinda,2025-03-02,202,26.33,60,Clear,moderate rain,4.06,Ramadan Start
P002,Sweets ,Mohali,2025-03-02,113,30.44,62,Clear,scattered clouds,8.51,Ramadan Start
P002,Sweets ,Rajpura,2025-03-02,101,32.18,90,Rain,clear sky,7.29,Ramadan Start
P002,Sweets ,Patiala,2025-03-02,163,24.41,81,Rain,light rain,2.71,Ramadan Start
P003,Moisturizer ,Bathinda,2025-03-02,49,26.33,60,Clear,moderate rain,4.06,Ramadan Start
P002,Sweets ,Malout,2025-03-02,85,32.89,89,Rain,overcast clouds,8.92,Ramadan Start
P004,Pooja Articles,Bathinda,2025-03-03,175,26.24,90,Clouds,overcast clouds,2.55,None
P004,Pooja Articles,Malout,2025-03-03,162,22.54,59,Clouds,scattered clouds,8.18,None
P004,Pooja Articles,Mohali,2025-03-03,143,27.92,61,Clear,moderate rain,4.35,None
P004,Pooja Articles,Rajpura,2025-03-03,156,25.5,66,Rain,clear sky,8.3,None
P004,Pooja Articles,Patiala,2025-03-03,133,24.9,49,Clouds,clear sky,5.05,None
P005,Gift Hamper,Malout,2025-03-03,274,22.54,59,Clouds,scattered clouds,8.18,None
P005,Gift Hamper,Mohali,2025-03-03,187,27.92,61,Clear,moderate rain,4.35,None
P005,Gift Hamper,Rajpura,2025-03-03,243,25.5,66,Rain,clear sky,8.3,None
P005,Gift Hamper,Patiala,2025-03-03,240,24.9,49,Clouds,clear sky,5.05,None
P003,Moisturizer ,Patiala,2025-03-03,16,24.9,49,Clouds,clear sky,5.05,None
P005,Gift Hamper,Bathinda,2025-03-03,198,26.24,90,Clouds,overcast clouds,2.55,None
P003,Moisturizer ,Rajpura,2025-03-03,81,25.5,66,Rain,clear sky,8.3,None
P003,Moisturizer ,Mohali,2025-03-03,92,27.92,61,Clear,moderate rain,4.35,None
P003,Moisturizer ,Malout,2025-03-03,58,22.54,59,Clouds,scattered clouds,8.18,None
P001,Soft Drink ,Malout,2025-03-03,136,22.54,59,Clouds,scattered clouds,8.18,None
P001,Soft Drink ,Mohali,2025-03-03,183,27.92,61,Clear,moderate rain,4.35,None
P001,Soft Drink ,Rajpura,2025-03-03,208,25.5,66,Rain,clear sky,8.3,None
P001,Soft Drink ,Patiala,2025-03-03,215,24.9,49,Clouds,clear sky,5.05,None
P002,Sweets ,Bathinda,2025-03-03,172,26.24,90,Clouds,overcast clouds,2.55,None
P001,Soft Drink ,Bathinda,2025-03-03,154,26.24,90,Clouds,overcast clouds,2.55,None
P002,Sweets ,Mohali,2025-03-03,111,27.92,61,Clear,moderate rain,4.35,None
P002,Sweets ,Rajpura,2025-03-03,145,25.5,66,Rain,clear sky,8.3,None
P002,Sweets ,Patiala,2025-03-03,115,24.9,49,Clouds,clear sky,5.05,None
P003,Moisturizer ,Bathinda,2025-03-03,35,26.24,90,Clouds,overcast clouds,2.55,None
P002,Sweets ,Malout,2025-03-03,152,22.54,59,Clouds,scattered clouds,8.18,None
P004,Pooja Articles,Bathinda,2025-03-04,157,39.08,79,Clouds,light rain,8.47,None
P004,Pooja Articles,Malout,2025-03-04,150,21.58,76,Clouds,overcast clouds,5.79,None
P004,Pooja Articles,Mohali,2025-03-04,164,30.83,55,Clear,overcast clouds,6.28,None
P004,Pooja Articles,Rajpura,2025-03-04,139,20.45,79,Rain,overcast clouds,2.76,None
P004,Pooja Articles,Patiala,2025-03-04,123,23.17,89,Clouds,clear sky,3.26,None
P005,Gift Hamper,Malout,2025-03-04,209,21.58,76,Clouds,overcast clouds,5.79,None
P005,Gift Hamper,Mohali,2025-03-04,187,30.83,55,Clear,overcast clouds,6.28,None
P005,Gift Hamper,Rajpura,2025-03-04,230,20.45,79,Rain,overcast clouds,2.76,None
P005,Gift Hamper,Patiala,2025-03-04,240,23.17,89,Clouds,clear sky,3.26,None
P003,Moisturizer ,Patiala,2025-03-04,77,23.17,89,Clouds,clear sky,3.26,None
P005,Gift Hamper,Bathinda,2025-03-04,220,39.08,79,Clouds,light rain,8.47,None
P003,Moisturizer ,Rajpura,2025-03-04,82,20.45,79,Rain,overcast clouds,2.76,None
P003,Moisturizer ,Mohali,2025-03-04,85,30.83,55,Clear,overcast clouds,6.28,None
P003,Moisturizer ,Malout,2025-03-04,40,21.58,76,Clouds,overcast clouds,5.79,None
P001,Soft Drink ,Malout,2025-03-04,153,21.58,76,Clouds,overcast clouds,5.79,None
P001,Soft Drink ,Mohali,2025-03-04,171,30.83,55,Clear,overcast clouds,6.28,None
P001,Soft Drink ,Rajpura,2025-03-04,185,20.45,79,Rain,overcast clouds,2.76,None
P001,Soft Drink ,Patiala,2025-03-04,208,23.17,89,Clouds,clear sky,3.26,None
P002,Sweets ,Bathinda,2025-03-04,137,39.08,79,Clouds,light rain,8.47,None
P001,Soft Drink ,Bathinda,2025-03-04,173,39.08,79,Clouds,light rain,8.47,None
P002,Sweets ,Mohali,2025-03-04,150,30.83,55,Clear,overcast clouds,6.28,None
P002,Sweets ,Rajpura,2025-03-04,134,20.45,79,Rain,overcast clouds,2.76,None
P002,Sweets ,Patiala,2025-03-04,143,23.17,89,Clouds,clear sky,3.26,None
P003,Moisturizer ,Bathinda,2025-03-04,77,39.08,79,Clouds,light rain,8.47,None
P002,Sweets ,Malout,2025-03-04,95,21.58,76,Clouds,overcast clouds,5.79,None
P003,Moisturizer ,Patiala,2025-03-05,50,28.78,80,Rain,overcast clouds,6.24,None
P004,Pooja Articles,Bathinda,2025-03-05,166,32.69,90,Clouds,clear sky,7.81,None
P004,Pooja Articles,Malout,2025-03-05,164,22.78,89,Clouds,scattered clouds,6.68,None
P004,Pooja Articles,Mohali,2025-03-05,121,32.85,85,Rain,overcast clouds,4.75,None
P004,Pooja Articles,Rajpura,2025-03-05,131,36.0,48,Rain,light rain,5.04,None
P005,Gift Hamper,Bathinda,2025-03-05,260,32.69,90,Clouds,clear sky,7.81,None
P005,Gift Hamper,Malout,2025-03-05,208,22.78,89,Clouds,scattered clouds,6.68,None
P005,Gift Hamper,Mohali,2025-03-05,243,32.85,85,Rain,overcast clouds,4.75,None
P005,Gift Hamper,Rajpura,2025-03-05,196,36.0,48,Rain,light rain,5.04,None
P003,Moisturizer ,Rajpura,2025-03-05,64,36.0,48,Rain,light rain,5.04,None
P004,Pooja Articles,Patiala,2025-03-05,171,28.78,80,Rain,overcast clouds,6.24,None
P003,Moisturizer ,Mohali,2025-03-05,29,32.85,85,Rain,overcast clouds,4.75,None
P005,Gift Hamper,Patiala,2025-03-05,212,28.78,80,Rain,overcast clouds,6.24,None
P003,Moisturizer ,Bathinda,2025-03-05,17,32.69,90,Clouds,clear sky,7.81,None
P001,Soft Drink ,Bathinda,2025-03-05,171,32.69,90,Clouds,clear sky,7.81,None
P001,Soft Drink ,Malout,2025-03-05,155,22.78,89,Clouds,scattered clouds,6.68,None
P001,Soft Drink ,Mohali,2025-03-05,145,32.85,85,Rain,overcast clouds,4.75,None
P001,Soft Drink ,Rajpura,2025-03-05,179,36.0,48,Rain,light rain,5.04,None
P001,Soft Drink ,Patiala,2025-03-05,145,28.78,80,Rain,overcast clouds,6.24,None
P003,Moisturizer ,Malout,2025-03-05,49,22.78,89,Clouds,scattered clouds,6.68,None
P002,Sweets ,Malout,2025-03-05,102,22.78,89,Clouds,scattered clouds,6.68,None
P002,Sweets ,Mohali,2025-03-05,117,32.85,85,Rain,overcast clouds,4.75,None
P002,Sweets ,Rajpura,2025-03-05,142,36.0,48,Rain,light rain,5.04,None
P002,Sweets ,Patiala,2025-03-05,110,28.78,80,Rain,overcast clouds,6.24,None
P002,Sweets ,Bathinda,2025-03-05,118,32.69,90,Clouds,clear sky,7.81,None
P004,Pooja Articles,Bathinda,2025-03-06,138,21.6,74,Clear,scattered clouds,1.94,None
P004,Pooja Articles,Malout,2025-03-06,133,30.48,59,Rain,overcast clouds,1.98,None
P004,Pooja Articles,Mohali,2025-03-06,104,37.77,71,Rain,clear sky,6.28,None
P004,Pooja Articles,Rajpura,2025-03-06,153,28.3,65,Clouds,scattered clouds,1.6,None
P004,Pooja Articles,Patiala,2025-03-06,137,28.64,42,Rain,scattered clouds,7.48,None
P005,Gift Hamper,Malout,2025-03-06,215,30.48,59,Rain,overcast clouds,1.98,None
P005,Gift Hamper,Mohali,2025-03-06,229,37.77,71,Rain,clear sky,6.28,None
P005,Gift Hamper,Rajpura,2025-03-06,229,28.3,65,Clouds,scattered clouds,1.6,None
P005,Gift Hamper,Patiala,2025-03-06,213,28.64,42,Rain,scattered clouds,7.48,None
P003,Moisturizer ,Patiala,2025-03-06,80,28.64,42,Rain,scattered clouds,7.48,None
P005,Gift Hamper,Bathinda,2025-03-06,186,21.6,74,Clear,scattered clouds,1.94,None
P003,Moisturizer ,Rajpura,2025-03-06,4,28.3,65,Clouds,scattered clouds,1.6,None
P003,Moisturizer ,Mohali,2025-03-06,64,37.77,71,Rain,clear sky,6.28,None
P003,Moisturizer ,Malout,2025-03-06,49,30.48,59,Rain,overcast clouds,1.98,None
P001,Soft Drink ,Malout,2025-03-06,156,30.48,59,Rain,overcast clouds,1.98,None
P001,Soft Drink ,Mohali,2025-03-06,217,37.77,71,Rain,clear sky,6.28,None
P001,Soft Drink ,Rajpura,2025-03-06,175,28.3,65,Clouds,scattered clouds,1.6,None
P001,Soft Drink ,Patiala,2025-03-06,151,28.64,42,Rain,scattered clouds,7.48,None
P002,Sweets ,Bathinda,2025-03-06,99,21.6,74,Clear,scattered clouds,1.94,None
P001,Soft Drink ,Bathinda,2025-03-06,167,21.6,74,Clear,scattered clouds,1.94,None
P002,Sweets ,Mohali,2025-03-06,130,37.77,71,Rain,clear sky,6.28,None
P002,Sweets ,Rajpura,2025-03-06,142,28.3,65,Clouds,scattered clouds,1.6,None
P002,Sweets ,Patiala,2025-03-06,95,28.64,42,Rain,scattered clouds,7.48,None
P003,Moisturizer ,Bathinda,2025-03-06,66,21.6,74,Clear,scattered clouds,1.94,None
P002,Sweets ,Malout,2025-03-06,120,30.48,59,Rain,overcast clouds,1.98,None
P003,Moisturizer ,Patiala,2025-03-07,92,39.28,71,Clouds,clear sky,5.95,None
P004,Pooja Articles,Bathinda,2025-03-07,183,26.73,43,Clear,moderate rain,2.33,None
P004,Pooja Articles,Malout,2025-03-07,139,21.73,75,Clear,clear sky,5.95,None
P004,Pooja Articles,Mohali,2025-03-07,169,30.96,85,Rain,light rain,2.78,None
P004,Pooja Articles,Rajpura,2025-03-07,143,39.3,75,Clear,moderate rain,8.5,None
P005,Gift Hamper,Bathinda,2025-03-07,183,26.73,43,Clear,moderate rain,2.33,None
P005,Gift Hamper,Malout,2025-03-07,194,21.73,75,Clear,clear sky,5.95,None
P005,Gift Hamper,Mohali,2025-03-07,223,30.96,85,Rain,light rain,2.78,None
P005,Gift Hamper,Rajpura,2025-03-07,163,39.3,75,Clear,moderate rain,8.5,None
P003,Moisturizer ,Rajpura,2025-03-07,60,39.3,75,Clear,moderate rain,8.5,None
P004,Pooja Articles,Patiala,2025-03-07,151,39.28,71,Clouds,clear sky,5.95,None
P003,Moisturizer ,Mohali,2025-03-07,87,30.96,85,Rain,light rain,2.78,None
P005,Gift Hamper,Patiala,2025-03-07,203,39.28,71,Clouds,clear sky,5.95,None
P003,Moisturizer ,Bathinda,2025-03-07,101,26.73,43,Clear,moderate rain,2.33,None
P001,Soft Drink ,Bathinda,2025-03-07,220,26.73,43,Clear,moderate rain,2.33,None
P001,Soft Drink ,Malout,2025-03-07,212,21.73,75,Clear,clear sky,5.95,None
P001,Soft Drink ,Mohali,2025-03-07,135,30.96,85,Rain,light rain,2.78,None
P001,Soft Drink ,Rajpura,2025-03-07,205,39.3,75,Clear,moderate rain,8.5,None
P001,Soft Drink ,Patiala,2025-03-07,148,39.28,71,Clouds,clear sky,5.95,None
P003,Moisturizer ,Malout,2025-03-07,82,21.73,75,Clear,clear sky,5.95,None
P002,Sweets ,Malout,2025-03-07,106,21.73,75,Clear,clear sky,5.95,None
P002,Sweets ,Mohali,2025-03-07,110,30.96,85,Rain,light rain,2.78,None
P002,Sweets ,Rajpura,2025-03-07,101,39.3,75,Clear,moderate rain,8.5,None
P002,Sweets ,Patiala,2025-03-07,128,39.28,71,Clouds,clear sky,5.95,None
P002,Sweets ,Bathinda,2025-03-07,103,26.73,43,Clear,moderate rain,2.33,None
P003,Moisturizer ,Patiala,2025-03-08,34,23.91,52,Clear,scattered clouds,6.04,None
P004,Pooja Articles,Bathinda,2025-03-08,168,34.93,50,Clear,moderate rain,2.14,None
P004,Pooja Articles,Malout,2025-03-08,198,39.88,80,Clear,moderate rain,7.17,None
P004,Pooja Articles,Mohali,2025-03-08,143,39.32,67,Clouds,overcast clouds,6.01,None
P004,Pooja Articles,Rajpura,2025-03-08,188,38.63,44,Clouds,scattered clouds,6.85,None
P005,Gift Hamper,Bathinda,2025-03-08,232,34.93,50,Clear,moderate rain,2.14,None
P005,Gift Hamper,Malout,2025-03-08,242,39.88,80,Clear,moderate rain,7.17,None
P005,Gift Hamper,Mohali,2025-03-08,201,39.32,67,Clouds,overcast clouds,6.01,None
P005,Gift Hamper,Rajpura,2025-03-08,228,38.63,44,Clouds,scattered clouds,6.85,None
P003,Moisturizer ,Rajpura,2025-03-08,102,38.63,44,Clouds,scattered clouds,6.85,None
P004,Pooja Articles,Patiala,2025-03-08,125,23.91,52,Clear,scattered clouds,6.04,None
P003,Moisturizer ,Mohali,2025-03-08,6,39.32,67,Clouds,overcast clouds,6.01,None
P005,Gift Hamper,Patiala,2025-03-08,224,23.91,52,Clear,scattered clouds,6.04,None
P003,Moisturizer ,Bathinda,2025-03-08,54,34.93,50,Clear,moderate rain,2.14,None
P001,Soft Drink ,Bathinda,2025-03-08,210,34.93,50,Clear,moderate rain,2.14,None
P001,Soft Drink ,Malout,2025-03-08,168,39.88,80,Clear,moderate rain,7.17,None
P001,Soft Drink ,Mohali,2025-03-08,168,39.32,67,Clouds,overcast clouds,6.01,None
P001,Soft Drink ,Rajpura,2025-03-08,178,38.63,44,Clouds,scattered clouds,6.85,None
P001,Soft Drink ,Patiala,2025-03-08,186,23.91,52,Clear,scattered clouds,6.04,None
P003,Moisturizer ,Malout,2025-03-08,129,39.88,80,Clear,moderate rain,7.17,None
P002,Sweets ,Malout,2025-03-08,113,39.88,80,Clear,moderate rain,7.17,None
P002,Sweets ,Mohali,2025-03-08,126,39.32,67,Clouds,overcast clouds,6.01,None
P002,Sweets ,Rajpura,2025-03-08,109,38.63,44,Clouds,scattered clouds,6.85,None
P002,Sweets ,Patiala,2025-03-08,152,23.91,52,Clear,scattered clouds,6.04,None
P002,Sweets ,Bathinda,2025-03-08,133,34.93,50,Clear,moderate rain,2.14,None
P003,Moisturizer ,Patiala,2025-03-09,10,23.1,57,Rain,light rain,1.31,None
P004,Pooja Articles,Bathinda,2025-03-09,126,39.36,48,Rain,moderate rain,7.44,None
P004,Pooja Articles,Malout,2025-03-09,162,32.2,51,Clear,moderate rain,8.17,None
P004,Pooja Articles,Mohali,2025-03-09,170,34.63,65,Clouds,scattered clouds,5.63,None
P004,Pooja Articles,Rajpura,2025-03-09,130,23.16,43,Rain,overcast clouds,9.83,None
P005,Gift Hamper,Bathinda,2025-03-09,229,39.36,48,Rain,moderate rain,7.44,None
P005,Gift Hamper,Malout,2025-03-09,229,32.2,51,Clear,moderate rain,8.17,None
P005,Gift Hamper,Mohali,2025-03-09,224,34.63,65,Clouds,scattered clouds,5.63,None
P005,Gift Hamper,Rajpura,2025-03-09,225,23.16,43,Rain,overcast clouds,9.83,None
P003,Moisturizer ,Rajpura,2025-03-09,29,23.16,43,Rain,overcast clouds,9.83,None
P004,Pooja Articles,Patiala,2025-03-09,157,23.1,57,Rain,light rain,1.31,None
P005,Gift Hamper,Patiala,2025-03-09,258,23.1,57,Rain,light rain,1.31,None
P003,Moisturizer ,Mohali,2025-03-09,55,34.63,65,Clouds,scattered clouds,5.63,None
P003,Moisturizer ,Bathinda,2025-03-09,112,39.36,48,Rain,moderate rain,7.44,None
P003,Moisturizer ,Malout,2025-03-09,78,32.2,51,Clear,moderate rain,8.17,None
P001,Soft Drink ,Bathinda,2025-03-09,152,39.36,48,Rain,moderate rain,7.44,None
P001,Soft Drink ,Malout,2025-03-09,177,32.2,51,Clear,moderate rain,8.17,None
P001,Soft Drink ,Rajpura,2025-03-09,182,23.16,43,Rain,overcast clouds,9.83,None
P001,Soft Drink ,Patiala,2025-03-09,188,23.1,57,Rain,light rain,1.31,None
P001,Soft Drink ,Mohali,2025-03-09,151,34.63,65,Clouds,scattered clouds,5.63,None
P002,Sweets ,Malout,2025-03-09,108,32.2,51,Clear,moderate rain,8.17,None
P002,Sweets ,Mohali,2025-03-09,107,34.63,65,Clouds,scattered clouds,5.63,None
P002,Sweets ,Rajpura,2025-03-09,133,23.16,43,Rain,overcast clouds,9.83,None
P002,Sweets ,Patiala,2025-03-09,136,23.1,57,Rain,light rain,1.31,None
P002,Sweets ,Bathinda,2025-03-09,99,39.36,48,Rain,moderate rain,7.44,None
P004,Pooja Articles,Mohali,2025-03-10,128,38.67,47,Rain,overcast clouds,7.18,None
P003,Moisturizer ,Patiala,2025-03-10,66,31.1,51,Rain,scattered clouds,7.34,None
P004,Pooja Articles,Bathinda,2025-03-10,146,23.97,59,Clouds,moderate rain,9.88,None
P004,Pooja Articles,Malout,2025-03-10,183,22.03,52,Rain,overcast clouds,7.57,None
P004,Pooja Articles,Patiala,2025-03-10,114,31.1,51,Rain,scattered clouds,7.34,None
P003,Moisturizer ,Rajpura,2025-03-10,74,31.28,80,Rain,moderate rain,3.67,None
P005,Gift Hamper,Malout,2025-03-10,149,22.03,52,Rain,overcast clouds,7.57,None
P005,Gift Hamper,Mohali,2025-03-10,238,38.67,47,Rain,overcast clouds,7.18,None
P005,Gift Hamper,Rajpura,2025-03-10,265,31.28,80,Rain,moderate rain,3.67,None
P005,Gift Hamper,Patiala,2025-03-10,208,31.1,51,Rain,scattered clouds,7.34,None
P005,Gift Hamper,Bathinda,2025-03-10,213,23.97,59,Clouds,moderate rain,9.88,None
P003,Moisturizer ,Mohali,2025-03-10,43,38.67,47,Rain,overcast clouds,7.18,None
P004,Pooja Articles,Rajpura,2025-03-10,134,31.28,80,Rain,moderate rain,3.67,None
P003,Moisturizer ,Bathinda,2025-03-10,74,23.97,59,Clouds,moderate rain,9.88,None
P001,Soft Drink ,Malout,2025-03-10,157,22.03,52,Rain,overcast clouds,7.57,None
P001,Soft Drink ,Mohali,2025-03-10,165,38.67,47,Rain,overcast clouds,7.18,None
P001,Soft Drink ,Rajpura,2025-03-10,152,31.28,80,Rain,moderate rain,3.67,None
P001,Soft Drink ,Patiala,2025-03-10,176,31.1,51,Rain,scattered clouds,7.34,None
P002,Sweets ,Bathinda,2025-03-10,124,23.97,59,Clouds,moderate rain,9.88,None
P001,Soft Drink ,Bathinda,2025-03-10,224,23.97,59,Clouds,moderate rain,9.88,None
P002,Sweets ,Malout,2025-03-10,118,22.03,52,Rain,overcast clouds,7.57,None
P002,Sweets ,Mohali,2025-03-10,138,38.67,47,Rain,overcast clouds,7.18,None
P002,Sweets ,Rajpura,2025-03-10,197,31.28,80,Rain,moderate rain,3.67,None
P002,Sweets ,Patiala,2025-03-10,106,31.1,51,Rain,scattered clouds,7.34,None
P003,Moisturizer ,Malout,2025-03-10,39,22.03,52,Rain,overcast clouds,7.57,None
P004,Pooja Articles,Bathinda,2025-03-11,157,21.66,54,Rain,light rain,3.45,None
P004,Pooja Articles,Malout,2025-03-11,150,39.54,52,Clear,moderate rain,2.26,None
P004,Pooja Articles,Mohali,2025-03-11,141,35.43,61,Clear,overcast clouds,4.25,None
P004,Pooja Articles,Rajpura,2025-03-11,170,32.99,55,Clear,overcast clouds,1.6,None
P004,Pooja Articles,Patiala,2025-03-11,143,37.76,59,Clear,moderate rain,2.18,None
P005,Gift Hamper,Malout,2025-03-11,214,39.54,52,Clear,moderate rain,2.26,None
P005,Gift Hamper,Mohali,2025-03-11,278,35.43,61,Clear,overcast clouds,4.25,None
P005,Gift Hamper,Rajpura,2025-03-11,225,32.99,55,Clear,overcast clouds,1.6,None
P005,Gift Hamper,Patiala,2025-03-11,215,37.76,59,Clear,moderate rain,2.18,None
P003,Moisturizer ,Patiala,2025-03-11,38,37.76,59,Clear,moderate rain,2.18,None
P005,Gift Hamper,Bathinda,2025-03-11,205,21.66,54,Rain,light rain,3.45,None
P003,Moisturizer ,Rajpura,2025-03-11,71,32.99,55,Clear,overcast clouds,1.6,None
P003,Moisturizer ,Mohali,2025-03-11,56,35.43,61,Clear,overcast clouds,4.25,None
P003,Moisturizer ,Malout,2025-03-11,76,39.54,52,Clear,moderate rain,2.26,None
P001,Soft Drink ,Malout,2025-03-11,184,39.54,52,Clear,moderate rain,2.26,None
P001,Soft Drink ,Mohali,2025-03-11,184,35.43,61,Clear,overcast clouds,4.25,None
P001,Soft Drink ,Rajpura,2025-03-11,184,32.99,55,Clear,overcast clouds,1.6,None
P001,Soft Drink ,Patiala,2025-03-11,197,37.76,59,Clear,moderate rain,2.18,None
P002,Sweets ,Bathinda,2025-03-11,138,21.66,54,Rain,light rain,3.45,None
P001,Soft Drink ,Bathinda,2025-03-11,232,21.66,54,Rain,light rain,3.45,None
P002,Sweets ,Mohali,2025-03-11,114,35.43,61,Clear,overcast clouds,4.25,None
P002,Sweets ,Rajpura,2025-03-11,109,32.99,55,Clear,overcast clouds,1.6,None
P002,Sweets ,Patiala,2025-03-11,159,37.76,59,Clear,moderate rain,2.18,None
P003,Moisturizer ,Bathinda,2025-03-11,75,21.66,54,Rain,light rain,3.45,None
P002,Sweets ,Malout,2025-03-11,115,39.54,52,Clear,moderate rain,2.26,None
P003,Moisturizer ,Patiala,2025-03-12,32,32.68,47,Clouds,overcast clouds,9.29,None
P004,Pooja Articles,Bathinda,2025-03-12,157,27.92,51,Clear,moderate rain,1.67,None
P004,Pooja Articles,Malout,2025-03-12,144,25.43,76,Rain,scattered clouds,8.51,None
P004,Pooja Articles,Mohali,2025-03-12,138,20.57,81,Rain,moderate rain,6.76,None
P004,Pooja Articles,Patiala,2025-03-12,183,32.68,47,Clouds,overcast clouds,9.29,None
P005,Gift Hamper,Malout,2025-03-12,235,25.43,76,Rain,scattered clouds,8.51,None
P005,Gift Hamper,Mohali,2025-03-12,245,20.57,81,Rain,moderate rain,6.76,None
P005,Gift Hamper,Rajpura,2025-03-12,193,27.71,59,Rain,scattered clouds,1.09,None
P005,Gift Hamper,Patiala,2025-03-12,221,32.68,47,Clouds,overcast clouds,9.29,None
P003,Moisturizer ,Rajpura,2025-03-12,78,27.71,59,Rain,scattered clouds,1.09,None
P005,Gift Hamper,Bathinda,2025-03-12,235,27.92,51,Clear,moderate rain,1.67,None
P003,Moisturizer ,Mohali,2025-03-12,88,20.57,81,Rain,moderate rain,6.76,None
P004,Pooja Articles,Rajpura,2025-03-12,167,27.71,59,Rain,scattered clouds,1.09,None
P003,Moisturizer ,Bathinda,2025-03-12,50,27.92,51,Clear,moderate rain,1.67,None
P003,Moisturizer ,Malout,2025-03-12,92,25.43,76,Rain,scattered clouds,8.51,None
P001,Soft Drink ,Malout,2025-03-12,178,25.43,76,Rain,scattered clouds,8.51,None
P001,Soft Drink ,Mohali,2025-03-12,138,20.57,81,Rain,moderate rain,6.76,None
P001,Soft Drink ,Rajpura,2025-03-12,166,27.71,59,Rain,scattered clouds,1.09,None
P001,Soft Drink ,Patiala,2025-03-12,186,32.68,47,Clouds,overcast clouds,9.29,None
P001,Soft Drink ,Bathinda,2025-03-12,163,27.92,51,Clear,moderate rain,1.67,None
P002,Sweets ,Malout,2025-03-12,118,25.43,76,Rain,scattered clouds,8.51,None
P002,Sweets ,Mohali,2025-03-12,119,20.57,81,Rain,moderate rain,6.76,None
P002,Sweets ,Rajpura,2025-03-12,97,27.71,59,Rain,scattered clouds,1.09,None
P002,Sweets ,Bathinda,2025-03-12,97,27.92,51,Clear,moderate rain,1.67,None
P002,Sweets ,Patiala,2025-03-12,132,32.68,47,Clouds,overcast clouds,9.29,None
P005,Gift Hamper,Patiala,2025-03-13,207,29.26,61,Clouds,light rain,7.39,Holika Dahana
P003,Moisturizer ,Patiala,2025-03-13,52,29.26,61,Clouds,light rain,7.39,Holika Dahana
P004,Pooja Articles,Bathinda,2025-03-13,105,36.95,71,Clear,overcast clouds,9.97,Holika Dahana
P004,Pooja Articles,Malout,2025-03-13,141,29.02,46,Clear,scattered clouds,4.51,Holika Dahana
P004,Pooja Articles,Mohali,2025-03-13,167,36.87,85,Clouds,moderate rain,9.84,Holika Dahana
P005,Gift Hamper,Bathinda,2025-03-13,227,36.95,71,Clear,overcast clouds,9.97,Holika Dahana
P005,Gift Hamper,Malout,2025-03-13,228,29.02,46,Clear,scattered clouds,4.51,Holika Dahana
P005,Gift Hamper,Mohali,2025-03-13,240,36.87,85,Clouds,moderate rain,9.84,Holika Dahana
P005,Gift Hamper,Rajpura,2025-03-13,232,29.25,66,Rain,light rain,9.2,Holika Dahana
P003,Moisturizer ,Rajpura,2025-03-13,70,29.25,66,Rain,light rain,9.2,Holika Dahana
P004,Pooja Articles,Patiala,2025-03-13,163,29.26,61,Clouds,light rain,7.39,Holika Dahana
P003,Moisturizer ,Mohali,2025-03-13,66,36.87,85,Clouds,moderate rain,9.84,Holika Dahana
P004,Pooja Articles,Rajpura,2025-03-13,117,29.25,66,Rain,light rain,9.2,Holika Dahana
P003,Moisturizer ,Bathinda,2025-03-13,58,36.95,71,Clear,overcast clouds,9.97,Holika Dahana
P002,Sweets ,Patiala,2025-03-13,153,29.26,61,Clouds,light rain,7.39,Holika Dahana
P002,Sweets ,Rajpura,2025-03-13,130,29.25,66,Rain,light rain,9.2,Holika Dahana
P002,Sweets ,Mohali,2025-03-13,130,36.87,85,Clouds,moderate rain,9.84,Holika Dahana
P002,Sweets ,Malout,2025-03-13,149,29.02,46,Clear,scattered clouds,4.51,Holika Dahana
P002,Sweets ,Bathinda,2025-03-13,69,36.95,71,Clear,overcast clouds,9.97,Holika Dahana
P001,Soft Drink ,Patiala,2025-03-13,158,29.26,61,Clouds,light rain,7.39,Holika Dahana
P001,Soft Drink ,Rajpura,2025-03-13,171,29.25,66,Rain,light rain,9.2,Holika Dahana
P001,Soft Drink ,Mohali,2025-03-13,202,36.87,85,Clouds,moderate rain,9.84,Holika Dahana
P001,Soft Drink ,Malout,2025-03-13,177,29.02,46,Clear,scattered clouds,4.51,Holika Dahana
P001,Soft Drink ,Bathinda,2025-03-13,208,36.95,71,Clear,overcast clouds,9.97,Holika Dahana
P003,Moisturizer ,Malout,2025-03-13,24,29.02,46,Clear,scattered clouds,4.51,Holika Dahana
P004,Pooja Articles,Mohali,2025-03-14,161,26.62,48,Rain,moderate rain,5.19,Dolyatra
P004,Pooja Articles,Mohali,2025-03-14,161,26.62,48,Rain,moderate rain,5.19,Holi
P004,Pooja Articles,Malout,2025-03-14,162,26.7,57,Rain,clear sky,7.11,Dolyatra
P004,Pooja Articles,Malout,2025-03-14,162,26.7,57,Rain,clear sky,7.11,Holi
P003,Moisturizer ,Rajpura,2025-03-14,31,38.2,49,Clouds,moderate rain,5.55,Dolyatra
P004,Pooja Articles,Bathinda,2025-03-14,148,29.91,63,Clear,overcast clouds,1.66,Holi
P003,Moisturizer ,Patiala,2025-03-14,55,23.75,49,Rain,light rain,8.58,Dolyatra
P003,Moisturizer ,Patiala,2025-03-14,55,23.75,49,Rain,light rain,8.58,Holi
P004,Pooja Articles,Rajpura,2025-03-14,109,38.2,49,Clouds,moderate rain,5.55,Holi
P004,Pooja Articles,Bathinda,2025-03-14,148,29.91,63,Clear,overcast clouds,1.66,Dolyatra
P004,Pooja Articles,Rajpura,2025-03-14,109,38.2,49,Clouds,moderate rain,5.55,Dolyatra
P005,Gift Hamper,Malout,2025-03-14,184,26.7,57,Rain,clear sky,7.11,Dolyatra
P004,Pooja Articles,Patiala,2025-03-14,165,23.75,49,Rain,light rain,8.58,Dolyatra
P005,Gift Hamper,Bathinda,2025-03-14,219,29.91,63,Clear,overcast clouds,1.66,Holi
P005,Gift Hamper,Bathinda,2025-03-14,219,29.91,63,Clear,overcast clouds,1.66,Dolyatra
P005,Gift Hamper,Malout,2025-03-14,184,26.7,57,Rain,clear sky,7.11,Holi
P005,Gift Hamper,Mohali,2025-03-14,251,26.62,48,Rain,moderate rain,5.19,Holi
P005,Gift Hamper,Mohali,2025-03-14,251,26.62,48,Rain,moderate rain,5.19,Dolyatra
P005,Gift Hamper,Rajpura,2025-03-14,247,38.2,49,Clouds,moderate rain,5.55,Holi
P005,Gift Hamper,Rajpura,2025-03-14,247,38.2,49,Clouds,moderate rain,5.55,Dolyatra
P005,Gift Hamper,Patiala,2025-03-14,240,23.75,49,Rain,light rain,8.58,Holi
P005,Gift Hamper,Patiala,2025-03-14,240,23.75,49,Rain,light rain,8.58,Dolyatra
P003,Moisturizer ,Rajpura,2025-03-14,31,38.2,49,Clouds,moderate rain,5.55,Holi
P004,Pooja Articles,Patiala,2025-03-14,165,23.75,49,Rain,light rain,8.58,Holi
P003,Moisturizer ,Mohali,2025-03-14,83,26.62,48,Rain,moderate rain,5.19,Dolyatra
P002,Sweets ,Malout,2025-03-14,125,26.7,57,Rain,clear sky,7.11,Holi
P003,Moisturizer ,Malout,2025-03-14,59,26.7,57,Rain,clear sky,7.11,Dolyatra
P003,Moisturizer ,Mohali,2025-03-14,83,26.62,48,Rain,moderate rain,5.19,Holi
P001,Soft Drink ,Bathinda,2025-03-14,151,29.91,63,Clear,overcast clouds,1.66,Holi
P001,Soft Drink ,Bathinda,2025-03-14,151,29.91,63,Clear,overcast clouds,1.66,Dolyatra
P001,Soft Drink ,Malout,2025-03-14,185,26.7,57,Rain,clear sky,7.11,Holi
P001,Soft Drink ,Malout,2025-03-14,185,26.7,57,Rain,clear sky,7.11,Dolyatra
P001,Soft Drink ,Mohali,2025-03-14,170,26.62,48,Rain,moderate rain,5.19,Holi
P001,Soft Drink ,Mohali,2025-03-14,170,26.62,48,Rain,moderate rain,5.19,Dolyatra
P001,Soft Drink ,Rajpura,2025-03-14,192,38.2,49,Clouds,moderate rain,5.55,Dolyatra
P001,Soft Drink ,Patiala,2025-03-14,217,23.75,49,Rain,light rain,8.58,Holi
P001,Soft Drink ,Patiala,2025-03-14,217,23.75,49,Rain,light rain,8.58,Dolyatra
P002,Sweets ,Bathinda,2025-03-14,112,29.91,63,Clear,overcast clouds,1.66,Holi
P001,Soft Drink ,Rajpura,2025-03-14,192,38.2,49,Clouds,moderate rain,5.55,Holi
P002,Sweets ,Malout,2025-03-14,125,26.7,57,Rain,clear sky,7.11,Dolyatra
P002,Sweets ,Mohali,2025-03-14,156,26.62,48,Rain,moderate rain,5.19,Holi
P002,Sweets ,Mohali,2025-03-14,156,26.62,48,Rain,moderate rain,5.19,Dolyatra
P002,Sweets ,Rajpura,2025-03-14,122,38.2,49,Clouds,moderate rain,5.55,Holi
P002,Sweets ,Rajpura,2025-03-14,122,38.2,49,Clouds,moderate rain,5.55,Dolyatra
P002,Sweets ,Patiala,2025-03-14,144,23.75,49,Rain,light rain,8.58,Holi
P002,Sweets ,Patiala,2025-03-14,144,23.75,49,Rain,light rain,8.58,Dolyatra
P003,Moisturizer ,Bathinda,2025-03-14,49,29.91,63,Clear,overcast clouds,1.66,Holi
P003,Moisturizer ,Bathinda,2025-03-14,49,29.91,63,Clear,overcast clouds,1.66,Dolyatra
P002,Sweets ,Bathinda,2025-03-14,112,29.91,63,Clear,overcast clouds,1.66,Dolyatra
P003,Moisturizer ,Malout,2025-03-14,59,26.7,57,Rain,clear sky,7.11,Holi
P005,Gift Hamper,Patiala,2025-03-15,248,23.21,45,Clear,scattered clouds,6.13,None
P003,Moisturizer ,Patiala,2025-03-15,67,23.21,45,Clear,scattered clouds,6.13,None
P004,Pooja Articles,Bathinda,2025-03-15,174,25.99,75,Clear,overcast clouds,6.13,None
P004,Pooja Articles,Malout,2025-03-15,142,23.39,85,Rain,clear sky,8.74,None
P004,Pooja Articles,Mohali,2025-03-15,119,36.39,80,Clouds,overcast clouds,3.2,None
P005,Gift Hamper,Rajpura,2025-03-15,193,39.21,56,Rain,moderate rain,8.77,None
P005,Gift Hamper,Bathinda,2025-03-15,229,25.99,75,Clear,overcast clouds,6.13,None
P005,Gift Hamper,Malout,2025-03-15,223,23.39,85,Rain,clear sky,8.74,None
P005,Gift Hamper,Mohali,2025-03-15,235,36.39,80,Clouds,overcast clouds,3.2,None
P003,Moisturizer ,Rajpura,2025-03-15,32,39.21,56,Rain,moderate rain,8.77,None
P004,Pooja Articles,Patiala,2025-03-15,135,23.21,45,Clear,scattered clouds,6.13,None
P003,Moisturizer ,Mohali,2025-03-15,77,36.39,80,Clouds,overcast clouds,3.2,None
P004,Pooja Articles,Rajpura,2025-03-15,194,39.21,56,Rain,moderate rain,8.77,None
P003,Moisturizer ,Bathinda,2025-03-15,87,25.99,75,Clear,overcast clouds,6.13,None
P001,Soft Drink ,Bathinda,2025-03-15,207,25.99,75,Clear,overcast clouds,6.13,None
P001,Soft Drink ,Malout,2025-03-15,137,23.39,85,Rain,clear sky,8.74,None
P001,Soft Drink ,Mohali,2025-03-15,166,36.39,80,Clouds,overcast clouds,3.2,None
P001,Soft Drink ,Rajpura,2025-03-15,175,39.21,56,Rain,moderate rain,8.77,None
P001,Soft Drink ,Patiala,2025-03-15,203,23.21,45,Clear,scattered clouds,6.13,None
P003,Moisturizer ,Malout,2025-03-15,77,23.39,85,Rain,clear sky,8.74,None
P002,Sweets ,Malout,2025-03-15,110,23.39,85,Rain,clear sky,8.74,None
P002,Sweets ,Mohali,2025-03-15,136,36.39,80,Clouds,overcast clouds,3.2,None
P002,Sweets ,Rajpura,2025-03-15,117,39.21,56,Rain,moderate rain,8.77,None
P002,Sweets ,Patiala,2025-03-15,94,23.21,45,Clear,scattered clouds,6.13,None
P002,Sweets ,Bathinda,2025-03-15,95,25.99,75,Clear,overcast clouds,6.13,None
P003,Moisturizer ,Patiala,2025-03-16,99,23.23,46,Clouds,light rain,3.6,None
P004,Pooja Articles,Bathinda,2025-03-16,155,34.34,69,Clear,overcast clouds,2.48,None
P004,Pooja Articles,Malout,2025-03-16,183,34.17,89,Clear,scattered clouds,7.42,None
P004,Pooja Articles,Mohali,2025-03-16,180,35.22,82,Clouds,scattered clouds,7.79,None
P004,Pooja Articles,Rajpura,2025-03-16,133,37.36,90,Rain,clear sky,2.6,None
P005,Gift Hamper,Bathinda,2025-03-16,205,34.34,69,Clear,overcast clouds,2.48,None
P005,Gift Hamper,Malout,2025-03-16,198,34.17,89,Clear,scattered clouds,7.42,None
P005,Gift Hamper,Mohali,2025-03-16,221,35.22,82,Clouds,scattered clouds,7.79,None
P005,Gift Hamper,Rajpura,2025-03-16,247,37.36,90,Rain,clear sky,2.6,None
P003,Moisturizer ,Rajpura,2025-03-16,77,37.36,90,Rain,clear sky,2.6,None
P004,Pooja Articles,Patiala,2025-03-16,166,23.23,46,Clouds,light rain,3.6,None
P005,Gift Hamper,Patiala,2025-03-16,214,23.23,46,Clouds,light rain,3.6,None
P003,Moisturizer ,Mohali,2025-03-16,70,35.22,82,Clouds,scattered clouds,7.79,None
P003,Moisturizer ,Bathinda,2025-03-16,62,34.34,69,Clear,overcast clouds,2.48,None
P003,Moisturizer ,Malout,2025-03-16,28,34.17,89,Clear,scattered clouds,7.42,None
P001,Soft Drink ,Bathinda,2025-03-16,191,34.34,69,Clear,overcast clouds,2.48,None
P001,Soft Drink ,Malout,2025-03-16,191,34.17,89,Clear,scattered clouds,7.42,None
P001,Soft Drink ,Rajpura,2025-03-16,178,37.36,90,Rain,clear sky,2.6,None
P001,Soft Drink ,Patiala,2025-03-16,159,23.23,46,Clouds,light rain,3.6,None
P001,Soft Drink ,Mohali,2025-03-16,143,35.22,82,Clouds,scattered clouds,7.79,None
P002,Sweets ,Malout,2025-03-16,140,34.17,89,Clear,scattered clouds,7.42,None
P002,Sweets ,Mohali,2025-03-16,149,35.22,82,Clouds,scattered clouds,7.79,None
P002,Sweets ,Rajpura,2025-03-16,117,37.36,90,Rain,clear sky,2.6,None
P002,Sweets ,Patiala,2025-03-16,119,23.23,46,Clouds,light rain,3.6,None
P002,Sweets ,Bathinda,2025-03-16,98,34.34,69,Clear,overcast clouds,2.48,None
P004,Pooja Articles,Mohali,2025-03-17,196,23.63,50,Rain,overcast clouds,8.34,None
P003,Moisturizer ,Patiala,2025-03-17,80,27.72,46,Rain,light rain,2.09,None
P004,Pooja Articles,Bathinda,2025-03-17,171,37.39,76,Rain,overcast clouds,1.66,None
P004,Pooja Articles,Malout,2025-03-17,158,32.77,61,Rain,clear sky,6.41,None
P004,Pooja Articles,Rajpura,2025-03-17,155,20.14,88,Clear,overcast clouds,7.58,None
P003,Moisturizer ,Rajpura,2025-03-17,24,20.14,88,Clear,overcast clouds,7.58,None
P005,Gift Hamper,Bathinda,2025-03-17,202,37.39,76,Rain,overcast clouds,1.66,None
P005,Gift Hamper,Malout,2025-03-17,228,32.77,61,Rain,clear sky,6.41,None
P005,Gift Hamper,Mohali,2025-03-17,240,23.63,50,Rain,overcast clouds,8.34,None
P005,Gift Hamper,Rajpura,2025-03-17,197,20.14,88,Clear,overcast clouds,7.58,None
P004,Pooja Articles,Patiala,2025-03-17,165,27.72,46,Rain,light rain,2.09,None
P003,Moisturizer ,Mohali,2025-03-17,65,23.63,50,Rain,overcast clouds,8.34,None
P005,Gift Hamper,Patiala,2025-03-17,210,27.72,46,Rain,light rain,2.09,None
P003,Moisturizer ,Bathinda,2025-03-17,36,37.39,76,Rain,overcast clouds,1.66,None
P001,Soft Drink ,Bathinda,2025-03-17,190,37.39,76,Rain,overcast clouds,1.66,None
P001,Soft Drink ,Malout,2025-03-17,161,32.77,61,Rain,clear sky,6.41,None
P001,Soft Drink ,Mohali,2025-03-17,150,23.63,50,Rain,overcast clouds,8.34,None
P001,Soft Drink ,Rajpura,2025-03-17,185,20.14,88,Clear,overcast clouds,7.58,None
P001,Soft Drink ,Patiala,2025-03-17,162,27.72,46,Rain,light rain,2.09,None
P003,Moisturizer ,Malout,2025-03-17,68,32.77,61,Rain,clear sky,6.41,None
P002,Sweets ,Malout,2025-03-17,156,32.77,61,Rain,clear sky,6.41,None
P002,Sweets ,Mohali,2025-03-17,57,23.63,50,Rain,overcast clouds,8.34,None
P002,Sweets ,Rajpura,2025-03-17,114,20.14,88,Clear,overcast clouds,7.58,None
P002,Sweets ,Patiala,2025-03-17,137,27.72,46,Rain,light rain,2.09,None
P002,Sweets ,Bathinda,2025-03-17,142,37.39,76,Rain,overcast clouds,1.66,None
P004,Pooja Articles,Bathinda,2025-03-18,152,22.84,69,Clear,moderate rain,8.78,None
P004,Pooja Articles,Malout,2025-03-18,169,28.12,85,Clear,moderate rain,2.15,None
P004,Pooja Articles,Mohali,2025-03-18,147,37.68,60,Clouds,overcast clouds,6.51,None
P004,Pooja Articles,Rajpura,2025-03-18,170,28.67,60,Clear,moderate rain,8.64,None
P004,Pooja Articles,Patiala,2025-03-18,164,28.89,84,Clouds,overcast clouds,8.27,None
P005,Gift Hamper,Malout,2025-03-18,252,28.12,85,Clear,moderate rain,2.15,None
P005,Gift Hamper,Mohali,2025-03-18,245,37.68,60,Clouds,overcast clouds,6.51,None
P005,Gift Hamper,Rajpura,2025-03-18,222,28.67,60,Clear,moderate rain,8.64,None
P005,Gift Hamper,Patiala,2025-03-18,217,28.89,84,Clouds,overcast clouds,8.27,None
P003,Moisturizer ,Patiala,2025-03-18,53,28.89,84,Clouds,overcast clouds,8.27,None
P005,Gift Hamper,Bathinda,2025-03-18,224,22.84,69,Clear,moderate rain,8.78,None
P003,Moisturizer ,Rajpura,2025-03-18,93,28.67,60,Clear,moderate rain,8.64,None
P003,Moisturizer ,Mohali,2025-03-18,55,37.68,60,Clouds,overcast clouds,6.51,None
P003,Moisturizer ,Malout,2025-03-18,65,28.12,85,Clear,moderate rain,2.15,None
P001,Soft Drink ,Malout,2025-03-18,116,28.12,85,Clear,moderate rain,2.15,None
P001,Soft Drink ,Mohali,2025-03-18,175,37.68,60,Clouds,overcast clouds,6.51,None
P001,Soft Drink ,Rajpura,2025-03-18,188,28.67,60,Clear,moderate rain,8.64,None
P001,Soft Drink ,Patiala,2025-03-18,200,28.89,84,Clouds,overcast clouds,8.27,None
P002,Sweets ,Bathinda,2025-03-18,131,22.84,69,Clear,moderate rain,8.78,None
P001,Soft Drink ,Bathinda,2025-03-18,173,22.84,69,Clear,moderate rain,8.78,None
P002,Sweets ,Mohali,2025-03-18,166,37.68,60,Clouds,overcast clouds,6.51,None
P002,Sweets ,Rajpura,2025-03-18,100,28.67,60,Clear,moderate rain,8.64,None
P002,Sweets ,Patiala,2025-03-18,121,28.89,84,Clouds,overcast clouds,8.27,None
P003,Moisturizer ,Bathinda,2025-03-18,46,22.84,69,Clear,moderate rain,8.78,None
P002,Sweets ,Malout,2025-03-18,141,28.12,85,Clear,moderate rain,2.15,None
P004,Pooja Articles,Bathinda,2025-03-19,133,35.92,51,Clouds,light rain,8.51,None
P004,Pooja Articles,Malout,2025-03-19,87,39.38,80,Rain,clear sky,5.79,None
P004,Pooja Articles,Mohali,2025-03-19,149,29.95,45,Clouds,light rain,3.08,None
P004,Pooja Articles,Rajpura,2025-03-19,117,23.77,54,Rain,light rain,4.88,None
P004,Pooja Articles,Patiala,2025-03-19,145,25.33,76,Clouds,clear sky,8.01,None
P005,Gift Hamper,Malout,2025-03-19,199,39.38,80,Rain,clear sky,5.79,None
P005,Gift Hamper,Mohali,2025-03-19,236,29.95,45,Clouds,light rain,3.08,None
P005,Gift Hamper,Rajpura,2025-03-19,179,23.77,54,Rain,light rain,4.88,None
P005,Gift Hamper,Patiala,2025-03-19,227,25.33,76,Clouds,clear sky,8.01,None
P003,Moisturizer ,Patiala,2025-03-19,87,25.33,76,Clouds,clear sky,8.01,None
P005,Gift Hamper,Bathinda,2025-03-19,218,35.92,51,Clouds,light rain,8.51,None
P003,Moisturizer ,Rajpura,2025-03-19,76,23.77,54,Rain,light rain,4.88,None
P003,Moisturizer ,Mohali,2025-03-19,59,29.95,45,Clouds,light rain,3.08,None
P003,Moisturizer ,Malout,2025-03-19,73,39.38,80,Rain,clear sky,5.79,None
P001,Soft Drink ,Malout,2025-03-19,180,39.38,80,Rain,clear sky,5.79,None
P001,Soft Drink ,Mohali,2025-03-19,199,29.95,45,Clouds,light rain,3.08,None
P001,Soft Drink ,Rajpura,2025-03-19,145,23.77,54,Rain,light rain,4.88,None
P001,Soft Drink ,Patiala,2025-03-19,146,25.33,76,Clouds,clear sky,8.01,None
P002,Sweets ,Bathinda,2025-03-19,96,35.92,51,Clouds,light rain,8.51,None
P001,Soft Drink ,Bathinda,2025-03-19,187,35.92,51,Clouds,light rain,8.51,None
P002,Sweets ,Mohali,2025-03-19,118,29.95,45,Clouds,light rain,3.08,None
P002,Sweets ,Rajpura,2025-03-19,150,23.77,54,Rain,light rain,4.88,None
P002,Sweets ,Patiala,2025-03-19,138,25.33,76,Clouds,clear sky,8.01,None
P003,Moisturizer ,Bathinda,2025-03-19,31,35.92,51,Clouds,light rain,8.51,None
P002,Sweets ,Malout,2025-03-19,101,39.38,80,Rain,clear sky,5.79,None
P004,Pooja Articles,Bathinda,2025-03-20,137,33.87,65,Clear,overcast clouds,1.29,None
P004,Pooja Articles,Malout,2025-03-20,167,23.34,65,Clear,overcast clouds,1.42,None
P004,Pooja Articles,Mohali,2025-03-20,139,33.55,74,Clouds,light rain,5.91,None
P004,Pooja Articles,Rajpura,2025-03-20,121,22.81,60,Clear,light rain,6.77,None
P004,Pooja Articles,Patiala,2025-03-20,130,23.12,60,Rain,overcast clouds,1.19,None
P005,Gift Hamper,Malout,2025-03-20,188,23.34,65,Clear,overcast clouds,1.42,None
P005,Gift Hamper,Mohali,2025-03-20,237,33.55,74,Clouds,light rain,5.91,None
P005,Gift Hamper,Rajpura,2025-03-20,203,22.81,60,Clear,light rain,6.77,None
P005,Gift Hamper,Patiala,2025-03-20,198,23.12,60,Rain,overcast clouds,1.19,None
P003,Moisturizer ,Patiala,2025-03-20,68,23.12,60,Rain,overcast clouds,1.19,None
P005,Gift Hamper,Bathinda,2025-03-20,217,33.87,65,Clear,overcast clouds,1.29,None
P003,Moisturizer ,Rajpura,2025-03-20,17,22.81,60,Clear,light rain,6.77,None
P003,Moisturizer ,Mohali,2025-03-20,97,33.55,74,Clouds,light rain,5.91,None
P003,Moisturizer ,Malout,2025-03-20,77,23.34,65,Clear,overcast clouds,1.42,None
P001,Soft Drink ,Malout,2025-03-20,185,23.34,65,Clear,overcast clouds,1.42,None
P001,Soft Drink ,Mohali,2025-03-20,204,33.55,74,Clouds,light rain,5.91,None
P001,Soft Drink ,Rajpura,2025-03-20,200,22.81,60,Clear,light rain,6.77,None
P001,Soft Drink ,Patiala,2025-03-20,176,23.12,60,Rain,overcast clouds,1.19,None
P002,Sweets ,Bathinda,2025-03-20,152,33.87,65,Clear,overcast clouds,1.29,None
P001,Soft Drink ,Bathinda,2025-03-20,149,33.87,65,Clear,overcast clouds,1.29,None
P002,Sweets ,Mohali,2025-03-20,180,33.55,74,Clouds,light rain,5.91,None
P002,Sweets ,Rajpura,2025-03-20,94,22.81,60,Clear,light rain,6.77,None
P002,Sweets ,Patiala,2025-03-20,106,23.12,60,Rain,overcast clouds,1.19,None
P003,Moisturizer ,Bathinda,2025-03-20,67,33.87,65,Clear,overcast clouds,1.29,None
P002,Sweets ,Malout,2025-03-20,134,23.34,65,Clear,overcast clouds,1.42,None
P003,Moisturizer ,Patiala,2025-03-21,75,38.99,46,Clear,moderate rain,4.99,None
P004,Pooja Articles,Bathinda,2025-03-21,158,30.16,72,Clouds,overcast clouds,9.51,None
P004,Pooja Articles,Malout,2025-03-21,143,20.96,41,Rain,overcast clouds,7.97,None
P004,Pooja Articles,Mohali,2025-03-21,165,23.29,66,Rain,overcast clouds,3.13,None
P004,Pooja Articles,Rajpura,2025-03-21,89,26.17,47,Rain,moderate rain,4.71,None
P005,Gift Hamper,Bathinda,2025-03-21,213,30.16,72,Clouds,overcast clouds,9.51,None
P005,Gift Hamper,Malout,2025-03-21,228,20.96,41,Rain,overcast clouds,7.97,None
P005,Gift Hamper,Mohali,2025-03-21,257,23.29,66,Rain,overcast clouds,3.13,None
P005,Gift Hamper,Rajpura,2025-03-21,233,26.17,47,Rain,moderate rain,4.71,None
P003,Moisturizer ,Rajpura,2025-03-21,111,26.17,47,Rain,moderate rain,4.71,None
P004,Pooja Articles,Patiala,2025-03-21,132,38.99,46,Clear,moderate rain,4.99,None
P003,Moisturizer ,Mohali,2025-03-21,57,23.29,66,Rain,overcast clouds,3.13,None
P005,Gift Hamper,Patiala,2025-03-21,224,38.99,46,Clear,moderate rain,4.99,None
P003,Moisturizer ,Bathinda,2025-03-21,86,30.16,72,Clouds,overcast clouds,9.51,None
P001,Soft Drink ,Bathinda,2025-03-21,165,30.16,72,Clouds,overcast clouds,9.51,None
P001,Soft Drink ,Malout,2025-03-21,215,20.96,41,Rain,overcast clouds,7.97,None
P001,Soft Drink ,Mohali,2025-03-21,205,23.29,66,Rain,overcast clouds,3.13,None
P001,Soft Drink ,Rajpura,2025-03-21,215,26.17,47,Rain,moderate rain,4.71,None
P001,Soft Drink ,Patiala,2025-03-21,160,38.99,46,Clear,moderate rain,4.99,None
P003,Moisturizer ,Malout,2025-03-21,40,20.96,41,Rain,overcast clouds,7.97,None
P002,Sweets ,Malout,2025-03-21,157,20.96,41,Rain,overcast clouds,7.97,None
P002,Sweets ,Mohali,2025-03-21,148,23.29,66,Rain,overcast clouds,3.13,None
P002,Sweets ,Rajpura,2025-03-21,133,26.17,47,Rain,moderate rain,4.71,None
P002,Sweets ,Patiala,2025-03-21,94,38.99,46,Clear,moderate rain,4.99,None
P002,Sweets ,Bathinda,2025-03-21,135,30.16,72,Clouds,overcast clouds,9.51,None
P004,Pooja Articles,Bathinda,2025-03-22,128,29.2,51,Rain,light rain,1.61,None
P004,Pooja Articles,Malout,2025-03-22,148,26.43,82,Clouds,moderate rain,1.43,None
P004,Pooja Articles,Mohali,2025-03-22,161,32.69,44,Clouds,overcast clouds,2.57,None
P004,Pooja Articles,Rajpura,2025-03-22,102,35.83,63,Clear,scattered clouds,7.02,None
P004,Pooja Articles,Patiala,2025-03-22,148,23.13,81,Clouds,clear sky,8.47,None
P005,Gift Hamper,Malout,2025-03-22,189,26.43,82,Clouds,moderate rain,1.43,None
P005,Gift Hamper,Mohali,2025-03-22,216,32.69,44,Clouds,overcast clouds,2.57,None
P005,Gift Hamper,Rajpura,2025-03-22,238,35.83,63,Clear,scattered clouds,7.02,None
P005,Gift Hamper,Patiala,2025-03-22,187,23.13,81,Clouds,clear sky,8.47,None
P003,Moisturizer ,Patiala,2025-03-22,72,23.13,81,Clouds,clear sky,8.47,None
P005,Gift Hamper,Bathinda,2025-03-22,205,29.2,51,Rain,light rain,1.61,None
P003,Moisturizer ,Rajpura,2025-03-22,94,35.83,63,Clear,scattered clouds,7.02,None
P003,Moisturizer ,Mohali,2025-03-22,46,32.69,44,Clouds,overcast clouds,2.57,None
P003,Moisturizer ,Malout,2025-03-22,58,26.43,82,Clouds,moderate rain,1.43,None
P001,Soft Drink ,Malout,2025-03-22,152,26.43,82,Clouds,moderate rain,1.43,None
P001,Soft Drink ,Mohali,2025-03-22,175,32.69,44,Clouds,overcast clouds,2.57,None
P001,Soft Drink ,Rajpura,2025-03-22,193,35.83,63,Clear,scattered clouds,7.02,None
P001,Soft Drink ,Patiala,2025-03-22,140,23.13,81,Clouds,clear sky,8.47,None
P002,Sweets ,Bathinda,2025-03-22,141,29.2,51,Rain,light rain,1.61,None
P001,Soft Drink ,Bathinda,2025-03-22,108,29.2,51,Rain,light rain,1.61,None
P002,Sweets ,Mohali,2025-03-22,121,32.69,44,Clouds,overcast clouds,2.57,None
P002,Sweets ,Rajpura,2025-03-22,89,35.83,63,Clear,scattered clouds,7.02,None
P002,Sweets ,Patiala,2025-03-22,170,23.13,81,Clouds,clear sky,8.47,None
P003,Moisturizer ,Bathinda,2025-03-22,32,29.2,51,Rain,light rain,1.61,None
P002,Sweets ,Malout,2025-03-22,117,26.43,82,Clouds,moderate rain,1.43,None
P003,Moisturizer ,Patiala,2025-03-23,41,39.14,83,Clear,moderate rain,3.26,None
P004,Pooja Articles,Bathinda,2025-03-23,144,32.7,44,Clear,clear sky,9.79,None
P004,Pooja Articles,Malout,2025-03-23,101,38.62,86,Clear,overcast clouds,7.4,None
P004,Pooja Articles,Mohali,2025-03-23,142,31.51,47,Clouds,light rain,5.27,None
P004,Pooja Articles,Rajpura,2025-03-23,154,26.81,82,Clouds,light rain,8.24,None
P005,Gift Hamper,Bathinda,2025-03-23,214,32.7,44,Clear,clear sky,9.79,None
P005,Gift Hamper,Malout,2025-03-23,231,38.62,86,Clear,overcast clouds,7.4,None
P005,Gift Hamper,Mohali,2025-03-23,219,31.51,47,Clouds,light rain,5.27,None
P005,Gift Hamper,Rajpura,2025-03-23,217,26.81,82,Clouds,light rain,8.24,None
P003,Moisturizer ,Rajpura,2025-03-23,51,26.81,82,Clouds,light rain,8.24,None
P004,Pooja Articles,Patiala,2025-03-23,143,39.14,83,Clear,moderate rain,3.26,None
P003,Moisturizer ,Mohali,2025-03-23,68,31.51,47,Clouds,light rain,5.27,None
P005,Gift Hamper,Patiala,2025-03-23,241,39.14,83,Clear,moderate rain,3.26,None
P003,Moisturizer ,Bathinda,2025-03-23,3,32.7,44,Clear,clear sky,9.79,None
P001,Soft Drink ,Bathinda,2025-03-23,158,32.7,44,Clear,clear sky,9.79,None
P001,Soft Drink ,Malout,2025-03-23,193,38.62,86,Clear,overcast clouds,7.4,None
P001,Soft Drink ,Mohali,2025-03-23,207,31.51,47,Clouds,light rain,5.27,None
P001,Soft Drink ,Rajpura,2025-03-23,189,26.81,82,Clouds,light rain,8.24,None
P001,Soft Drink ,Patiala,2025-03-23,178,39.14,83,Clear,moderate rain,3.26,None
P003,Moisturizer ,Malout,2025-03-23,140,38.62,86,Clear,overcast clouds,7.4,None
P002,Sweets ,Malout,2025-03-23,138,38.62,86,Clear,overcast clouds,7.4,None
P002,Sweets ,Mohali,2025-03-23,191,31.51,47,Clouds,light rain,5.27,None
P002,Sweets ,Rajpura,2025-03-23,84,26.81,82,Clouds,light rain,8.24,None
P002,Sweets ,Patiala,2025-03-23,111,39.14,83,Clear,moderate rain,3.26,None
P002,Sweets ,Bathinda,2025-03-23,146,32.7,44,Clear,clear sky,9.79,None
P003,Moisturizer ,Patiala,2025-03-24,30,32.59,66,Clouds,scattered clouds,2.55,None
P004,Pooja Articles,Bathinda,2025-03-24,186,28.46,86,Rain,moderate rain,6.0,None
P004,Pooja Articles,Malout,2025-03-24,151,39.48,71,Rain,clear sky,7.01,None
P004,Pooja Articles,Mohali,2025-03-24,136,28.07,86,Rain,scattered clouds,8.28,None
P004,Pooja Articles,Rajpura,2025-03-24,144,34.8,43,Clear,clear sky,4.46,None
P005,Gift Hamper,Bathinda,2025-03-24,248,28.46,86,Rain,moderate rain,6.0,None
P005,Gift Hamper,Malout,2025-03-24,232,39.48,71,Rain,clear sky,7.01,None
P005,Gift Hamper,Mohali,2025-03-24,254,28.07,86,Rain,scattered clouds,8.28,None
P005,Gift Hamper,Rajpura,2025-03-24,232,34.8,43,Clear,clear sky,4.46,None
P003,Moisturizer ,Rajpura,2025-03-24,79,34.8,43,Clear,clear sky,4.46,None
P004,Pooja Articles,Patiala,2025-03-24,121,32.59,66,Clouds,scattered clouds,2.55,None
P003,Moisturizer ,Mohali,2025-03-24,68,28.07,86,Rain,scattered clouds,8.28,None
P005,Gift Hamper,Patiala,2025-03-24,202,32.59,66,Clouds,scattered clouds,2.55,None
P003,Moisturizer ,Bathinda,2025-03-24,64,28.46,86,Rain,moderate rain,6.0,None
P001,Soft Drink ,Bathinda,2025-03-24,209,28.46,86,Rain,moderate rain,6.0,None
P001,Soft Drink ,Malout,2025-03-24,170,39.48,71,Rain,clear sky,7.01,None
P001,Soft Drink ,Mohali,2025-03-24,138,28.07,86,Rain,scattered clouds,8.28,None
P001,Soft Drink ,Rajpura,2025-03-24,189,34.8,43,Clear,clear sky,4.46,None
P001,Soft Drink ,Patiala,2025-03-24,189,32.59,66,Clouds,scattered clouds,2.55,None
P003,Moisturizer ,Malout,2025-03-24,36,39.48,71,Rain,clear sky,7.01,None
P002,Sweets ,Malout,2025-03-24,99,39.48,71,Rain,clear sky,7.01,None
P002,Sweets ,Mohali,2025-03-24,140,28.07,86,Rain,scattered clouds,8.28,None
P002,Sweets ,Rajpura,2025-03-24,142,34.8,43,Clear,clear sky,4.46,None
P002,Sweets ,Patiala,2025-03-24,74,32.59,66,Clouds,scattered clouds,2.55,None
P002,Sweets ,Bathinda,2025-03-24,89,28.46,86,Rain,moderate rain,6.0,None
P003,Moisturizer ,Patiala,2025-03-25,71,30.19,73,Clouds,overcast clouds,6.83,None
P004,Pooja Articles,Bathinda,2025-03-25,119,32.36,40,Rain,light rain,1.45,None
P004,Pooja Articles,Malout,2025-03-25,136,38.65,82,Clouds,light rain,6.57,None
P004,Pooja Articles,Mohali,2025-03-25,186,32.57,53,Rain,clear sky,8.11,None
P004,Pooja Articles,Rajpura,2025-03-25,179,39.94,64,Clouds,scattered clouds,3.52,None
P005,Gift Hamper,Bathinda,2025-03-25,197,32.36,40,Rain,light rain,1.45,None
P005,Gift Hamper,Malout,2025-03-25,190,38.65,82,Clouds,light rain,6.57,None
P005,Gift Hamper,Mohali,2025-03-25,180,32.57,53,Rain,clear sky,8.11,None
P005,Gift Hamper,Rajpura,2025-03-25,255,39.94,64,Clouds,scattered clouds,3.52,None
P003,Moisturizer ,Rajpura,2025-03-25,49,39.94,64,Clouds,scattered clouds,3.52,None
P004,Pooja Articles,Patiala,2025-03-25,113,30.19,73,Clouds,overcast clouds,6.83,None
P005,Gift Hamper,Patiala,2025-03-25,202,30.19,73,Clouds,overcast clouds,6.83,None
P003,Moisturizer ,Mohali,2025-03-25,97,32.57,53,Rain,clear sky,8.11,None
P003,Moisturizer ,Bathinda,2025-03-25,79,32.36,40,Rain,light rain,1.45,None
P003,Moisturizer ,Malout,2025-03-25,63,38.65,82,Clouds,light rain,6.57,None
P001,Soft Drink ,Bathinda,2025-03-25,147,32.36,40,Rain,light rain,1.45,None
P001,Soft Drink ,Malout,2025-03-25,220,38.65,82,Clouds,light rain,6.57,None
P001,Soft Drink ,Rajpura,2025-03-25,220,39.94,64,Clouds,scattered clouds,3.52,None
P001,Soft Drink ,Patiala,2025-03-25,175,30.19,73,Clouds,overcast clouds,6.83,None
P001,Soft Drink ,Mohali,2025-03-25,163,32.57,53,Rain,clear sky,8.11,None
P002,Sweets ,Malout,2025-03-25,113,38.65,82,Clouds,light rain,6.57,None
P002,Sweets ,Mohali,2025-03-25,128,32.57,53,Rain,clear sky,8.11,None
P002,Sweets ,Rajpura,2025-03-25,145,39.94,64,Clouds,scattered clouds,3.52,None
P002,Sweets ,Patiala,2025-03-25,110,30.19,73,Clouds,overcast clouds,6.83,None
P002,Sweets ,Bathinda,2025-03-25,123,32.36,40,Rain,light rain,1.45,None
P004,Pooja Articles,Mohali,2025-03-26,143,22.92,52,Clear,moderate rain,3.49,None
P003,Moisturizer ,Patiala,2025-03-26,50,23.36,60,Rain,light rain,9.73,None
P004,Pooja Articles,Bathinda,2025-03-26,183,30.21,66,Rain,moderate rain,7.65,None
P004,Pooja Articles,Malout,2025-03-26,165,23.89,77,Clouds,light rain,3.06,None
P004,Pooja Articles,Rajpura,2025-03-26,157,22.0,61,Rain,clear sky,2.64,None
P003,Moisturizer ,Rajpura,2025-03-26,65,22.0,61,Rain,clear sky,2.64,None
P005,Gift Hamper,Bathinda,2025-03-26,228,30.21,66,Rain,moderate rain,7.65,None
P005,Gift Hamper,Malout,2025-03-26,247,23.89,77,Clouds,light rain,3.06,None
P005,Gift Hamper,Mohali,2025-03-26,258,22.92,52,Clear,moderate rain,3.49,None
P005,Gift Hamper,Rajpura,2025-03-26,199,22.0,61,Rain,clear sky,2.64,None
P004,Pooja Articles,Patiala,2025-03-26,164,23.36,60,Rain,light rain,9.73,None
P003,Moisturizer ,Mohali,2025-03-26,34,22.92,52,Clear,moderate rain,3.49,None
P005,Gift Hamper,Patiala,2025-03-26,193,23.36,60,Rain,light rain,9.73,None
P003,Moisturizer ,Bathinda,2025-03-26,78,30.21,66,Rain,moderate rain,7.65,None
P001,Soft Drink ,Bathinda,2025-03-26,223,30.21,66,Rain,moderate rain,7.65,None
P001,Soft Drink ,Malout,2025-03-26,197,23.89,77,Clouds,light rain,3.06,None
P001,Soft Drink ,Mohali,2025-03-26,192,22.92,52,Clear,moderate rain,3.49,None
P001,Soft Drink ,Rajpura,2025-03-26,191,22.0,61,Rain,clear sky,2.64,None
P001,Soft Drink ,Patiala,2025-03-26,194,23.36,60,Rain,light rain,9.73,None
P003,Moisturizer ,Malout,2025-03-26,50,23.89,77,Clouds,light rain,3.06,None
P002,Sweets ,Malout,2025-03-26,114,23.89,77,Clouds,light rain,3.06,None
P002,Sweets ,Mohali,2025-03-26,135,22.92,52,Clear,moderate rain,3.49,None
P002,Sweets ,Rajpura,2025-03-26,86,22.0,61,Rain,clear sky,2.64,None
P002,Sweets ,Patiala,2025-03-26,113,23.36,60,Rain,light rain,9.73,None
P002,Sweets ,Bathinda,2025-03-26,109,30.21,66,Rain,moderate rain,7.65,None
P003,Moisturizer ,Patiala,2025-03-27,25,22.5,72,Clear,overcast clouds,1.58,None
P004,Pooja Articles,Malout,2025-03-27,187,21.76,78,Rain,light rain,1.04,None
P004,Pooja Articles,Mohali,2025-03-27,159,20.0,73,Clear,overcast clouds,7.29,None
P004,Pooja Articles,Rajpura,2025-03-27,144,32.65,86,Clouds,clear sky,5.14,None
P004,Pooja Articles,Patiala,2025-03-27,141,22.5,72,Clear,overcast clouds,1.58,None
P005,Gift Hamper,Malout,2025-03-27,167,21.76,78,Rain,light rain,1.04,None
P003,Moisturizer ,Rajpura,2025-03-27,97,32.65,86,Clouds,clear sky,5.14,None
P005,Gift Hamper,Mohali,2025-03-27,191,20.0,73,Clear,overcast clouds,7.29,None
P005,Gift Hamper,Rajpura,2025-03-27,247,32.65,86,Clouds,clear sky,5.14,None
P005,Gift Hamper,Patiala,2025-03-27,248,22.5,72,Clear,overcast clouds,1.58,None
P005,Gift Hamper,Bathinda,2025-03-27,258,31.28,54,Clouds,overcast clouds,8.68,None
P003,Moisturizer ,Mohali,2025-03-27,59,20.0,73,Clear,overcast clouds,7.29,None
P004,Pooja Articles,Bathinda,2025-03-27,138,31.28,54,Clouds,overcast clouds,8.68,None
P003,Moisturizer ,Bathinda,2025-03-27,38,31.28,54,Clouds,overcast clouds,8.68,None
P003,Moisturizer ,Malout,2025-03-27,72,21.76,78,Rain,light rain,1.04,None
P001,Soft Drink ,Malout,2025-03-27,215,21.76,78,Rain,light rain,1.04,None
P001,Soft Drink ,Mohali,2025-03-27,205,20.0,73,Clear,overcast clouds,7.29,None
P001,Soft Drink ,Rajpura,2025-03-27,177,32.65,86,Clouds,clear sky,5.14,None
P001,Soft Drink ,Patiala,2025-03-27,195,22.5,72,Clear,overcast clouds,1.58,None
P001,Soft Drink ,Bathinda,2025-03-27,144,31.28,54,Clouds,overcast clouds,8.68,None
P002,Sweets ,Malout,2025-03-27,120,21.76,78,Rain,light rain,1.04,None
P002,Sweets ,Mohali,2025-03-27,115,20.0,73,Clear,overcast clouds,7.29,None
P002,Sweets ,Rajpura,2025-03-27,116,32.65,86,Clouds,clear sky,5.14,None
P002,Sweets ,Patiala,2025-03-27,68,22.5,72,Clear,overcast clouds,1.58,None
P002,Sweets ,Bathinda,2025-03-27,138,31.28,54,Clouds,overcast clouds,8.68,None
P004,Pooja Articles,Bathinda,2025-03-28,125,36.25,48,Rain,clear sky,2.68,Jamat Ul-Vida
P004,Pooja Articles,Malout,2025-03-28,177,28.33,77,Rain,moderate rain,4.2,Jamat Ul-Vida
P004,Pooja Articles,Mohali,2025-03-28,187,22.29,42,Clear,light rain,4.75,Jamat Ul-Vida
P004,Pooja Articles,Rajpura,2025-03-28,161,28.86,40,Clear,scattered clouds,1.13,Jamat Ul-Vida
P004,Pooja Articles,Patiala,2025-03-28,141,30.66,84,Rain,clear sky,2.62,Jamat Ul-Vida
P005,Gift Hamper,Malout,2025-03-28,172,28.33,77,Rain,moderate rain,4.2,Jamat Ul-Vida
P005,Gift Hamper,Mohali,2025-03-28,241,22.29,42,Clear,light rain,4.75,Jamat Ul-Vida
P005,Gift Hamper,Rajpura,2025-03-28,238,28.86,40,Clear,scattered clouds,1.13,Jamat Ul-Vida
P005,Gift Hamper,Patiala,2025-03-28,230,30.66,84,Rain,clear sky,2.62,Jamat Ul-Vida
P003,Moisturizer ,Patiala,2025-03-28,92,30.66,84,Rain,clear sky,2.62,Jamat Ul-Vida
P005,Gift Hamper,Bathinda,2025-03-28,250,36.25,48,Rain,clear sky,2.68,Jamat Ul-Vida
P003,Moisturizer ,Rajpura,2025-03-28,67,28.86,40,Clear,scattered clouds,1.13,Jamat Ul-Vida
P001,Soft Drink ,Rajpura,2025-03-28,196,28.86,40,Clear,scattered clouds,1.13,Jamat Ul-Vida
P003,Moisturizer ,Malout,2025-03-28,76,28.33,77,Rain,moderate rain,4.2,Jamat Ul-Vida
P003,Moisturizer ,Mohali,2025-03-28,83,22.29,42,Clear,light rain,4.75,Jamat Ul-Vida
P001,Soft Drink ,Malout,2025-03-28,161,28.33,77,Rain,moderate rain,4.2,Jamat Ul-Vida
P001,Soft Drink ,Mohali,2025-03-28,180,22.29,42,Clear,light rain,4.75,Jamat Ul-Vida
P001,Soft Drink ,Patiala,2025-03-28,172,30.66,84,Rain,clear sky,2.62,Jamat Ul-Vida
P002,Sweets ,Bathinda,2025-03-28,120,36.25,48,Rain,clear sky,2.68,Jamat Ul-Vida
P001,Soft Drink ,Bathinda,2025-03-28,154,36.25,48,Rain,clear sky,2.68,Jamat Ul-Vida
P002,Sweets ,Mohali,2025-03-28,120,22.29,42,Clear,light rain,4.75,Jamat Ul-Vida
P002,Sweets ,Rajpura,2025-03-28,154,28.86,40,Clear,scattered clouds,1.13,Jamat Ul-Vida
P002,Sweets ,Patiala,2025-03-28,147,30.66,84,Rain,clear sky,2.62,Jamat Ul-Vida
P003,Moisturizer ,Bathinda,2025-03-28,25,36.25,48,Rain,clear sky,2.68,Jamat Ul-Vida
P002,Sweets ,Malout,2025-03-28,102,28.33,77,Rain,moderate rain,4.2,Jamat Ul-Vida
P004,Pooja Articles,Bathinda,2025-03-29,143,25.82,47,Rain,clear sky,1.19,None
P004,Pooja Articles,Malout,2025-03-29,123,27.0,74,Clouds,scattered clouds,1.82,None
P004,Pooja Articles,Mohali,2025-03-29,176,39.52,55,Rain,light rain,6.82,None
P004,Pooja Articles,Rajpura,2025-03-29,139,33.98,58,Rain,light rain,4.56,None
P004,Pooja Articles,Patiala,2025-03-29,202,36.15,76,Rain,scattered clouds,3.92,None
P005,Gift Hamper,Malout,2025-03-29,251,27.0,74,Clouds,scattered clouds,1.82,None
P005,Gift Hamper,Mohali,2025-03-29,190,39.52,55,Rain,light rain,6.82,None
P005,Gift Hamper,Rajpura,2025-03-29,230,33.98,58,Rain,light rain,4.56,None
P005,Gift Hamper,Patiala,2025-03-29,232,36.15,76,Rain,scattered clouds,3.92,None
P003,Moisturizer ,Patiala,2025-03-29,5,36.15,76,Rain,scattered clouds,3.92,None
P005,Gift Hamper,Bathinda,2025-03-29,215,25.82,47,Rain,clear sky,1.19,None
P003,Moisturizer ,Rajpura,2025-03-29,37,33.98,58,Rain,light rain,4.56,None
P001,Soft Drink ,Rajpura,2025-03-29,184,33.98,58,Rain,light rain,4.56,None
P003,Moisturizer ,Malout,2025-03-29,48,27.0,74,Clouds,scattered clouds,1.82,None
P003,Moisturizer ,Mohali,2025-03-29,88,39.52,55,Rain,light rain,6.82,None
P001,Soft Drink ,Bathinda,2025-03-29,144,25.82,47,Rain,clear sky,1.19,None
P001,Soft Drink ,Malout,2025-03-29,213,27.0,74,Clouds,scattered clouds,1.82,None
P001,Soft Drink ,Patiala,2025-03-29,169,36.15,76,Rain,scattered clouds,3.92,None
P002,Sweets ,Bathinda,2025-03-29,92,25.82,47,Rain,clear sky,1.19,None
P001,Soft Drink ,Mohali,2025-03-29,158,39.52,55,Rain,light rain,6.82,None
P002,Sweets ,Mohali,2025-03-29,114,39.52,55,Rain,light rain,6.82,None
P002,Sweets ,Rajpura,2025-03-29,133,33.98,58,Rain,light rain,4.56,None
P002,Sweets ,Patiala,2025-03-29,144,36.15,76,Rain,scattered clouds,3.92,None
P003,Moisturizer ,Bathinda,2025-03-29,57,25.82,47,Rain,clear sky,1.19,None
P002,Sweets ,Malout,2025-03-29,109,27.0,74,Clouds,scattered clouds,1.82,None
P004,Pooja Articles,Mohali,2025-03-30,120,34.34,74,Rain,scattered clouds,9.62,Gudi Padwa
P004,Pooja Articles,Malout,2025-03-30,89,20.64,89,Rain,light rain,1.5,Chaitra Sukhladi
P004,Pooja Articles,Mohali,2025-03-30,120,34.34,74,Rain,scattered clouds,9.62,Ugadi
P004,Pooja Articles,Mohali,2025-03-30,120,34.34,74,Rain,scattered clouds,9.62,Chaitra Sukhladi
P004,Pooja Articles,Malout,2025-03-30,89,20.64,89,Rain,light rain,1.5,Gudi Padwa
P004,Pooja Articles,Malout,2025-03-30,89,20.64,89,Rain,light rain,1.5,Ugadi
P004,Pooja Articles,Bathinda,2025-03-30,125,20.77,57,Clouds,clear sky,1.06,Gudi Padwa
P003,Moisturizer ,Patiala,2025-03-30,79,32.3,68,Clouds,light rain,3.36,Ugadi
P005,Gift Hamper,Patiala,2025-03-30,210,32.3,68,Clouds,light rain,3.36,Gudi Padwa
P004,Pooja Articles,Bathinda,2025-03-30,125,20.77,57,Clouds,clear sky,1.06,Chaitra Sukhladi
P003,Moisturizer ,Patiala,2025-03-30,79,32.3,68,Clouds,light rain,3.36,Gudi Padwa
P004,Pooja Articles,Rajpura,2025-03-30,188,25.99,59,Clouds,light rain,8.51,Chaitra Sukhladi
P003,Moisturizer ,Patiala,2025-03-30,79,32.3,68,Clouds,light rain,3.36,Chaitra Sukhladi
P003,Moisturizer ,Rajpura,2025-03-30,110,25.99,59,Clouds,light rain,8.51,Gudi Padwa
P003,Moisturizer ,Rajpura,2025-03-30,110,25.99,59,Clouds,light rain,8.51,Ugadi
P004,Pooja Articles,Bathinda,2025-03-30,125,20.77,57,Clouds,clear sky,1.06,Ugadi
P004,Pooja Articles,Rajpura,2025-03-30,188,25.99,59,Clouds,light rain,8.51,Ugadi
P005,Gift Hamper,Bathinda,2025-03-30,231,20.77,57,Clouds,clear sky,1.06,Ugadi
P004,Pooja Articles,Patiala,2025-03-30,166,32.3,68,Clouds,light rain,3.36,Chaitra Sukhladi
P003,Moisturizer ,Rajpura,2025-03-30,110,25.99,59,Clouds,light rain,8.51,Chaitra Sukhladi
P005,Gift Hamper,Patiala,2025-03-30,210,32.3,68,Clouds,light rain,3.36,Ugadi
P005,Gift Hamper,Patiala,2025-03-30,210,32.3,68,Clouds,light rain,3.36,Chaitra Sukhladi
P005,Gift Hamper,Rajpura,2025-03-30,180,25.99,59,Clouds,light rain,8.51,Gudi Padwa
P005,Gift Hamper,Rajpura,2025-03-30,180,25.99,59,Clouds,light rain,8.51,Ugadi
P005,Gift Hamper,Rajpura,2025-03-30,180,25.99,59,Clouds,light rain,8.51,Chaitra Sukhladi
P005,Gift Hamper,Mohali,2025-03-30,236,34.34,74,Rain,scattered clouds,9.62,Gudi Padwa
P004,Pooja Articles,Rajpura,2025-03-30,188,25.99,59,Clouds,light rain,8.51,Gudi Padwa
P005,Gift Hamper,Mohali,2025-03-30,236,34.34,74,Rain,scattered clouds,9.62,Ugadi
P005,Gift Hamper,Malout,2025-03-30,179,20.64,89,Rain,light rain,1.5,Gudi Padwa
P005,Gift Hamper,Malout,2025-03-30,179,20.64,89,Rain,light rain,1.5,Ugadi
P005,Gift Hamper,Malout,2025-03-30,179,20.64,89,Rain,light rain,1.5,Chaitra Sukhladi
P005,Gift Hamper,Bathinda,2025-03-30,231,20.77,57,Clouds,clear sky,1.06,Gudi Padwa
P005,Gift Hamper,Bathinda,2025-03-30,231,20.77,57,Clouds,clear sky,1.06,Chaitra Sukhladi
P004,Pooja Articles,Patiala,2025-03-30,166,32.3,68,Clouds,light rain,3.36,Gudi Padwa
P004,Pooja Articles,Patiala,2025-03-30,166,32.3,68,Clouds,light rain,3.36,Ugadi
P005,Gift Hamper,Mohali,2025-03-30,236,34.34,74,Rain,scattered clouds,9.62,Chaitra Sukhladi
P003,Moisturizer ,Mohali,2025-03-30,78,34.34,74,Rain,scattered clouds,9.62,Gudi Padwa
P002,Sweets ,Patiala,2025-03-30,102,32.3,68,Clouds,light rain,3.36,Ugadi
P003,Moisturizer ,Mohali,2025-03-30,78,34.34,74,Rain,scattered clouds,9.62,Chaitra Sukhladi
P001,Soft Drink ,Patiala,2025-03-30,172,32.3,68,Clouds,light rain,3.36,Gudi Padwa
P001,Soft Drink ,Patiala,2025-03-30,172,32.3,68,Clouds,light rain,3.36,Ugadi
P001,Soft Drink ,Patiala,2025-03-30,172,32.3,68,Clouds,light rain,3.36,Chaitra Sukhladi
P001,Soft Drink ,Rajpura,2025-03-30,173,25.99,59,Clouds,light rain,8.51,Gudi Padwa
P001,Soft Drink ,Rajpura,2025-03-30,173,25.99,59,Clouds,light rain,8.51,Ugadi
P001,Soft Drink ,Rajpura,2025-03-30,173,25.99,59,Clouds,light rain,8.51,Chaitra Sukhladi
P001,Soft Drink ,Mohali,2025-03-30,193,34.34,74,Rain,scattered clouds,9.62,Gudi Padwa
P002,Sweets ,Bathinda,2025-03-30,123,20.77,57,Clouds,clear sky,1.06,Chaitra Sukhladi
P001,Soft Drink ,Mohali,2025-03-30,193,34.34,74,Rain,scattered clouds,9.62,Ugadi
P001,Soft Drink ,Malout,2025-03-30,180,20.64,89,Rain,light rain,1.5,Gudi Padwa
P001,Soft Drink ,Malout,2025-03-30,180,20.64,89,Rain,light rain,1.5,Ugadi
P001,Soft Drink ,Malout,2025-03-30,180,20.64,89,Rain,light rain,1.5,Chaitra Sukhladi
P001,Soft Drink ,Bathinda,2025-03-30,191,20.77,57,Clouds,clear sky,1.06,Gudi Padwa
P001,Soft Drink ,Bathinda,2025-03-30,191,20.77,57,Clouds,clear sky,1.06,Ugadi
P001,Soft Drink ,Bathinda,2025-03-30,191,20.77,57,Clouds,clear sky,1.06,Chaitra Sukhladi
P003,Moisturizer ,Mohali,2025-03-30,78,34.34,74,Rain,scattered clouds,9.62,Ugadi
P001,Soft Drink ,Mohali,2025-03-30,193,34.34,74,Rain,scattered clouds,9.62,Chaitra Sukhladi
P002,Sweets ,Bathinda,2025-03-30,123,20.77,57,Clouds,clear sky,1.06,Ugadi
P002,Sweets ,Rajpura,2025-03-30,62,25.99,59,Clouds,light rain,8.51,Chaitra Sukhladi
P002,Sweets ,Malout,2025-03-30,92,20.64,89,Rain,light rain,1.5,Chaitra Sukhladi
P002,Sweets ,Bathinda,2025-03-30,123,20.77,57,Clouds,clear sky,1.06,Gudi Padwa
P003,Moisturizer ,Malout,2025-03-30,64,20.64,89,Rain,light rain,1.5,Ugadi
P003,Moisturizer ,Malout,2025-03-30,64,20.64,89,Rain,light rain,1.5,Chaitra Sukhladi
P003,Moisturizer ,Bathinda,2025-03-30,63,20.77,57,Clouds,clear sky,1.06,Ugadi
P003,Moisturizer ,Bathinda,2025-03-30,63,20.77,57,Clouds,clear sky,1.06,Chaitra Sukhladi
P002,Sweets ,Patiala,2025-03-30,102,32.3,68,Clouds,light rain,3.36,Gudi Padwa
P002,Sweets ,Patiala,2025-03-30,102,32.3,68,Clouds,light rain,3.36,Chaitra Sukhladi
P003,Moisturizer ,Bathinda,2025-03-30,63,20.77,57,Clouds,clear sky,1.06,Gudi Padwa
P002,Sweets ,Rajpura,2025-03-30,62,25.99,59,Clouds,light rain,8.51,Ugadi
P002,Sweets ,Rajpura,2025-03-30,62,25.99,59,Clouds,light rain,8.51,Gudi Padwa
P002,Sweets ,Malout,2025-03-30,92,20.64,89,Rain,light rain,1.5,Ugadi
P002,Sweets ,Malout,2025-03-30,92,20.64,89,Rain,light rain,1.5,Gudi Padwa
P002,Sweets ,Mohali,2025-03-30,112,34.34,74,Rain,scattered clouds,9.62,Chaitra Sukhladi
P003,Moisturizer ,Malout,2025-03-30,64,20.64,89,Rain,light rain,1.5,Gudi Padwa
P002,Sweets ,Mohali,2025-03-30,112,34.34,74,Rain,scattered clouds,9.62,Ugadi
P002,Sweets ,Mohali,2025-03-30,112,34.34,74,Rain,scattered clouds,9.62,Gudi Padwa
P005,Gift Hamper,Rajpura,2025-03-31,234,22.97,83,Clear,moderate rain,2.11,Ramzan Id
P005,Gift Hamper,Patiala,2025-03-31,263,36.81,42,Clouds,overcast clouds,2.9,Ramzan Id
P005,Gift Hamper,Bathinda,2025-03-31,211,24.2,45,Clouds,overcast clouds,8.42,Ramzan Id
P004,Pooja Articles,Patiala,2025-03-31,114,36.81,42,Clouds,overcast clouds,2.9,Ramzan Id
P004,Pooja Articles,Rajpura,2025-03-31,174,22.97,83,Clear,moderate rain,2.11,Ramzan Id
P004,Pooja Articles,Mohali,2025-03-31,157,27.53,44,Clear,scattered clouds,6.92,Ramzan Id
P004,Pooja Articles,Malout,2025-03-31,168,31.33,83,Clear,clear sky,1.35,Ramzan Id
P004,Pooja Articles,Bathinda,2025-03-31,163,24.2,45,Clouds,overcast clouds,8.42,Ramzan Id
P003,Moisturizer ,Patiala,2025-03-31,54,36.81,42,Clouds,overcast clouds,2.9,Ramzan Id
P003,Moisturizer ,Rajpura,2025-03-31,53,22.97,83,Clear,moderate rain,2.11,Ramzan Id
P005,Gift Hamper,Malout,2025-03-31,194,31.33,83,Clear,clear sky,1.35,Ramzan Id
P005,Gift Hamper,Mohali,2025-03-31,226,27.53,44,Clear,scattered clouds,6.92,Ramzan Id
P003,Moisturizer ,Bathinda,2025-03-31,93,24.2,45,Clouds,overcast clouds,8.42,Ramzan Id
P003,Moisturizer ,Malout,2025-03-31,72,31.33,83,Clear,clear sky,1.35,Ramzan Id
P001,Soft Drink ,Bathinda,2025-03-31,174,24.2,45,Clouds,overcast clouds,8.42,Ramzan Id
P001,Soft Drink ,Malout,2025-03-31,141,31.33,83,Clear,clear sky,1.35,Ramzan Id
P001,Soft Drink ,Mohali,2025-03-31,182,27.53,44,Clear,scattered clouds,6.92,Ramzan Id
P001,Soft Drink ,Rajpura,2025-03-31,161,22.97,83,Clear,moderate rain,2.11,Ramzan Id
P003,Moisturizer ,Mohali,2025-03-31,66,27.53,44,Clear,scattered clouds,6.92,Ramzan Id
P002,Sweets ,Bathinda,2025-03-31,74,24.2,45,Clouds,overcast clouds,8.42,Ramzan Id
P001,Soft Drink ,Patiala,2025-03-31,168,36.81,42,Clouds,overcast clouds,2.9,Ramzan Id
P002,Sweets ,Rajpura,2025-03-31,121,22.97,83,Clear,moderate rain,2.11,Ramzan Id
P002,Sweets ,Patiala,2025-03-31,98,36.81,42,Clouds,overcast clouds,2.9,Ramzan Id
P002,Sweets ,Malout,2025-03-31,99,31.33,83,Clear,clear sky,1.35,Ramzan Id
P002,Sweets ,Mohali,2025-03-31,165,27.53,44,Clear,scattered clouds,6.92,Ramzan Id
P005,Gift Hamper,Patiala,2025-04-01,212,35.1,67,Clear,scattered clouds,4.17,None
P005,Gift Hamper,Rajpura,2025-04-01,265,31.36,70,Clouds,clear sky,7.32,None
P005,Gift Hamper,Mohali,2025-04-01,219,32.67,82,Clouds,overcast clouds,7.21,None
P005,Gift Hamper,Malout,2025-04-01,254,33.81,73,Clear,scattered clouds,5.82,None
P003,Moisturizer ,Mohali,2025-04-01,19,32.67,82,Clouds,overcast clouds,7.21,None
P004,Pooja Articles,Patiala,2025-04-01,169,35.1,67,Clear,scattered clouds,4.17,None
P004,Pooja Articles,Rajpura,2025-04-01,158,31.36,70,Clouds,clear sky,7.32,None
P004,Pooja Articles,Mohali,2025-04-01,157,32.67,82,Clouds,overcast clouds,7.21,None
P004,Pooja Articles,Malout,2025-04-01,118,33.81,73,Clear,scattered clouds,5.82,None
P003,Moisturizer ,Patiala,2025-04-01,46,35.1,67,Clear,scattered clouds,4.17,None
P003,Moisturizer ,Rajpura,2025-04-01,105,31.36,70,Clouds,clear sky,7.32,None
P005,Gift Hamper,Bathinda,2025-04-01,231,25.75,74,Clouds,overcast clouds,4.31,None
P004,Pooja Articles,Bathinda,2025-04-01,178,25.75,74,Clouds,overcast clouds,4.31,None
P002,Sweets ,Patiala,2025-04-01,121,35.1,67,Clear,scattered clouds,4.17,None
P003,Moisturizer ,Bathinda,2025-04-01,63,25.75,74,Clouds,overcast clouds,4.31,None
P001,Soft Drink ,Bathinda,2025-04-01,149,25.75,74,Clouds,overcast clouds,4.31,None
P001,Soft Drink ,Malout,2025-04-01,200,33.81,73,Clear,scattered clouds,5.82,None
P001,Soft Drink ,Mohali,2025-04-01,180,32.67,82,Clouds,overcast clouds,7.21,None
P001,Soft Drink ,Rajpura,2025-04-01,169,31.36,70,Clouds,clear sky,7.32,None
P003,Moisturizer ,Malout,2025-04-01,120,33.81,73,Clear,scattered clouds,5.82,None
P002,Sweets ,Bathinda,2025-04-01,139,25.75,74,Clouds,overcast clouds,4.31,None
P002,Sweets ,Malout,2025-04-01,120,33.81,73,Clear,scattered clouds,5.82,None
P002,Sweets ,Mohali,2025-04-01,124,32.67,82,Clouds,overcast clouds,7.21,None
P002,Sweets ,Rajpura,2025-04-01,134,31.36,70,Clouds,clear sky,7.32,None
P001,Soft Drink ,Patiala,2025-04-01,138,35.1,67,Clear,scattered clouds,4.17,None
P003,Moisturizer ,Patiala,2025-04-02,12,32.79,85,Clear,scattered clouds,8.18,None
P004,Pooja Articles,Bathinda,2025-04-02,163,37.22,81,Clouds,overcast clouds,4.24,None
P004,Pooja Articles,Malout,2025-04-02,118,35.04,53,Clear,clear sky,8.04,None
P004,Pooja Articles,Mohali,2025-04-02,137,26.55,87,Clear,light rain,5.43,None
P004,Pooja Articles,Rajpura,2025-04-02,155,26.71,84,Clouds,overcast clouds,5.0,None
P005,Gift Hamper,Bathinda,2025-04-02,222,37.22,81,Clouds,overcast clouds,4.24,None
P005,Gift Hamper,Malout,2025-04-02,237,35.04,53,Clear,clear sky,8.04,None
P005,Gift Hamper,Mohali,2025-04-02,226,26.55,87,Clear,light rain,5.43,None
P005,Gift Hamper,Rajpura,2025-04-02,231,26.71,84,Clouds,overcast clouds,5.0,None
P003,Moisturizer ,Rajpura,2025-04-02,52,26.71,84,Clouds,overcast clouds,5.0,None
P004,Pooja Articles,Patiala,2025-04-02,115,32.79,85,Clear,scattered clouds,8.18,None
P005,Gift Hamper,Patiala,2025-04-02,243,32.79,85,Clear,scattered clouds,8.18,None
P003,Moisturizer ,Mohali,2025-04-02,34,26.55,87,Clear,light rain,5.43,None
P003,Moisturizer ,Bathinda,2025-04-02,68,37.22,81,Clouds,overcast clouds,4.24,None
P001,Soft Drink ,Bathinda,2025-04-02,174,37.22,81,Clouds,overcast clouds,4.24,None
P001,Soft Drink ,Malout,2025-04-02,174,35.04,53,Clear,clear sky,8.04,None
P001,Soft Drink ,Mohali,2025-04-02,159,26.55,87,Clear,light rain,5.43,None
P001,Soft Drink ,Rajpura,2025-04-02,201,26.71,84,Clouds,overcast clouds,5.0,None
P001,Soft Drink ,Patiala,2025-04-02,119,32.79,85,Clear,scattered clouds,8.18,None
P003,Moisturizer ,Malout,2025-04-02,86,35.04,53,Clear,clear sky,8.04,None
P002,Sweets ,Malout,2025-04-02,128,35.04,53,Clear,clear sky,8.04,None
P002,Sweets ,Mohali,2025-04-02,132,26.55,87,Clear,light rain,5.43,None
P002,Sweets ,Rajpura,2025-04-02,130,26.71,84,Clouds,overcast clouds,5.0,None
P002,Sweets ,Patiala,2025-04-02,101,32.79,85,Clear,scattered clouds,8.18,None
P002,Sweets ,Bathinda,2025-04-02,119,37.22,81,Clouds,overcast clouds,4.24,None
P004,Pooja Articles,Bathinda,2025-04-03,165,34.11,68,Clouds,light rain,1.83,None
P004,Pooja Articles,Malout,2025-04-03,126,28.14,62,Rain,light rain,3.04,None
P004,Pooja Articles,Mohali,2025-04-03,122,27.72,72,Clouds,light rain,1.7,None
P004,Pooja Articles,Rajpura,2025-04-03,151,20.71,48,Rain,clear sky,4.14,None
P004,Pooja Articles,Patiala,2025-04-03,136,36.89,88,Clear,scattered clouds,9.49,None
P005,Gift Hamper,Malout,2025-04-03,214,28.14,62,Rain,light rain,3.04,None
P005,Gift Hamper,Mohali,2025-04-03,234,27.72,72,Clouds,light rain,1.7,None
P005,Gift Hamper,Rajpura,2025-04-03,225,20.71,48,Rain,clear sky,4.14,None
P005,Gift Hamper,Patiala,2025-04-03,220,36.89,88,Clear,scattered clouds,9.49,None
P003,Moisturizer ,Patiala,2025-04-03,11,36.89,88,Clear,scattered clouds,9.49,None
P005,Gift Hamper,Bathinda,2025-04-03,202,34.11,68,Clouds,light rain,1.83,None
P003,Moisturizer ,Rajpura,2025-04-03,23,20.71,48,Rain,clear sky,4.14,None
P003,Moisturizer ,Mohali,2025-04-03,45,27.72,72,Clouds,light rain,1.7,None
P003,Moisturizer ,Malout,2025-04-03,101,28.14,62,Rain,light rain,3.04,None
P001,Soft Drink ,Malout,2025-04-03,136,28.14,62,Rain,light rain,3.04,None
P001,Soft Drink ,Mohali,2025-04-03,165,27.72,72,Clouds,light rain,1.7,None
P001,Soft Drink ,Rajpura,2025-04-03,198,20.71,48,Rain,clear sky,4.14,None
P001,Soft Drink ,Patiala,2025-04-03,161,36.89,88,Clear,scattered clouds,9.49,None
P002,Sweets ,Bathinda,2025-04-03,82,34.11,68,Clouds,light rain,1.83,None
P001,Soft Drink ,Bathinda,2025-04-03,200,34.11,68,Clouds,light rain,1.83,None
P002,Sweets ,Mohali,2025-04-03,133,27.72,72,Clouds,light rain,1.7,None
P002,Sweets ,Rajpura,2025-04-03,121,20.71,48,Rain,clear sky,4.14,None
P002,Sweets ,Patiala,2025-04-03,61,36.89,88,Clear,scattered clouds,9.49,None
P003,Moisturizer ,Bathinda,2025-04-03,102,34.11,68,Clouds,light rain,1.83,None
P002,Sweets ,Malout,2025-04-03,116,28.14,62,Rain,light rain,3.04,None
P004,Pooja Articles,Bathinda,2025-04-04,128,30.57,40,Rain,light rain,4.46,None
P004,Pooja Articles,Malout,2025-04-04,138,27.24,50,Clear,moderate rain,1.48,None
P004,Pooja Articles,Mohali,2025-04-04,139,33.65,74,Rain,scattered clouds,4.67,None
P004,Pooja Articles,Rajpura,2025-04-04,132,30.23,45,Clear,light rain,5.37,None
P004,Pooja Articles,Patiala,2025-04-04,150,38.64,71,Rain,overcast clouds,9.19,None
P005,Gift Hamper,Malout,2025-04-04,186,27.24,50,Clear,moderate rain,1.48,None
P005,Gift Hamper,Mohali,2025-04-04,250,33.65,74,Rain,scattered clouds,4.67,None
P005,Gift Hamper,Rajpura,2025-04-04,223,30.23,45,Clear,light rain,5.37,None
P005,Gift Hamper,Patiala,2025-04-04,221,38.64,71,Rain,overcast clouds,9.19,None
P003,Moisturizer ,Patiala,2025-04-04,53,38.64,71,Rain,overcast clouds,9.19,None
P005,Gift Hamper,Bathinda,2025-04-04,229,30.57,40,Rain,light rain,4.46,None
P003,Moisturizer ,Rajpura,2025-04-04,22,30.23,45,Clear,light rain,5.37,None
P003,Moisturizer ,Mohali,2025-04-04,55,33.65,74,Rain,scattered clouds,4.67,None
P003,Moisturizer ,Malout,2025-04-04,71,27.24,50,Clear,moderate rain,1.48,None
P001,Soft Drink ,Malout,2025-04-04,183,27.24,50,Clear,moderate rain,1.48,None
P001,Soft Drink ,Mohali,2025-04-04,212,33.65,74,Rain,scattered clouds,4.67,None
P001,Soft Drink ,Rajpura,2025-04-04,159,30.23,45,Clear,light rain,5.37,None
P001,Soft Drink ,Patiala,2025-04-04,190,38.64,71,Rain,overcast clouds,9.19,None
P002,Sweets ,Bathinda,2025-04-04,133,30.57,40,Rain,light rain,4.46,None
P001,Soft Drink ,Bathinda,2025-04-04,156,30.57,40,Rain,light rain,4.46,None
P002,Sweets ,Mohali,2025-04-04,111,33.65,74,Rain,scattered clouds,4.67,None
P002,Sweets ,Rajpura,2025-04-04,111,30.23,45,Clear,light rain,5.37,None
P002,Sweets ,Patiala,2025-04-04,125,38.64,71,Rain,overcast clouds,9.19,None
P003,Moisturizer ,Bathinda,2025-04-04,15,30.57,40,Rain,light rain,4.46,None
P002,Sweets ,Malout,2025-04-04,109,27.24,50,Clear,moderate rain,1.48,None
P004,Pooja Articles,Bathinda,2025-04-05,130,29.72,53,Rain,light rain,4.45,None
P004,Pooja Articles,Malout,2025-04-05,178,23.14,72,Clouds,overcast clouds,5.67,None
P004,Pooja Articles,Mohali,2025-04-05,144,28.52,59,Rain,scattered clouds,6.64,None
P004,Pooja Articles,Rajpura,2025-04-05,135,35.32,51,Rain,light rain,1.92,None
P004,Pooja Articles,Patiala,2025-04-05,138,39.33,50,Clear,moderate rain,5.56,None
P005,Gift Hamper,Malout,2025-04-05,242,23.14,72,Clouds,overcast clouds,5.67,None
P005,Gift Hamper,Mohali,2025-04-05,203,28.52,59,Rain,scattered clouds,6.64,None
P005,Gift Hamper,Rajpura,2025-04-05,217,35.32,51,Rain,light rain,1.92,None
P005,Gift Hamper,Patiala,2025-04-05,201,39.33,50,Clear,moderate rain,5.56,None
P003,Moisturizer ,Patiala,2025-04-05,118,39.33,50,Clear,moderate rain,5.56,None
P005,Gift Hamper,Bathinda,2025-04-05,235,29.72,53,Rain,light rain,4.45,None
P003,Moisturizer ,Rajpura,2025-04-05,31,35.32,51,Rain,light rain,1.92,None
P003,Moisturizer ,Mohali,2025-04-05,66,28.52,59,Rain,scattered clouds,6.64,None
P003,Moisturizer ,Malout,2025-04-05,91,23.14,72,Clouds,overcast clouds,5.67,None
P001,Soft Drink ,Malout,2025-04-05,182,23.14,72,Clouds,overcast clouds,5.67,None
P001,Soft Drink ,Mohali,2025-04-05,160,28.52,59,Rain,scattered clouds,6.64,None
P001,Soft Drink ,Rajpura,2025-04-05,181,35.32,51,Rain,light rain,1.92,None
P001,Soft Drink ,Patiala,2025-04-05,192,39.33,50,Clear,moderate rain,5.56,None
P002,Sweets ,Bathinda,2025-04-05,129,29.72,53,Rain,light rain,4.45,None
P001,Soft Drink ,Bathinda,2025-04-05,208,29.72,53,Rain,light rain,4.45,None
P002,Sweets ,Mohali,2025-04-05,100,28.52,59,Rain,scattered clouds,6.64,None
P002,Sweets ,Rajpura,2025-04-05,163,35.32,51,Rain,light rain,1.92,None
P002,Sweets ,Patiala,2025-04-05,155,39.33,50,Clear,moderate rain,5.56,None
P003,Moisturizer ,Bathinda,2025-04-05,56,29.72,53,Rain,light rain,4.45,None
P002,Sweets ,Malout,2025-04-05,122,23.14,72,Clouds,overcast clouds,5.67,None
P003,Moisturizer ,Patiala,2025-04-06,40,22.29,67,Rain,light rain,2.63,Rama Navami
P004,Pooja Articles,Bathinda,2025-04-06,156,22.66,84,Rain,light rain,8.51,Rama Navami
P004,Pooja Articles,Malout,2025-04-06,139,30.45,90,Clear,clear sky,8.45,Rama Navami
P004,Pooja Articles,Mohali,2025-04-06,183,34.83,71,Clouds,scattered clouds,4.84,Rama Navami
P004,Pooja Articles,Rajpura,2025-04-06,163,23.45,46,Clouds,overcast clouds,1.53,Rama Navami
P005,Gift Hamper,Bathinda,2025-04-06,172,22.66,84,Rain,light rain,8.51,Rama Navami
P005,Gift Hamper,Malout,2025-04-06,218,30.45,90,Clear,clear sky,8.45,Rama Navami
P005,Gift Hamper,Mohali,2025-04-06,247,34.83,71,Clouds,scattered clouds,4.84,Rama Navami
P005,Gift Hamper,Rajpura,2025-04-06,207,23.45,46,Clouds,overcast clouds,1.53,Rama Navami
P003,Moisturizer ,Rajpura,2025-04-06,81,23.45,46,Clouds,overcast clouds,1.53,Rama Navami
P004,Pooja Articles,Patiala,2025-04-06,125,22.29,67,Rain,light rain,2.63,Rama Navami
P003,Moisturizer ,Mohali,2025-04-06,45,34.83,71,Clouds,scattered clouds,4.84,Rama Navami
P005,Gift Hamper,Patiala,2025-04-06,211,22.29,67,Rain,light rain,2.63,Rama Navami
P003,Moisturizer ,Bathinda,2025-04-06,82,22.66,84,Rain,light rain,8.51,Rama Navami
P001,Soft Drink ,Bathinda,2025-04-06,174,22.66,84,Rain,light rain,8.51,Rama Navami
P001,Soft Drink ,Malout,2025-04-06,194,30.45,90,Clear,clear sky,8.45,Rama Navami
P001,Soft Drink ,Mohali,2025-04-06,162,34.83,71,Clouds,scattered clouds,4.84,Rama Navami
P001,Soft Drink ,Rajpura,2025-04-06,214,23.45,46,Clouds,overcast clouds,1.53,Rama Navami
P001,Soft Drink ,Patiala,2025-04-06,189,22.29,67,Rain,light rain,2.63,Rama Navami
P003,Moisturizer ,Malout,2025-04-06,40,30.45,90,Clear,clear sky,8.45,Rama Navami
P002,Sweets ,Malout,2025-04-06,118,30.45,90,Clear,clear sky,8.45,Rama Navami
P002,Sweets ,Mohali,2025-04-06,112,34.83,71,Clouds,scattered clouds,4.84,Rama Navami
P002,Sweets ,Rajpura,2025-04-06,119,23.45,46,Clouds,overcast clouds,1.53,Rama Navami
P002,Sweets ,Patiala,2025-04-06,113,22.29,67,Rain,light rain,2.63,Rama Navami
P002,Sweets ,Bathinda,2025-04-06,158,22.66,84,Rain,light rain,8.51,Rama Navami
P004,Pooja Articles,Bathinda,2025-04-07,142,36.75,60,Clouds,moderate rain,9.46,None
P004,Pooja Articles,Malout,2025-04-07,158,35.58,43,Clear,scattered clouds,5.83,None
P004,Pooja Articles,Mohali,2025-04-07,108,33.82,60,Clouds,clear sky,3.07,None
P004,Pooja Articles,Rajpura,2025-04-07,164,25.83,81,Rain,light rain,4.46,None
P004,Pooja Articles,Patiala,2025-04-07,195,35.69,75,Clouds,scattered clouds,4.82,None
P005,Gift Hamper,Malout,2025-04-07,231,35.58,43,Clear,scattered clouds,5.83,None
P005,Gift Hamper,Mohali,2025-04-07,226,33.82,60,Clouds,clear sky,3.07,None
P005,Gift Hamper,Rajpura,2025-04-07,224,25.83,81,Rain,light rain,4.46,None
P005,Gift Hamper,Patiala,2025-04-07,241,35.69,75,Clouds,scattered clouds,4.82,None
P003,Moisturizer ,Patiala,2025-04-07,101,35.69,75,Clouds,scattered clouds,4.82,None
P005,Gift Hamper,Bathinda,2025-04-07,220,36.75,60,Clouds,moderate rain,9.46,None
P003,Moisturizer ,Rajpura,2025-04-07,42,25.83,81,Rain,light rain,4.46,None
P003,Moisturizer ,Mohali,2025-04-07,70,33.82,60,Clouds,clear sky,3.07,None
P003,Moisturizer ,Malout,2025-04-07,82,35.58,43,Clear,scattered clouds,5.83,None
P001,Soft Drink ,Malout,2025-04-07,196,35.58,43,Clear,scattered clouds,5.83,None
P001,Soft Drink ,Mohali,2025-04-07,201,33.82,60,Clouds,clear sky,3.07,None
P001,Soft Drink ,Rajpura,2025-04-07,191,25.83,81,Rain,light rain,4.46,None
P001,Soft Drink ,Patiala,2025-04-07,171,35.69,75,Clouds,scattered clouds,4.82,None
P002,Sweets ,Bathinda,2025-04-07,117,36.75,60,Clouds,moderate rain,9.46,None
P001,Soft Drink ,Bathinda,2025-04-07,162,36.75,60,Clouds,moderate rain,9.46,None
P002,Sweets ,Mohali,2025-04-07,145,33.82,60,Clouds,clear sky,3.07,None
P002,Sweets ,Rajpura,2025-04-07,114,25.83,81,Rain,light rain,4.46,None
P002,Sweets ,Patiala,2025-04-07,78,35.69,75,Clouds,scattered clouds,4.82,None
P003,Moisturizer ,Bathinda,2025-04-07,59,36.75,60,Clouds,moderate rain,9.46,None
P002,Sweets ,Malout,2025-04-07,120,35.58,43,Clear,scattered clouds,5.83,None
P003,Moisturizer ,Patiala,2025-04-08,54,29.72,74,Clouds,overcast clouds,2.45,None
P004,Pooja Articles,Bathinda,2025-04-08,180,28.86,47,Clear,overcast clouds,9.73,None
P004,Pooja Articles,Malout,2025-04-08,193,36.86,87,Clear,clear sky,8.71,None
P004,Pooja Articles,Mohali,2025-04-08,182,37.24,86,Rain,overcast clouds,9.29,None
P004,Pooja Articles,Rajpura,2025-04-08,133,39.58,70,Clouds,clear sky,7.22,None
P005,Gift Hamper,Bathinda,2025-04-08,232,28.86,47,Clear,overcast clouds,9.73,None
P005,Gift Hamper,Malout,2025-04-08,259,36.86,87,Clear,clear sky,8.71,None
P005,Gift Hamper,Mohali,2025-04-08,212,37.24,86,Rain,overcast clouds,9.29,None
P005,Gift Hamper,Rajpura,2025-04-08,268,39.58,70,Clouds,clear sky,7.22,None
P003,Moisturizer ,Rajpura,2025-04-08,60,39.58,70,Clouds,clear sky,7.22,None
P004,Pooja Articles,Patiala,2025-04-08,138,29.72,74,Clouds,overcast clouds,2.45,None
P003,Moisturizer ,Mohali,2025-04-08,41,37.24,86,Rain,overcast clouds,9.29,None
P005,Gift Hamper,Patiala,2025-04-08,240,29.72,74,Clouds,overcast clouds,2.45,None
P003,Moisturizer ,Bathinda,2025-04-08,59,28.86,47,Clear,overcast clouds,9.73,None
P001,Soft Drink ,Bathinda,2025-04-08,170,28.86,47,Clear,overcast clouds,9.73,None
P001,Soft Drink ,Malout,2025-04-08,187,36.86,87,Clear,clear sky,8.71,None
P001,Soft Drink ,Mohali,2025-04-08,207,37.24,86,Rain,overcast clouds,9.29,None
P001,Soft Drink ,Rajpura,2025-04-08,178,39.58,70,Clouds,clear sky,7.22,None
P001,Soft Drink ,Patiala,2025-04-08,217,29.72,74,Clouds,overcast clouds,2.45,None
P003,Moisturizer ,Malout,2025-04-08,63,36.86,87,Clear,clear sky,8.71,None
P002,Sweets ,Malout,2025-04-08,161,36.86,87,Clear,clear sky,8.71,None
P002,Sweets ,Mohali,2025-04-08,104,37.24,86,Rain,overcast clouds,9.29,None
P002,Sweets ,Rajpura,2025-04-08,63,39.58,70,Clouds,clear sky,7.22,None
P002,Sweets ,Patiala,2025-04-08,138,29.72,74,Clouds,overcast clouds,2.45,None
P002,Sweets ,Bathinda,2025-04-08,99,28.86,47,Clear,overcast clouds,9.73,None
P003,Moisturizer ,Patiala,2025-04-09,25,35.22,49,Clear,clear sky,3.61,None
P004,Pooja Articles,Bathinda,2025-04-09,139,30.7,64,Rain,overcast clouds,3.78,None
P004,Pooja Articles,Malout,2025-04-09,183,21.6,59,Clear,overcast clouds,5.44,None
P004,Pooja Articles,Mohali,2025-04-09,160,35.69,71,Clouds,moderate rain,7.02,None
P004,Pooja Articles,Rajpura,2025-04-09,156,30.6,51,Rain,overcast clouds,9.24,None
P005,Gift Hamper,Bathinda,2025-04-09,177,30.7,64,Rain,overcast clouds,3.78,None
P005,Gift Hamper,Malout,2025-04-09,213,21.6,59,Clear,overcast clouds,5.44,None
P005,Gift Hamper,Mohali,2025-04-09,218,35.69,71,Clouds,moderate rain,7.02,None
P005,Gift Hamper,Rajpura,2025-04-09,184,30.6,51,Rain,overcast clouds,9.24,None
P003,Moisturizer ,Rajpura,2025-04-09,56,30.6,51,Rain,overcast clouds,9.24,None
P004,Pooja Articles,Patiala,2025-04-09,146,35.22,49,Clear,clear sky,3.61,None
P003,Moisturizer ,Mohali,2025-04-09,17,35.69,71,Clouds,moderate rain,7.02,None
P005,Gift Hamper,Patiala,2025-04-09,216,35.22,49,Clear,clear sky,3.61,None
P003,Moisturizer ,Bathinda,2025-04-09,49,30.7,64,Rain,overcast clouds,3.78,None
P001,Soft Drink ,Bathinda,2025-04-09,144,30.7,64,Rain,overcast clouds,3.78,None
P001,Soft Drink ,Malout,2025-04-09,182,21.6,59,Clear,overcast clouds,5.44,None
P001,Soft Drink ,Mohali,2025-04-09,215,35.69,71,Clouds,moderate rain,7.02,None
P001,Soft Drink ,Rajpura,2025-04-09,188,30.6,51,Rain,overcast clouds,9.24,None
P001,Soft Drink ,Patiala,2025-04-09,179,35.22,49,Clear,clear sky,3.61,None
P003,Moisturizer ,Malout,2025-04-09,45,21.6,59,Clear,overcast clouds,5.44,None
P002,Sweets ,Malout,2025-04-09,170,21.6,59,Clear,overcast clouds,5.44,None
P002,Sweets ,Mohali,2025-04-09,138,35.69,71,Clouds,moderate rain,7.02,None
P002,Sweets ,Rajpura,2025-04-09,91,30.6,51,Rain,overcast clouds,9.24,None
P002,Sweets ,Patiala,2025-04-09,87,35.22,49,Clear,clear sky,3.61,None
P002,Sweets ,Bathinda,2025-04-09,154,30.7,64,Rain,overcast clouds,3.78,None
P003,Moisturizer ,Patiala,2025-04-10,79,33.0,61,Clouds,moderate rain,7.47,Mahavir Jayanti
P004,Pooja Articles,Bathinda,2025-04-10,116,31.88,42,Clear,scattered clouds,9.76,Mahavir Jayanti
P004,Pooja Articles,Malout,2025-04-10,187,31.45,58,Clouds,light rain,5.44,Mahavir Jayanti
P004,Pooja Articles,Mohali,2025-04-10,140,21.49,44,Clear,scattered clouds,4.95,Mahavir Jayanti
P004,Pooja Articles,Rajpura,2025-04-10,178,21.31,50,Rain,light rain,2.86,Mahavir Jayanti
P005,Gift Hamper,Bathinda,2025-04-10,183,31.88,42,Clear,scattered clouds,9.76,Mahavir Jayanti
P005,Gift Hamper,Malout,2025-04-10,179,31.45,58,Clouds,light rain,5.44,Mahavir Jayanti
P005,Gift Hamper,Mohali,2025-04-10,203,21.49,44,Clear,scattered clouds,4.95,Mahavir Jayanti
P005,Gift Hamper,Rajpura,2025-04-10,192,21.31,50,Rain,light rain,2.86,Mahavir Jayanti
P003,Moisturizer ,Rajpura,2025-04-10,17,21.31,50,Rain,light rain,2.86,Mahavir Jayanti
P004,Pooja Articles,Patiala,2025-04-10,132,33.0,61,Clouds,moderate rain,7.47,Mahavir Jayanti
P005,Gift Hamper,Patiala,2025-04-10,229,33.0,61,Clouds,moderate rain,7.47,Mahavir Jayanti
P003,Moisturizer ,Mohali,2025-04-10,19,21.49,44,Clear,scattered clouds,4.95,Mahavir Jayanti
P003,Moisturizer ,Bathinda,2025-04-10,27,31.88,42,Clear,scattered clouds,9.76,Mahavir Jayanti
P003,Moisturizer ,Malout,2025-04-10,51,31.45,58,Clouds,light rain,5.44,Mahavir Jayanti
P001,Soft Drink ,Bathinda,2025-04-10,168,31.88,42,Clear,scattered clouds,9.76,Mahavir Jayanti
P001,Soft Drink ,Malout,2025-04-10,209,31.45,58,Clouds,light rain,5.44,Mahavir Jayanti
P001,Soft Drink ,Rajpura,2025-04-10,163,21.31,50,Rain,light rain,2.86,Mahavir Jayanti
P001,Soft Drink ,Patiala,2025-04-10,208,33.0,61,Clouds,moderate rain,7.47,Mahavir Jayanti
P001,Soft Drink ,Mohali,2025-04-10,181,21.49,44,Clear,scattered clouds,4.95,Mahavir Jayanti
P002,Sweets ,Malout,2025-04-10,95,31.45,58,Clouds,light rain,5.44,Mahavir Jayanti
P002,Sweets ,Mohali,2025-04-10,85,21.49,44,Clear,scattered clouds,4.95,Mahavir Jayanti
P002,Sweets ,Rajpura,2025-04-10,72,21.31,50,Rain,light rain,2.86,Mahavir Jayanti
P002,Sweets ,Patiala,2025-04-10,121,33.0,61,Clouds,moderate rain,7.47,Mahavir Jayanti
P002,Sweets ,Bathinda,2025-04-10,75,31.88,42,Clear,scattered clouds,9.76,Mahavir Jayanti
P004,Pooja Articles,Mohali,2025-04-11,95,36.16,43,Clear,overcast clouds,5.03,None
P003,Moisturizer ,Patiala,2025-04-11,49,27.3,53,Clear,overcast clouds,2.13,None
P004,Pooja Articles,Bathinda,2025-04-11,137,29.1,58,Clear,scattered clouds,1.57,None
P004,Pooja Articles,Malout,2025-04-11,177,38.7,43,Rain,overcast clouds,6.51,None
P004,Pooja Articles,Rajpura,2025-04-11,140,31.62,86,Clear,scattered clouds,4.9,None
P003,Moisturizer ,Rajpura,2025-04-11,47,31.62,86,Clear,scattered clouds,4.9,None
P005,Gift Hamper,Bathinda,2025-04-11,183,29.1,58,Clear,scattered clouds,1.57,None
P005,Gift Hamper,Malout,2025-04-11,235,38.7,43,Rain,overcast clouds,6.51,None
P005,Gift Hamper,Mohali,2025-04-11,169,36.16,43,Clear,overcast clouds,5.03,None
P005,Gift Hamper,Rajpura,2025-04-11,243,31.62,86,Clear,scattered clouds,4.9,None
P004,Pooja Articles,Patiala,2025-04-11,165,27.3,53,Clear,overcast clouds,2.13,None
P003,Moisturizer ,Mohali,2025-04-11,43,36.16,43,Clear,overcast clouds,5.03,None
P005,Gift Hamper,Patiala,2025-04-11,233,27.3,53,Clear,overcast clouds,2.13,None
P003,Moisturizer ,Bathinda,2025-04-11,76,29.1,58,Clear,scattered clouds,1.57,None
P001,Soft Drink ,Bathinda,2025-04-11,210,29.1,58,Clear,scattered clouds,1.57,None
P001,Soft Drink ,Malout,2025-04-11,162,38.7,43,Rain,overcast clouds,6.51,None
P001,Soft Drink ,Mohali,2025-04-11,157,36.16,43,Clear,overcast clouds,5.03,None
P001,Soft Drink ,Rajpura,2025-04-11,200,31.62,86,Clear,scattered clouds,4.9,None
P001,Soft Drink ,Patiala,2025-04-11,227,27.3,53,Clear,overcast clouds,2.13,None
P003,Moisturizer ,Malout,2025-04-11,75,38.7,43,Rain,overcast clouds,6.51,None
P002,Sweets ,Malout,2025-04-11,124,38.7,43,Rain,overcast clouds,6.51,None
P002,Sweets ,Mohali,2025-04-11,65,36.16,43,Clear,overcast clouds,5.03,None
P002,Sweets ,Rajpura,2025-04-11,78,31.62,86,Clear,scattered clouds,4.9,None
P002,Sweets ,Patiala,2025-04-11,103,27.3,53,Clear,overcast clouds,2.13,None
P002,Sweets ,Bathinda,2025-04-11,162,29.1,58,Clear,scattered clouds,1.57,None
P003,Moisturizer ,Patiala,2025-04-12,93,27.82,82,Clear,clear sky,4.66,None
P004,Pooja Articles,Bathinda,2025-04-12,174,34.4,73,Rain,moderate rain,9.11,None
P004,Pooja Articles,Malout,2025-04-12,124,36.38,45,Rain,overcast clouds,8.14,None
P004,Pooja Articles,Mohali,2025-04-12,145,27.24,54,Clear,light rain,2.17,None
P004,Pooja Articles,Rajpura,2025-04-12,127,32.48,59,Clouds,clear sky,8.35,None
P005,Gift Hamper,Bathinda,2025-04-12,239,34.4,73,Rain,moderate rain,9.11,None
P003,Moisturizer ,Rajpura,2025-04-12,43,32.48,59,Clouds,clear sky,8.35,None
P005,Gift Hamper,Malout,2025-04-12,263,36.38,45,Rain,overcast clouds,8.14,None
P005,Gift Hamper,Rajpura,2025-04-12,235,32.48,59,Clouds,clear sky,8.35,None
P005,Gift Hamper,Patiala,2025-04-12,266,27.82,82,Clear,clear sky,4.66,None
P004,Pooja Articles,Patiala,2025-04-12,151,27.82,82,Clear,clear sky,4.66,None
P003,Moisturizer ,Mohali,2025-04-12,46,27.24,54,Clear,light rain,2.17,None
P005,Gift Hamper,Mohali,2025-04-12,202,27.24,54,Clear,light rain,2.17,None
P003,Moisturizer ,Bathinda,2025-04-12,25,34.4,73,Rain,moderate rain,9.11,None
P003,Moisturizer ,Malout,2025-04-12,51,36.38,45,Rain,overcast clouds,8.14,None
P001,Soft Drink ,Malout,2025-04-12,189,36.38,45,Rain,overcast clouds,8.14,None
P001,Soft Drink ,Mohali,2025-04-12,214,27.24,54,Clear,light rain,2.17,None
P001,Soft Drink ,Rajpura,2025-04-12,212,32.48,59,Clouds,clear sky,8.35,None
P001,Soft Drink ,Patiala,2025-04-12,167,27.82,82,Clear,clear sky,4.66,None
P001,Soft Drink ,Bathinda,2025-04-12,197,34.4,73,Rain,moderate rain,9.11,None
P002,Sweets ,Malout,2025-04-12,150,36.38,45,Rain,overcast clouds,8.14,None
P002,Sweets ,Mohali,2025-04-12,91,27.24,54,Clear,light rain,2.17,None
P002,Sweets ,Rajpura,2025-04-12,156,32.48,59,Clouds,clear sky,8.35,None
P002,Sweets ,Patiala,2025-04-12,103,27.82,82,Clear,clear sky,4.66,None
P002,Sweets ,Bathinda,2025-04-12,149,34.4,73,Rain,moderate rain,9.11,None
P003,Moisturizer ,Rajpura,2025-04-13,59,25.72,90,Clear,moderate rain,3.7,Vaisakhi
P004,Pooja Articles,Rajpura,2025-04-13,153,25.72,90,Clear,moderate rain,3.7,First day of Passover
P003,Moisturizer ,Patiala,2025-04-13,82,29.06,59,Clear,moderate rain,5.49,First day of Passover
P003,Moisturizer ,Patiala,2025-04-13,82,29.06,59,Clear,moderate rain,5.49,Vaisakhi
P004,Pooja Articles,Bathinda,2025-04-13,98,21.46,89,Clear,moderate rain,9.13,First day of Passover
P004,Pooja Articles,Bathinda,2025-04-13,98,21.46,89,Clear,moderate rain,9.13,Vaisakhi
P004,Pooja Articles,Malout,2025-04-13,117,20.92,76,Clouds,light rain,1.15,First day of Passover
P004,Pooja Articles,Malout,2025-04-13,117,20.92,76,Clouds,light rain,1.15,Vaisakhi
P004,Pooja Articles,Mohali,2025-04-13,155,26.02,55,Rain,moderate rain,9.1,First day of Passover
P004,Pooja Articles,Mohali,2025-04-13,155,26.02,55,Rain,moderate rain,9.1,Vaisakhi
P004,Pooja Articles,Rajpura,2025-04-13,153,25.72,90,Clear,moderate rain,3.7,Vaisakhi
P005,Gift Hamper,Malout,2025-04-13,194,20.92,76,Clouds,light rain,1.15,Vaisakhi
P004,Pooja Articles,Patiala,2025-04-13,173,29.06,59,Clear,moderate rain,5.49,Vaisakhi
P005,Gift Hamper,Bathinda,2025-04-13,225,21.46,89,Clear,moderate rain,9.13,First day of Passover
P005,Gift Hamper,Bathinda,2025-04-13,225,21.46,89,Clear,moderate rain,9.13,Vaisakhi
P005,Gift Hamper,Malout,2025-04-13,194,20.92,76,Clouds,light rain,1.15,First day of Passover
P005,Gift Hamper,Mohali,2025-04-13,274,26.02,55,Rain,moderate rain,9.1,First day of Passover
P005,Gift Hamper,Mohali,2025-04-13,274,26.02,55,Rain,moderate rain,9.1,Vaisakhi
P005,Gift Hamper,Rajpura,2025-04-13,227,25.72,90,Clear,moderate rain,3.7,First day of Passover
P005,Gift Hamper,Rajpura,2025-04-13,227,25.72,90,Clear,moderate rain,3.7,Vaisakhi
P005,Gift Hamper,Patiala,2025-04-13,213,29.06,59,Clear,moderate rain,5.49,First day of Passover
P005,Gift Hamper,Patiala,2025-04-13,213,29.06,59,Clear,moderate rain,5.49,Vaisakhi
P003,Moisturizer ,Rajpura,2025-04-13,59,25.72,90,Clear,moderate rain,3.7,First day of Passover
P004,Pooja Articles,Patiala,2025-04-13,173,29.06,59,Clear,moderate rain,5.49,First day of Passover
P003,Moisturizer ,Mohali,2025-04-13,37,26.02,55,Rain,moderate rain,9.1,Vaisakhi
P003,Moisturizer ,Bathinda,2025-04-13,67,21.46,89,Clear,moderate rain,9.13,Vaisakhi
P003,Moisturizer ,Malout,2025-04-13,28,20.92,76,Clouds,light rain,1.15,Vaisakhi
P003,Moisturizer ,Mohali,2025-04-13,37,26.02,55,Rain,moderate rain,9.1,First day of Passover
P001,Soft Drink ,Bathinda,2025-04-13,165,21.46,89,Clear,moderate rain,9.13,Vaisakhi
P001,Soft Drink ,Malout,2025-04-13,212,20.92,76,Clouds,light rain,1.15,First day of Passover
P001,Soft Drink ,Malout,2025-04-13,212,20.92,76,Clouds,light rain,1.15,Vaisakhi
P001,Soft Drink ,Mohali,2025-04-13,176,26.02,55,Rain,moderate rain,9.1,First day of Passover
P001,Soft Drink ,Mohali,2025-04-13,176,26.02,55,Rain,moderate rain,9.1,Vaisakhi
P001,Soft Drink ,Rajpura,2025-04-13,175,25.72,90,Clear,moderate rain,3.7,First day of Passover
P001,Soft Drink ,Rajpura,2025-04-13,175,25.72,90,Clear,moderate rain,3.7,Vaisakhi
P001,Soft Drink ,Patiala,2025-04-13,141,29.06,59,Clear,moderate rain,5.49,First day of Passover
P001,Soft Drink ,Patiala,2025-04-13,141,29.06,59,Clear,moderate rain,5.49,Vaisakhi
P002,Sweets ,Bathinda,2025-04-13,113,21.46,89,Clear,moderate rain,9.13,First day of Passover
P001,Soft Drink ,Bathinda,2025-04-13,165,21.46,89,Clear,moderate rain,9.13,First day of Passover
P002,Sweets ,Malout,2025-04-13,107,20.92,76,Clouds,light rain,1.15,First day of Passover
P002,Sweets ,Bathinda,2025-04-13,113,21.46,89,Clear,moderate rain,9.13,Vaisakhi
P003,Moisturizer ,Bathinda,2025-04-13,67,21.46,89,Clear,moderate rain,9.13,First day of Passover
P002,Sweets ,Patiala,2025-04-13,131,29.06,59,Clear,moderate rain,5.49,Vaisakhi
P002,Sweets ,Patiala,2025-04-13,131,29.06,59,Clear,moderate rain,5.49,First day of Passover
P003,Moisturizer ,Malout,2025-04-13,28,20.92,76,Clouds,light rain,1.15,First day of Passover
P002,Sweets ,Rajpura,2025-04-13,75,25.72,90,Clear,moderate rain,3.7,First day of Passover
P002,Sweets ,Mohali,2025-04-13,129,26.02,55,Rain,moderate rain,9.1,Vaisakhi
P002,Sweets ,Mohali,2025-04-13,129,26.02,55,Rain,moderate rain,9.1,First day of Passover
P002,Sweets ,Malout,2025-04-13,107,20.92,76,Clouds,light rain,1.15,Vaisakhi
P002,Sweets ,Rajpura,2025-04-13,75,25.72,90,Clear,moderate rain,3.7,Vaisakhi
P003,Moisturizer ,Patiala,2025-04-14,55,38.77,54,Clear,light rain,4.46,Mesadi
P004,Pooja Articles,Rajpura,2025-04-14,161,36.32,90,Clouds,overcast clouds,3.41,Ambedkar Jayanti
P003,Moisturizer ,Patiala,2025-04-14,55,38.77,54,Clear,light rain,4.46,Ambedkar Jayanti
P004,Pooja Articles,Bathinda,2025-04-14,195,28.03,84,Clouds,scattered clouds,6.7,Mesadi
P004,Pooja Articles,Bathinda,2025-04-14,195,28.03,84,Clouds,scattered clouds,6.7,Ambedkar Jayanti
P004,Pooja Articles,Malout,2025-04-14,179,35.43,76,Clouds,clear sky,9.69,Mesadi
P004,Pooja Articles,Malout,2025-04-14,179,35.43,76,Clouds,clear sky,9.69,Ambedkar Jayanti
P004,Pooja Articles,Mohali,2025-04-14,155,21.06,69,Clear,moderate rain,1.01,Mesadi
P004,Pooja Articles,Mohali,2025-04-14,155,21.06,69,Clear,moderate rain,1.01,Ambedkar Jayanti
P004,Pooja Articles,Rajpura,2025-04-14,161,36.32,90,Clouds,overcast clouds,3.41,Mesadi
P004,Pooja Articles,Patiala,2025-04-14,186,38.77,54,Clear,light rain,4.46,Mesadi
P005,Gift Hamper,Malout,2025-04-14,235,35.43,76,Clouds,clear sky,9.69,Ambedkar Jayanti
P005,Gift Hamper,Bathinda,2025-04-14,228,28.03,84,Clouds,scattered clouds,6.7,Mesadi
P005,Gift Hamper,Bathinda,2025-04-14,228,28.03,84,Clouds,scattered clouds,6.7,Ambedkar Jayanti
P005,Gift Hamper,Malout,2025-04-14,235,35.43,76,Clouds,clear sky,9.69,Mesadi
P005,Gift Hamper,Mohali,2025-04-14,189,21.06,69,Clear,moderate rain,1.01,Mesadi
P005,Gift Hamper,Mohali,2025-04-14,189,21.06,69,Clear,moderate rain,1.01,Ambedkar Jayanti
P005,Gift Hamper,Rajpura,2025-04-14,238,36.32,90,Clouds,overcast clouds,3.41,Mesadi
P005,Gift Hamper,Rajpura,2025-04-14,238,36.32,90,Clouds,overcast clouds,3.41,Ambedkar Jayanti
P005,Gift Hamper,Patiala,2025-04-14,210,38.77,54,Clear,light rain,4.46,Mesadi
P005,Gift Hamper,Patiala,2025-04-14,210,38.77,54,Clear,light rain,4.46,Ambedkar Jayanti
P003,Moisturizer ,Rajpura,2025-04-14,69,36.32,90,Clouds,overcast clouds,3.41,Mesadi
P004,Pooja Articles,Patiala,2025-04-14,186,38.77,54,Clear,light rain,4.46,Ambedkar Jayanti
P003,Moisturizer ,Mohali,2025-04-14,73,21.06,69,Clear,moderate rain,1.01,Ambedkar Jayanti
P003,Moisturizer ,Rajpura,2025-04-14,69,36.32,90,Clouds,overcast clouds,3.41,Ambedkar Jayanti
P003,Moisturizer ,Malout,2025-04-14,34,35.43,76,Clouds,clear sky,9.69,Ambedkar Jayanti
P001,Soft Drink ,Bathinda,2025-04-14,197,28.03,84,Clouds,scattered clouds,6.7,Mesadi
P001,Soft Drink ,Bathinda,2025-04-14,197,28.03,84,Clouds,scattered clouds,6.7,Ambedkar Jayanti
P001,Soft Drink ,Malout,2025-04-14,189,35.43,76,Clouds,clear sky,9.69,Mesadi
P001,Soft Drink ,Malout,2025-04-14,189,35.43,76,Clouds,clear sky,9.69,Ambedkar Jayanti
P001,Soft Drink ,Mohali,2025-04-14,157,21.06,69,Clear,moderate rain,1.01,Mesadi
P001,Soft Drink ,Mohali,2025-04-14,157,21.06,69,Clear,moderate rain,1.01,Ambedkar Jayanti
P001,Soft Drink ,Rajpura,2025-04-14,175,36.32,90,Clouds,overcast clouds,3.41,Ambedkar Jayanti
P001,Soft Drink ,Patiala,2025-04-14,243,38.77,54,Clear,light rain,4.46,Mesadi
P001,Soft Drink ,Patiala,2025-04-14,243,38.77,54,Clear,light rain,4.46,Ambedkar Jayanti
P002,Sweets ,Bathinda,2025-04-14,87,28.03,84,Clouds,scattered clouds,6.7,Mesadi
P002,Sweets ,Bathinda,2025-04-14,87,28.03,84,Clouds,scattered clouds,6.7,Ambedkar Jayanti
P001,Soft Drink ,Rajpura,2025-04-14,175,36.32,90,Clouds,overcast clouds,3.41,Mesadi
P002,Sweets ,Malout,2025-04-14,97,35.43,76,Clouds,clear sky,9.69,Ambedkar Jayanti
P002,Sweets ,Malout,2025-04-14,97,35.43,76,Clouds,clear sky,9.69,Mesadi
P003,Moisturizer ,Mohali,2025-04-14,73,21.06,69,Clear,moderate rain,1.01,Mesadi
P003,Moisturizer ,Bathinda,2025-04-14,27,28.03,84,Clouds,scattered clouds,6.7,Ambedkar Jayanti
P003,Moisturizer ,Bathinda,2025-04-14,27,28.03,84,Clouds,scattered clouds,6.7,Mesadi
P002,Sweets ,Patiala,2025-04-14,104,38.77,54,Clear,light rain,4.46,Ambedkar Jayanti
P003,Moisturizer ,Malout,2025-04-14,34,35.43,76,Clouds,clear sky,9.69,Mesadi
P002,Sweets ,Rajpura,2025-04-14,123,36.32,90,Clouds,overcast clouds,3.41,Ambedkar Jayanti
P002,Sweets ,Rajpura,2025-04-14,123,36.32,90,Clouds,overcast clouds,3.41,Mesadi
P002,Sweets ,Mohali,2025-04-14,147,21.06,69,Clear,moderate rain,1.01,Ambedkar Jayanti
P002,Sweets ,Mohali,2025-04-14,147,21.06,69,Clear,moderate rain,1.01,Mesadi
P002,Sweets ,Patiala,2025-04-14,104,38.77,54,Clear,light rain,4.46,Mesadi
P003,Moisturizer ,Patiala,2025-04-15,62,23.45,60,Rain,scattered clouds,7.1,Bahag Bihu/Vaisakhadi
P004,Pooja Articles,Bathinda,2025-04-15,125,24.27,43,Rain,clear sky,9.99,Bahag Bihu/Vaisakhadi
P004,Pooja Articles,Malout,2025-04-15,120,39.93,63,Clouds,overcast clouds,9.65,Bahag Bihu/Vaisakhadi
P004,Pooja Articles,Mohali,2025-04-15,162,32.07,49,Clouds,light rain,5.43,Bahag Bihu/Vaisakhadi
P004,Pooja Articles,Rajpura,2025-04-15,150,32.9,42,Rain,clear sky,7.85,Bahag Bihu/Vaisakhadi
P005,Gift Hamper,Malout,2025-04-15,246,39.93,63,Clouds,overcast clouds,9.65,Bahag Bihu/Vaisakhadi
P005,Gift Hamper,Bathinda,2025-04-15,215,24.27,43,Rain,clear sky,9.99,Bahag Bihu/Vaisakhadi
P005,Gift Hamper,Mohali,2025-04-15,191,32.07,49,Clouds,light rain,5.43,Bahag Bihu/Vaisakhadi
P005,Gift Hamper,Rajpura,2025-04-15,251,32.9,42,Rain,clear sky,7.85,Bahag Bihu/Vaisakhadi
P005,Gift Hamper,Patiala,2025-04-15,229,23.45,60,Rain,scattered clouds,7.1,Bahag Bihu/Vaisakhadi
P004,Pooja Articles,Patiala,2025-04-15,174,23.45,60,Rain,scattered clouds,7.1,Bahag Bihu/Vaisakhadi
P003,Moisturizer ,Rajpura,2025-04-15,49,32.9,42,Rain,clear sky,7.85,Bahag Bihu/Vaisakhadi
P002,Sweets ,Bathinda,2025-04-15,123,24.27,43,Rain,clear sky,9.99,Bahag Bihu/Vaisakhadi
P003,Moisturizer ,Malout,2025-04-15,37,39.93,63,Clouds,overcast clouds,9.65,Bahag Bihu/Vaisakhadi
P003,Moisturizer ,Mohali,2025-04-15,42,32.07,49,Clouds,light rain,5.43,Bahag Bihu/Vaisakhadi
P001,Soft Drink ,Malout,2025-04-15,201,39.93,63,Clouds,overcast clouds,9.65,Bahag Bihu/Vaisakhadi
P001,Soft Drink ,Mohali,2025-04-15,207,32.07,49,Clouds,light rain,5.43,Bahag Bihu/Vaisakhadi
P001,Soft Drink ,Rajpura,2025-04-15,206,32.9,42,Rain,clear sky,7.85,Bahag Bihu/Vaisakhadi
P001,Soft Drink ,Patiala,2025-04-15,138,23.45,60,Rain,scattered clouds,7.1,Bahag Bihu/Vaisakhadi
P001,Soft Drink ,Bathinda,2025-04-15,183,24.27,43,Rain,clear sky,9.99,Bahag Bihu/Vaisakhadi
P002,Sweets ,Malout,2025-04-15,110,39.93,63,Clouds,overcast clouds,9.65,Bahag Bihu/Vaisakhadi
P002,Sweets ,Mohali,2025-04-15,125,32.07,49,Clouds,light rain,5.43,Bahag Bihu/Vaisakhadi
P002,Sweets ,Rajpura,2025-04-15,138,32.9,42,Rain,clear sky,7.85,Bahag Bihu/Vaisakhadi
P002,Sweets ,Patiala,2025-04-15,112,23.45,60,Rain,scattered clouds,7.1,Bahag Bihu/Vaisakhadi
P003,Moisturizer ,Bathinda,2025-04-15,43,24.27,43,Rain,clear sky,9.99,Bahag Bihu/Vaisakhadi
P004,Pooja Articles,Bathinda,2025-04-16,150,30.3,87,Clear,overcast clouds,3.68,None
P004,Pooja Articles,Malout,2025-04-16,146,24.44,67,Clear,clear sky,1.32,None
P004,Pooja Articles,Mohali,2025-04-16,179,30.13,71,Clouds,light rain,6.09,None
P004,Pooja Articles,Rajpura,2025-04-16,98,26.73,81,Rain,scattered clouds,3.66,None
P005,Gift Hamper,Patiala,2025-04-16,246,26.17,87,Rain,overcast clouds,5.28,None
P005,Gift Hamper,Bathinda,2025-04-16,239,30.3,87,Clear,overcast clouds,3.68,None
P003,Moisturizer ,Patiala,2025-04-16,45,26.17,87,Rain,overcast clouds,5.28,None
P005,Gift Hamper,Malout,2025-04-16,216,24.44,67,Clear,clear sky,1.32,None
P005,Gift Hamper,Mohali,2025-04-16,220,30.13,71,Clouds,light rain,6.09,None
P005,Gift Hamper,Rajpura,2025-04-16,221,26.73,81,Rain,scattered clouds,3.66,None
P004,Pooja Articles,Patiala,2025-04-16,147,26.17,87,Rain,overcast clouds,5.28,None
P003,Moisturizer ,Rajpura,2025-04-16,75,26.73,81,Rain,scattered clouds,3.66,None
P002,Sweets ,Bathinda,2025-04-16,125,30.3,87,Clear,overcast clouds,3.68,None
P003,Moisturizer ,Malout,2025-04-16,23,24.44,67,Clear,clear sky,1.32,None
P001,Soft Drink ,Bathinda,2025-04-16,200,30.3,87,Clear,overcast clouds,3.68,None
P001,Soft Drink ,Malout,2025-04-16,141,24.44,67,Clear,clear sky,1.32,None
P001,Soft Drink ,Mohali,2025-04-16,164,30.13,71,Clouds,light rain,6.09,None
P001,Soft Drink ,Rajpura,2025-04-16,187,26.73,81,Rain,scattered clouds,3.66,None
P001,Soft Drink ,Patiala,2025-04-16,170,26.17,87,Rain,overcast clouds,5.28,None
P003,Moisturizer ,Mohali,2025-04-16,36,30.13,71,Clouds,light rain,6.09,None
P002,Sweets ,Mohali,2025-04-16,171,30.13,71,Clouds,light rain,6.09,None
P002,Sweets ,Rajpura,2025-04-16,108,26.73,81,Rain,scattered clouds,3.66,None
P002,Sweets ,Patiala,2025-04-16,160,26.17,87,Rain,overcast clouds,5.28,None
P003,Moisturizer ,Bathinda,2025-04-16,79,30.3,87,Clear,overcast clouds,3.68,None
P002,Sweets ,Malout,2025-04-16,114,24.44,67,Clear,clear sky,1.32,None
P003,Moisturizer ,Patiala,2025-04-17,32,30.59,78,Clouds,clear sky,1.99,Maundy Thursday
P004,Pooja Articles,Bathinda,2025-04-17,200,38.15,43,Clouds,scattered clouds,8.35,Maundy Thursday
P004,Pooja Articles,Malout,2025-04-17,169,38.09,81,Clouds,light rain,9.73,Maundy Thursday
P004,Pooja Articles,Mohali,2025-04-17,123,30.25,84,Rain,overcast clouds,2.65,Maundy Thursday
P004,Pooja Articles,Rajpura,2025-04-17,154,24.78,47,Rain,scattered clouds,2.13,Maundy Thursday
P005,Gift Hamper,Bathinda,2025-04-17,253,38.15,43,Clouds,scattered clouds,8.35,Maundy Thursday
P005,Gift Hamper,Malout,2025-04-17,245,38.09,81,Clouds,light rain,9.73,Maundy Thursday
P005,Gift Hamper,Mohali,2025-04-17,200,30.25,84,Rain,overcast clouds,2.65,Maundy Thursday
P005,Gift Hamper,Rajpura,2025-04-17,211,24.78,47,Rain,scattered clouds,2.13,Maundy Thursday
P003,Moisturizer ,Rajpura,2025-04-17,57,24.78,47,Rain,scattered clouds,2.13,Maundy Thursday
P004,Pooja Articles,Patiala,2025-04-17,120,30.59,78,Clouds,clear sky,1.99,Maundy Thursday
P005,Gift Hamper,Patiala,2025-04-17,215,30.59,78,Clouds,clear sky,1.99,Maundy Thursday
P003,Moisturizer ,Malout,2025-04-17,88,38.09,81,Clouds,light rain,9.73,Maundy Thursday
P003,Moisturizer ,Bathinda,2025-04-17,122,38.15,43,Clouds,scattered clouds,8.35,Maundy Thursday
P002,Sweets ,Patiala,2025-04-17,110,30.59,78,Clouds,clear sky,1.99,Maundy Thursday
P002,Sweets ,Rajpura,2025-04-17,108,24.78,47,Rain,scattered clouds,2.13,Maundy Thursday
P002,Sweets ,Mohali,2025-04-17,89,30.25,84,Rain,overcast clouds,2.65,Maundy Thursday
P002,Sweets ,Malout,2025-04-17,122,38.09,81,Clouds,light rain,9.73,Maundy Thursday
P002,Sweets ,Bathinda,2025-04-17,164,38.15,43,Clouds,scattered clouds,8.35,Maundy Thursday
P001,Soft Drink ,Patiala,2025-04-17,156,30.59,78,Clouds,clear sky,1.99,Maundy Thursday
P001,Soft Drink ,Rajpura,2025-04-17,173,24.78,47,Rain,scattered clouds,2.13,Maundy Thursday
P001,Soft Drink ,Mohali,2025-04-17,149,30.25,84,Rain,overcast clouds,2.65,Maundy Thursday
P001,Soft Drink ,Malout,2025-04-17,192,38.09,81,Clouds,light rain,9.73,Maundy Thursday
P001,Soft Drink ,Bathinda,2025-04-17,264,38.15,43,Clouds,scattered clouds,8.35,Maundy Thursday
P003,Moisturizer ,Mohali,2025-04-17,68,30.25,84,Rain,overcast clouds,2.65,Maundy Thursday
P005,Gift Hamper,Patiala,2025-04-18,235,36.4,78,Clouds,overcast clouds,9.6,Good Friday
P004,Pooja Articles,Malout,2025-04-18,134,30.46,73,Clear,light rain,4.13,Good Friday
P004,Pooja Articles,Mohali,2025-04-18,144,35.34,66,Rain,light rain,8.4,Good Friday
P004,Pooja Articles,Rajpura,2025-04-18,216,30.06,70,Clear,clear sky,8.88,Good Friday
P003,Moisturizer ,Patiala,2025-04-18,59,36.4,78,Clouds,overcast clouds,9.6,Good Friday
P005,Gift Hamper,Bathinda,2025-04-18,203,37.17,62,Clear,light rain,9.81,Good Friday
P005,Gift Hamper,Malout,2025-04-18,195,30.46,73,Clear,light rain,4.13,Good Friday
P005,Gift Hamper,Mohali,2025-04-18,249,35.34,66,Rain,light rain,8.4,Good Friday
P005,Gift Hamper,Rajpura,2025-04-18,239,30.06,70,Clear,clear sky,8.88,Good Friday
P004,Pooja Articles,Patiala,2025-04-18,149,36.4,78,Clouds,overcast clouds,9.6,Good Friday
P003,Moisturizer ,Rajpura,2025-04-18,77,30.06,70,Clear,clear sky,8.88,Good Friday
P004,Pooja Articles,Bathinda,2025-04-18,165,37.17,62,Clear,light rain,9.81,Good Friday
P003,Moisturizer ,Mohali,2025-04-18,71,35.34,66,Rain,light rain,8.4,Good Friday
P001,Soft Drink ,Bathinda,2025-04-18,163,37.17,62,Clear,light rain,9.81,Good Friday
P001,Soft Drink ,Malout,2025-04-18,170,30.46,73,Clear,light rain,4.13,Good Friday
P001,Soft Drink ,Mohali,2025-04-18,175,35.34,66,Rain,light rain,8.4,Good Friday
P001,Soft Drink ,Rajpura,2025-04-18,179,30.06,70,Clear,clear sky,8.88,Good Friday
P001,Soft Drink ,Patiala,2025-04-18,212,36.4,78,Clouds,overcast clouds,9.6,Good Friday
P003,Moisturizer ,Malout,2025-04-18,84,30.46,73,Clear,light rain,4.13,Good Friday
P002,Sweets ,Malout,2025-04-18,77,30.46,73,Clear,light rain,4.13,Good Friday
P002,Sweets ,Mohali,2025-04-18,104,35.34,66,Rain,light rain,8.4,Good Friday
P002,Sweets ,Rajpura,2025-04-18,137,30.06,70,Clear,clear sky,8.88,Good Friday
P002,Sweets ,Patiala,2025-04-18,125,36.4,78,Clouds,overcast clouds,9.6,Good Friday
P003,Moisturizer ,Bathinda,2025-04-18,46,37.17,62,Clear,light rain,9.81,Good Friday
P002,Sweets ,Bathinda,2025-04-18,127,37.17,62,Clear,light rain,9.81,Good Friday
P004,Pooja Articles,Bathinda,2025-04-19,169,26.42,51,Rain,scattered clouds,1.37,None
P004,Pooja Articles,Malout,2025-04-19,141,28.59,72,Rain,clear sky,7.6,None
P004,Pooja Articles,Mohali,2025-04-19,140,29.69,84,Rain,moderate rain,4.11,None
P004,Pooja Articles,Rajpura,2025-04-19,136,25.48,71,Rain,scattered clouds,8.02,None
P004,Pooja Articles,Patiala,2025-04-19,173,36.36,41,Rain,scattered clouds,1.94,None
P005,Gift Hamper,Mohali,2025-04-19,228,29.69,84,Rain,moderate rain,4.11,None
P005,Gift Hamper,Malout,2025-04-19,222,28.59,72,Rain,clear sky,7.6,None
P005,Gift Hamper,Rajpura,2025-04-19,211,25.48,71,Rain,scattered clouds,8.02,None
P005,Gift Hamper,Patiala,2025-04-19,247,36.36,41,Rain,scattered clouds,1.94,None
P003,Moisturizer ,Patiala,2025-04-19,79,36.36,41,Rain,scattered clouds,1.94,None
P005,Gift Hamper,Bathinda,2025-04-19,182,26.42,51,Rain,scattered clouds,1.37,None
P003,Moisturizer ,Rajpura,2025-04-19,35,25.48,71,Rain,scattered clouds,8.02,None
P003,Moisturizer ,Malout,2025-04-19,107,28.59,72,Rain,clear sky,7.6,None
P001,Soft Drink ,Bathinda,2025-04-19,164,26.42,51,Rain,scattered clouds,1.37,None
P003,Moisturizer ,Mohali,2025-04-19,49,29.69,84,Rain,moderate rain,4.11,None
P001,Soft Drink ,Malout,2025-04-19,210,28.59,72,Rain,clear sky,7.6,None
P001,Soft Drink ,Mohali,2025-04-19,150,29.69,84,Rain,moderate rain,4.11,None
P001,Soft Drink ,Patiala,2025-04-19,152,36.36,41,Rain,scattered clouds,1.94,None
P002,Sweets ,Bathinda,2025-04-19,68,26.42,51,Rain,scattered clouds,1.37,None
P001,Soft Drink ,Rajpura,2025-04-19,196,25.48,71,Rain,scattered clouds,8.02,None
P002,Sweets ,Mohali,2025-04-19,155,29.69,84,Rain,moderate rain,4.11,None
P002,Sweets ,Rajpura,2025-04-19,115,25.48,71,Rain,scattered clouds,8.02,None
P002,Sweets ,Patiala,2025-04-19,125,36.36,41,Rain,scattered clouds,1.94,None
P003,Moisturizer ,Bathinda,2025-04-19,34,26.42,51,Rain,scattered clouds,1.37,None
P002,Sweets ,Malout,2025-04-19,114,28.59,72,Rain,clear sky,7.6,None
P004,Pooja Articles,Rajpura,2025-04-20,110,24.16,50,Clear,overcast clouds,9.42,Easter Day
P004,Pooja Articles,Bathinda,2025-04-20,164,37.53,87,Clear,clear sky,9.2,Easter Day
P004,Pooja Articles,Malout,2025-04-20,180,36.66,51,Clouds,scattered clouds,8.5,Easter Day
P004,Pooja Articles,Mohali,2025-04-20,187,22.72,47,Rain,clear sky,1.15,Easter Day
P004,Pooja Articles,Patiala,2025-04-20,151,24.41,47,Clear,moderate rain,8.77,Easter Day
P003,Moisturizer ,Patiala,2025-04-20,32,24.41,47,Clear,moderate rain,8.77,Easter Day
P005,Gift Hamper,Malout,2025-04-20,206,36.66,51,Clouds,scattered clouds,8.5,Easter Day
P005,Gift Hamper,Mohali,2025-04-20,209,22.72,47,Rain,clear sky,1.15,Easter Day
P005,Gift Hamper,Rajpura,2025-04-20,231,24.16,50,Clear,overcast clouds,9.42,Easter Day
P005,Gift Hamper,Patiala,2025-04-20,242,24.41,47,Clear,moderate rain,8.77,Easter Day
P005,Gift Hamper,Bathinda,2025-04-20,230,37.53,87,Clear,clear sky,9.2,Easter Day
P003,Moisturizer ,Rajpura,2025-04-20,71,24.16,50,Clear,overcast clouds,9.42,Easter Day
P003,Moisturizer ,Malout,2025-04-20,60,36.66,51,Clouds,scattered clouds,8.5,Easter Day
P003,Moisturizer ,Mohali,2025-04-20,84,22.72,47,Rain,clear sky,1.15,Easter Day
P001,Soft Drink ,Bathinda,2025-04-20,193,37.53,87,Clear,clear sky,9.2,Easter Day
P001,Soft Drink ,Malout,2025-04-20,191,36.66,51,Clouds,scattered clouds,8.5,Easter Day
P001,Soft Drink ,Mohali,2025-04-20,164,22.72,47,Rain,clear sky,1.15,Easter Day
P001,Soft Drink ,Patiala,2025-04-20,160,24.41,47,Clear,moderate rain,8.77,Easter Day
P002,Sweets ,Bathinda,2025-04-20,113,37.53,87,Clear,clear sky,9.2,Easter Day
P001,Soft Drink ,Rajpura,2025-04-20,226,24.16,50,Clear,overcast clouds,9.42,Easter Day
P002,Sweets ,Mohali,2025-04-20,91,22.72,47,Rain,clear sky,1.15,Easter Day
P002,Sweets ,Rajpura,2025-04-20,141,24.16,50,Clear,overcast clouds,9.42,Easter Day
P002,Sweets ,Patiala,2025-04-20,117,24.41,47,Clear,moderate rain,8.77,Easter Day
P003,Moisturizer ,Bathinda,2025-04-20,48,37.53,87,Clear,clear sky,9.2,Easter Day
P002,Sweets ,Malout,2025-04-20,94,36.66,51,Clouds,scattered clouds,8.5,Easter Day
P004,Pooja Articles,Mohali,2025-04-21,182,20.03,76,Clear,scattered clouds,3.02,None
P003,Moisturizer ,Patiala,2025-04-21,63,32.47,76,Clear,scattered clouds,5.25,None
P004,Pooja Articles,Bathinda,2025-04-21,166,22.71,40,Clear,scattered clouds,9.95,None
P004,Pooja Articles,Malout,2025-04-21,171,32.17,68,Rain,moderate rain,5.71,None
P004,Pooja Articles,Rajpura,2025-04-21,148,24.48,61,Rain,scattered clouds,7.19,None
P003,Moisturizer ,Mohali,2025-04-21,96,20.03,76,Clear,scattered clouds,3.02,None
P005,Gift Hamper,Bathinda,2025-04-21,228,22.71,40,Clear,scattered clouds,9.95,None
P005,Gift Hamper,Malout,2025-04-21,260,32.17,68,Rain,moderate rain,5.71,None
P005,Gift Hamper,Mohali,2025-04-21,186,20.03,76,Clear,scattered clouds,3.02,None
P005,Gift Hamper,Rajpura,2025-04-21,175,24.48,61,Rain,scattered clouds,7.19,None
P003,Moisturizer ,Rajpura,2025-04-21,88,24.48,61,Rain,scattered clouds,7.19,None
P004,Pooja Articles,Patiala,2025-04-21,121,32.47,76,Clear,scattered clouds,5.25,None
P005,Gift Hamper,Patiala,2025-04-21,189,32.47,76,Clear,scattered clouds,5.25,None
P002,Sweets ,Rajpura,2025-04-21,102,24.48,61,Rain,scattered clouds,7.19,None
P003,Moisturizer ,Bathinda,2025-04-21,36,22.71,40,Clear,scattered clouds,9.95,None
P002,Sweets ,Patiala,2025-04-21,99,32.47,76,Clear,scattered clouds,5.25,None
P002,Sweets ,Mohali,2025-04-21,84,20.03,76,Clear,scattered clouds,3.02,None
P002,Sweets ,Malout,2025-04-21,151,32.17,68,Rain,moderate rain,5.71,None
P002,Sweets ,Bathinda,2025-04-21,84,22.71,40,Clear,scattered clouds,9.95,None
P001,Soft Drink ,Patiala,2025-04-21,169,32.47,76,Clear,scattered clouds,5.25,None
P001,Soft Drink ,Rajpura,2025-04-21,220,24.48,61,Rain,scattered clouds,7.19,None
P001,Soft Drink ,Mohali,2025-04-21,157,20.03,76,Clear,scattered clouds,3.02,None
P001,Soft Drink ,Malout,2025-04-21,192,32.17,68,Rain,moderate rain,5.71,None
P001,Soft Drink ,Bathinda,2025-04-21,148,22.71,40,Clear,scattered clouds,9.95,None
P003,Moisturizer ,Malout,2025-04-21,36,32.17,68,Rain,moderate rain,5.71,None
P004,Pooja Articles,Mohali,2025-04-22,158,33.87,55,Rain,moderate rain,8.67,None
P003,Moisturizer ,Patiala,2025-04-22,73,24.85,86,Clear,overcast clouds,9.74,None
P004,Pooja Articles,Bathinda,2025-04-22,176,22.91,81,Rain,light rain,1.44,None
P004,Pooja Articles,Malout,2025-04-22,166,28.19,63,Rain,moderate rain,9.26,None
P004,Pooja Articles,Rajpura,2025-04-22,135,34.17,52,Clouds,scattered clouds,2.92,None
P003,Moisturizer ,Rajpura,2025-04-22,77,34.17,52,Clouds,scattered clouds,2.92,None
P005,Gift Hamper,Bathinda,2025-04-22,241,22.91,81,Rain,light rain,1.44,None
P005,Gift Hamper,Malout,2025-04-22,239,28.19,63,Rain,moderate rain,9.26,None
P005,Gift Hamper,Mohali,2025-04-22,188,33.87,55,Rain,moderate rain,8.67,None
P005,Gift Hamper,Rajpura,2025-04-22,253,34.17,52,Clouds,scattered clouds,2.92,None
P004,Pooja Articles,Patiala,2025-04-22,172,24.85,86,Clear,overcast clouds,9.74,None
P003,Moisturizer ,Mohali,2025-04-22,88,33.87,55,Rain,moderate rain,8.67,None
P005,Gift Hamper,Patiala,2025-04-22,212,24.85,86,Clear,overcast clouds,9.74,None
P003,Moisturizer ,Bathinda,2025-04-22,84,22.91,81,Rain,light rain,1.44,None
P001,Soft Drink ,Bathinda,2025-04-22,205,22.91,81,Rain,light rain,1.44,None
P001,Soft Drink ,Malout,2025-04-22,181,28.19,63,Rain,moderate rain,9.26,None
P001,Soft Drink ,Mohali,2025-04-22,204,33.87,55,Rain,moderate rain,8.67,None
P001,Soft Drink ,Rajpura,2025-04-22,205,34.17,52,Clouds,scattered clouds,2.92,None
P001,Soft Drink ,Patiala,2025-04-22,193,24.85,86,Clear,overcast clouds,9.74,None
P003,Moisturizer ,Malout,2025-04-22,79,28.19,63,Rain,moderate rain,9.26,None
P002,Sweets ,Malout,2025-04-22,146,28.19,63,Rain,moderate rain,9.26,None
P002,Sweets ,Mohali,2025-04-22,125,33.87,55,Rain,moderate rain,8.67,None
P002,Sweets ,Rajpura,2025-04-22,100,34.17,52,Clouds,scattered clouds,2.92,None
P002,Sweets ,Patiala,2025-04-22,149,24.85,86,Clear,overcast clouds,9.74,None
P002,Sweets ,Bathinda,2025-04-22,86,22.91,81,Rain,light rain,1.44,None
P004,Pooja Articles,Bathinda,2025-04-23,159,22.75,85,Clouds,clear sky,6.16,None
P004,Pooja Articles,Malout,2025-04-23,130,28.25,46,Clouds,moderate rain,3.5,None
P004,Pooja Articles,Mohali,2025-04-23,145,28.35,65,Clouds,overcast clouds,2.88,None
P004,Pooja Articles,Rajpura,2025-04-23,139,30.75,60,Rain,scattered clouds,1.41,None
P004,Pooja Articles,Patiala,2025-04-23,153,30.78,90,Clouds,clear sky,1.85,None
P005,Gift Hamper,Malout,2025-04-23,186,28.25,46,Clouds,moderate rain,3.5,None
P005,Gift Hamper,Mohali,2025-04-23,253,28.35,65,Clouds,overcast clouds,2.88,None
P005,Gift Hamper,Rajpura,2025-04-23,222,30.75,60,Rain,scattered clouds,1.41,None
P005,Gift Hamper,Patiala,2025-04-23,172,30.78,90,Clouds,clear sky,1.85,None
P003,Moisturizer ,Patiala,2025-04-23,50,30.78,90,Clouds,clear sky,1.85,None
P005,Gift Hamper,Bathinda,2025-04-23,180,22.75,85,Clouds,clear sky,6.16,None
P003,Moisturizer ,Rajpura,2025-04-23,81,30.75,60,Rain,scattered clouds,1.41,None
P003,Moisturizer ,Mohali,2025-04-23,34,28.35,65,Clouds,overcast clouds,2.88,None
P003,Moisturizer ,Malout,2025-04-23,39,28.25,46,Clouds,moderate rain,3.5,None
P001,Soft Drink ,Malout,2025-04-23,215,28.25,46,Clouds,moderate rain,3.5,None
P001,Soft Drink ,Mohali,2025-04-23,228,28.35,65,Clouds,overcast clouds,2.88,None
P001,Soft Drink ,Rajpura,2025-04-23,195,30.75,60,Rain,scattered clouds,1.41,None
P001,Soft Drink ,Patiala,2025-04-23,159,30.78,90,Clouds,clear sky,1.85,None
P002,Sweets ,Bathinda,2025-04-23,108,22.75,85,Clouds,clear sky,6.16,None
P001,Soft Drink ,Bathinda,2025-04-23,198,22.75,85,Clouds,clear sky,6.16,None
P002,Sweets ,Mohali,2025-04-23,131,28.35,65,Clouds,overcast clouds,2.88,None
P002,Sweets ,Rajpura,2025-04-23,159,30.75,60,Rain,scattered clouds,1.41,None
P002,Sweets ,Patiala,2025-04-23,107,30.78,90,Clouds,clear sky,1.85,None
P003,Moisturizer ,Bathinda,2025-04-23,69,22.75,85,Clouds,clear sky,6.16,None
P002,Sweets ,Malout,2025-04-23,120,28.25,46,Clouds,moderate rain,3.5,None
P003,Moisturizer ,Patiala,2025-04-24,68,28.28,78,Rain,moderate rain,6.98,None
P004,Pooja Articles,Bathinda,2025-04-24,167,35.67,68,Clear,clear sky,3.5,None
P004,Pooja Articles,Malout,2025-04-24,175,20.63,47,Clouds,moderate rain,6.06,None
P004,Pooja Articles,Mohali,2025-04-24,165,35.79,58,Clouds,moderate rain,5.64,None
P004,Pooja Articles,Rajpura,2025-04-24,121,39.42,53,Rain,light rain,4.91,None
P005,Gift Hamper,Bathinda,2025-04-24,246,35.67,68,Clear,clear sky,3.5,None
P005,Gift Hamper,Malout,2025-04-24,220,20.63,47,Clouds,moderate rain,6.06,None
P005,Gift Hamper,Mohali,2025-04-24,203,35.79,58,Clouds,moderate rain,5.64,None
P005,Gift Hamper,Rajpura,2025-04-24,217,39.42,53,Rain,light rain,4.91,None
P003,Moisturizer ,Rajpura,2025-04-24,29,39.42,53,Rain,light rain,4.91,None
P004,Pooja Articles,Patiala,2025-04-24,140,28.28,78,Rain,moderate rain,6.98,None
P003,Moisturizer ,Mohali,2025-04-24,72,35.79,58,Clouds,moderate rain,5.64,None
P005,Gift Hamper,Patiala,2025-04-24,187,28.28,78,Rain,moderate rain,6.98,None
P003,Moisturizer ,Bathinda,2025-04-24,52,35.67,68,Clear,clear sky,3.5,None
P001,Soft Drink ,Bathinda,2025-04-24,194,35.67,68,Clear,clear sky,3.5,None
P001,Soft Drink ,Malout,2025-04-24,189,20.63,47,Clouds,moderate rain,6.06,None
P001,Soft Drink ,Mohali,2025-04-24,230,35.79,58,Clouds,moderate rain,5.64,None
P001,Soft Drink ,Rajpura,2025-04-24,187,39.42,53,Rain,light rain,4.91,None
P001,Soft Drink ,Patiala,2025-04-24,171,28.28,78,Rain,moderate rain,6.98,None
P003,Moisturizer ,Malout,2025-04-24,80,20.63,47,Clouds,moderate rain,6.06,None
P002,Sweets ,Malout,2025-04-24,149,20.63,47,Clouds,moderate rain,6.06,None
P002,Sweets ,Mohali,2025-04-24,93,35.79,58,Clouds,moderate rain,5.64,None
P002,Sweets ,Rajpura,2025-04-24,134,39.42,53,Rain,light rain,4.91,None
P002,Sweets ,Patiala,2025-04-24,145,28.28,78,Rain,moderate rain,6.98,None
P002,Sweets ,Bathinda,2025-04-24,97,35.67,68,Clear,clear sky,3.5,None
P003,Moisturizer ,Patiala,2025-04-25,92,35.35,74,Rain,moderate rain,3.1,None
P004,Pooja Articles,Bathinda,2025-04-25,178,31.89,77,Clear,scattered clouds,7.9,None
P004,Pooja Articles,Malout,2025-04-25,178,23.1,59,Clouds,light rain,7.19,None
P004,Pooja Articles,Mohali,2025-04-25,137,20.36,45,Rain,overcast clouds,9.53,None
P004,Pooja Articles,Rajpura,2025-04-25,125,26.29,52,Clear,light rain,5.57,None
P005,Gift Hamper,Bathinda,2025-04-25,221,31.89,77,Clear,scattered clouds,7.9,None
P005,Gift Hamper,Malout,2025-04-25,180,23.1,59,Clouds,light rain,7.19,None
P005,Gift Hamper,Mohali,2025-04-25,234,20.36,45,Rain,overcast clouds,9.53,None
P005,Gift Hamper,Rajpura,2025-04-25,208,26.29,52,Clear,light rain,5.57,None
P003,Moisturizer ,Rajpura,2025-04-25,32,26.29,52,Clear,light rain,5.57,None
P004,Pooja Articles,Patiala,2025-04-25,149,35.35,74,Rain,moderate rain,3.1,None
P003,Moisturizer ,Mohali,2025-04-25,30,20.36,45,Rain,overcast clouds,9.53,None
P005,Gift Hamper,Patiala,2025-04-25,187,35.35,74,Rain,moderate rain,3.1,None
P003,Moisturizer ,Bathinda,2025-04-25,65,31.89,77,Clear,scattered clouds,7.9,None
P001,Soft Drink ,Bathinda,2025-04-25,197,31.89,77,Clear,scattered clouds,7.9,None
P001,Soft Drink ,Malout,2025-04-25,146,23.1,59,Clouds,light rain,7.19,None
P001,Soft Drink ,Mohali,2025-04-25,194,20.36,45,Rain,overcast clouds,9.53,None
P001,Soft Drink ,Rajpura,2025-04-25,172,26.29,52,Clear,light rain,5.57,None
P001,Soft Drink ,Patiala,2025-04-25,188,35.35,74,Rain,moderate rain,3.1,None
P003,Moisturizer ,Malout,2025-04-25,95,23.1,59,Clouds,light rain,7.19,None
P002,Sweets ,Malout,2025-04-25,75,23.1,59,Clouds,light rain,7.19,None
P002,Sweets ,Mohali,2025-04-25,122,20.36,45,Rain,overcast clouds,9.53,None
P002,Sweets ,Rajpura,2025-04-25,86,26.29,52,Clear,light rain,5.57,None
P002,Sweets ,Patiala,2025-04-25,100,35.35,74,Rain,moderate rain,3.1,None
P002,Sweets ,Bathinda,2025-04-25,110,31.89,77,Clear,scattered clouds,7.9,None
P003,Moisturizer ,Patiala,2025-04-26,67,22.06,66,Rain,scattered clouds,2.7,None
P004,Pooja Articles,Bathinda,2025-04-26,175,23.43,66,Clouds,moderate rain,8.42,None
P004,Pooja Articles,Malout,2025-04-26,141,31.52,60,Rain,moderate rain,1.11,None
P004,Pooja Articles,Mohali,2025-04-26,174,26.58,73,Clouds,moderate rain,8.01,None
P004,Pooja Articles,Rajpura,2025-04-26,158,21.17,47,Clear,light rain,4.59,None
P005,Gift Hamper,Bathinda,2025-04-26,196,23.43,66,Clouds,moderate rain,8.42,None
P005,Gift Hamper,Malout,2025-04-26,190,31.52,60,Rain,moderate rain,1.11,None
P005,Gift Hamper,Mohali,2025-04-26,211,26.58,73,Clouds,moderate rain,8.01,None
P005,Gift Hamper,Rajpura,2025-04-26,198,21.17,47,Clear,light rain,4.59,None
P003,Moisturizer ,Rajpura,2025-04-26,64,21.17,47,Clear,light rain,4.59,None
P004,Pooja Articles,Patiala,2025-04-26,154,22.06,66,Rain,scattered clouds,2.7,None
P005,Gift Hamper,Patiala,2025-04-26,253,22.06,66,Rain,scattered clouds,2.7,None
P003,Moisturizer ,Mohali,2025-04-26,64,26.58,73,Clouds,moderate rain,8.01,None
P003,Moisturizer ,Bathinda,2025-04-26,47,23.43,66,Clouds,moderate rain,8.42,None
P003,Moisturizer ,Malout,2025-04-26,52,31.52,60,Rain,moderate rain,1.11,None
P001,Soft Drink ,Bathinda,2025-04-26,168,23.43,66,Clouds,moderate rain,8.42,None
P001,Soft Drink ,Malout,2025-04-26,175,31.52,60,Rain,moderate rain,1.11,None
P001,Soft Drink ,Rajpura,2025-04-26,175,21.17,47,Clear,light rain,4.59,None
P001,Soft Drink ,Patiala,2025-04-26,203,22.06,66,Rain,scattered clouds,2.7,None
P001,Soft Drink ,Mohali,2025-04-26,170,26.58,73,Clouds,moderate rain,8.01,None
P002,Sweets ,Malout,2025-04-26,101,31.52,60,Rain,moderate rain,1.11,None
P002,Sweets ,Mohali,2025-04-26,104,26.58,73,Clouds,moderate rain,8.01,None
P002,Sweets ,Rajpura,2025-04-26,149,21.17,47,Clear,light rain,4.59,None
P002,Sweets ,Patiala,2025-04-26,155,22.06,66,Rain,scattered clouds,2.7,None
P002,Sweets ,Bathinda,2025-04-26,84,23.43,66,Clouds,moderate rain,8.42,None
P004,Pooja Articles,Mohali,2025-04-27,169,26.65,60,Clear,clear sky,3.46,None
P003,Moisturizer ,Patiala,2025-04-27,84,20.93,61,Clouds,light rain,1.9,None
P004,Pooja Articles,Bathinda,2025-04-27,160,29.79,57,Clouds,moderate rain,9.74,None
P004,Pooja Articles,Malout,2025-04-27,175,34.53,54,Clear,overcast clouds,3.41,None
P004,Pooja Articles,Rajpura,2025-04-27,189,27.74,47,Rain,moderate rain,9.17,None
P005,Gift Hamper,Patiala,2025-04-27,178,20.93,61,Clouds,light rain,1.9,None
P005,Gift Hamper,Bathinda,2025-04-27,207,29.79,57,Clouds,moderate rain,9.74,None
P005,Gift Hamper,Malout,2025-04-27,259,34.53,54,Clear,overcast clouds,3.41,None
P005,Gift Hamper,Mohali,2025-04-27,198,26.65,60,Clear,clear sky,3.46,None
P005,Gift Hamper,Rajpura,2025-04-27,264,27.74,47,Rain,moderate rain,9.17,None
P004,Pooja Articles,Patiala,2025-04-27,145,20.93,61,Clouds,light rain,1.9,None
P003,Moisturizer ,Rajpura,2025-04-27,15,27.74,47,Rain,moderate rain,9.17,None
P003,Moisturizer ,Mohali,2025-04-27,65,26.65,60,Clear,clear sky,3.46,None
P003,Moisturizer ,Bathinda,2025-04-27,60,29.79,57,Clouds,moderate rain,9.74,None
P001,Soft Drink ,Bathinda,2025-04-27,143,29.79,57,Clouds,moderate rain,9.74,None
P001,Soft Drink ,Malout,2025-04-27,178,34.53,54,Clear,overcast clouds,3.41,None
P001,Soft Drink ,Mohali,2025-04-27,165,26.65,60,Clear,clear sky,3.46,None
P001,Soft Drink ,Rajpura,2025-04-27,238,27.74,47,Rain,moderate rain,9.17,None
P001,Soft Drink ,Patiala,2025-04-27,174,20.93,61,Clouds,light rain,1.9,None
P003,Moisturizer ,Malout,2025-04-27,53,34.53,54,Clear,overcast clouds,3.41,None
P002,Sweets ,Malout,2025-04-27,121,34.53,54,Clear,overcast clouds,3.41,None
P002,Sweets ,Mohali,2025-04-27,157,26.65,60,Clear,clear sky,3.46,None
P002,Sweets ,Rajpura,2025-04-27,167,27.74,47,Rain,moderate rain,9.17,None
P002,Sweets ,Patiala,2025-04-27,128,20.93,61,Clouds,light rain,1.9,None
P002,Sweets ,Bathinda,2025-04-27,110,29.79,57,Clouds,moderate rain,9.74,None
P003,Moisturizer ,Patiala,2025-04-28,26,28.95,89,Clouds,overcast clouds,4.25,None
P004,Pooja Articles,Malout,2025-04-28,153,26.85,43,Rain,overcast clouds,8.15,None
P004,Pooja Articles,Mohali,2025-04-28,187,22.98,49,Clouds,light rain,6.0,None
P004,Pooja Articles,Rajpura,2025-04-28,167,23.84,77,Clouds,clear sky,3.28,None
P004,Pooja Articles,Patiala,2025-04-28,158,28.95,89,Clouds,overcast clouds,4.25,None
P005,Gift Hamper,Malout,2025-04-28,246,26.85,43,Rain,overcast clouds,8.15,None
P003,Moisturizer ,Rajpura,2025-04-28,92,23.84,77,Clouds,clear sky,3.28,None
P005,Gift Hamper,Mohali,2025-04-28,242,22.98,49,Clouds,light rain,6.0,None
P005,Gift Hamper,Rajpura,2025-04-28,222,23.84,77,Clouds,clear sky,3.28,None
P005,Gift Hamper,Patiala,2025-04-28,211,28.95,89,Clouds,overcast clouds,4.25,None
P005,Gift Hamper,Bathinda,2025-04-28,210,30.85,45,Rain,clear sky,2.2,None
P003,Moisturizer ,Mohali,2025-04-28,42,22.98,49,Clouds,light rain,6.0,None
P004,Pooja Articles,Bathinda,2025-04-28,108,30.85,45,Rain,clear sky,2.2,None
P003,Moisturizer ,Bathinda,2025-04-28,67,30.85,45,Rain,clear sky,2.2,None
P003,Moisturizer ,Malout,2025-04-28,50,26.85,43,Rain,overcast clouds,8.15,None
P001,Soft Drink ,Malout,2025-04-28,142,26.85,43,Rain,overcast clouds,8.15,None
P001,Soft Drink ,Mohali,2025-04-28,200,22.98,49,Clouds,light rain,6.0,None
P001,Soft Drink ,Rajpura,2025-04-28,196,23.84,77,Clouds,clear sky,3.28,None
P001,Soft Drink ,Patiala,2025-04-28,187,28.95,89,Clouds,overcast clouds,4.25,None
P001,Soft Drink ,Bathinda,2025-04-28,181,30.85,45,Rain,clear sky,2.2,None
P002,Sweets ,Malout,2025-04-28,118,26.85,43,Rain,overcast clouds,8.15,None
P002,Sweets ,Mohali,2025-04-28,164,22.98,49,Clouds,light rain,6.0,None
P002,Sweets ,Rajpura,2025-04-28,144,23.84,77,Clouds,clear sky,3.28,None
P002,Sweets ,Patiala,2025-04-28,122,28.95,89,Clouds,overcast clouds,4.25,None
P002,Sweets ,Bathinda,2025-04-28,106,30.85,45,Rain,clear sky,2.2,None
P003,Moisturizer ,Patiala,2025-04-29,0,29.2,80,Rain,scattered clouds,8.27,None
P004,Pooja Articles,Malout,2025-04-29,135,23.19,46,Clear,light rain,4.57,None
P004,Pooja Articles,Mohali,2025-04-29,152,22.12,90,Rain,clear sky,4.23,None
P004,Pooja Articles,Rajpura,2025-04-29,155,30.25,83,Rain,moderate rain,4.09,None
P004,Pooja Articles,Patiala,2025-04-29,103,29.2,80,Rain,scattered clouds,8.27,None
P005,Gift Hamper,Malout,2025-04-29,219,23.19,46,Clear,light rain,4.57,None
P005,Gift Hamper,Mohali,2025-04-29,225,22.12,90,Rain,clear sky,4.23,None
P005,Gift Hamper,Rajpura,2025-04-29,239,30.25,83,Rain,moderate rain,4.09,None
P005,Gift Hamper,Patiala,2025-04-29,233,29.2,80,Rain,scattered clouds,8.27,None
P003,Moisturizer ,Rajpura,2025-04-29,68,30.25,83,Rain,moderate rain,4.09,None
P005,Gift Hamper,Bathinda,2025-04-29,220,25.67,88,Clear,moderate rain,4.39,None
P003,Moisturizer ,Mohali,2025-04-29,81,22.12,90,Rain,clear sky,4.23,None
P004,Pooja Articles,Bathinda,2025-04-29,174,25.67,88,Clear,moderate rain,4.39,None
P003,Moisturizer ,Bathinda,2025-04-29,57,25.67,88,Clear,moderate rain,4.39,None
P001,Soft Drink ,Malout,2025-04-29,178,23.19,46,Clear,light rain,4.57,None
P001,Soft Drink ,Mohali,2025-04-29,170,22.12,90,Rain,clear sky,4.23,None
P001,Soft Drink ,Rajpura,2025-04-29,200,30.25,83,Rain,moderate rain,4.09,None
P001,Soft Drink ,Patiala,2025-04-29,163,29.2,80,Rain,scattered clouds,8.27,None
P002,Sweets ,Bathinda,2025-04-29,102,25.67,88,Clear,moderate rain,4.39,None
P001,Soft Drink ,Bathinda,2025-04-29,206,25.67,88,Clear,moderate rain,4.39,None
P002,Sweets ,Mohali,2025-04-29,124,22.12,90,Rain,clear sky,4.23,None
P002,Sweets ,Malout,2025-04-29,74,23.19,46,Clear,light rain,4.57,None
P002,Sweets ,Patiala,2025-04-29,164,29.2,80,Rain,scattered clouds,8.27,None
P003,Moisturizer ,Malout,2025-04-29,46,23.19,46,Clear,light rain,4.57,None
P002,Sweets ,Rajpura,2025-04-29,146,30.25,83,Rain,moderate rain,4.09,None
P003,Moisturizer ,Rajpura,2025-04-30,36,30.19,67,Clouds,moderate rain,6.86,None
P005,Gift Hamper,Rajpura,2025-04-30,215,30.19,67,Clouds,moderate rain,6.86,None
P005,Gift Hamper,Mohali,2025-04-30,222,38.06,87,Rain,clear sky,7.73,None
P005,Gift Hamper,Malout,2025-04-30,217,36.1,79,Rain,light rain,6.6,None
P004,Pooja Articles,Patiala,2025-04-30,208,36.33,41,Clear,moderate rain,6.8,None
P004,Pooja Articles,Rajpura,2025-04-30,138,30.19,67,Clouds,moderate rain,6.86,None
P004,Pooja Articles,Mohali,2025-04-30,144,38.06,87,Rain,clear sky,7.73,None
P004,Pooja Articles,Malout,2025-04-30,96,36.1,79,Rain,light rain,6.6,None
P004,Pooja Articles,Bathinda,2025-04-30,169,25.47,78,Rain,clear sky,4.53,None
P003,Moisturizer ,Patiala,2025-04-30,38,36.33,41,Clear,moderate rain,6.8,None
P005,Gift Hamper,Patiala,2025-04-30,202,36.33,41,Clear,moderate rain,6.8,None
P005,Gift Hamper,Bathinda,2025-04-30,240,25.47,78,Rain,clear sky,4.53,None
P003,Moisturizer ,Mohali,2025-04-30,32,38.06,87,Rain,clear sky,7.73,None
P003,Moisturizer ,Bathinda,2025-04-30,64,25.47,78,Rain,clear sky,4.53,None
P003,Moisturizer ,Malout,2025-04-30,50,36.1,79,Rain,light rain,6.6,None
P001,Soft Drink ,Bathinda,2025-04-30,152,25.47,78,Rain,clear sky,4.53,None
P001,Soft Drink ,Malout,2025-04-30,201,36.1,79,Rain,light rain,6.6,None
P001,Soft Drink ,Rajpura,2025-04-30,163,30.19,67,Clouds,moderate rain,6.86,None
P001,Soft Drink ,Patiala,2025-04-30,167,36.33,41,Clear,moderate rain,6.8,None
P001,Soft Drink ,Mohali,2025-04-30,198,38.06,87,Rain,clear sky,7.73,None
P002,Sweets ,Malout,2025-04-30,92,36.1,79,Rain,light rain,6.6,None
P002,Sweets ,Mohali,2025-04-30,106,38.06,87,Rain,clear sky,7.73,None
P002,Sweets ,Rajpura,2025-04-30,74,30.19,67,Clouds,moderate rain,6.86,None
P002,Sweets ,Patiala,2025-04-30,132,36.33,41,Clear,moderate rain,6.8,None
P002,Sweets ,Bathinda,2025-04-30,128,25.47,78,Rain,clear sky,4.53,None
P004,Pooja Articles,Mohali,2025-05-01,109,29.69,86,Rain,light rain,2.48,International Worker's Day
P003,Moisturizer ,Patiala,2025-05-01,41,36.0,59,Rain,overcast clouds,2.71,International Worker's Day
P004,Pooja Articles,Bathinda,2025-05-01,158,31.13,80,Clear,overcast clouds,2.49,International Worker's Day
P004,Pooja Articles,Malout,2025-05-01,126,32.63,50,Clear,overcast clouds,7.51,International Worker's Day
P004,Pooja Articles,Rajpura,2025-05-01,145,33.74,63,Rain,light rain,1.87,International Worker's Day
P003,Moisturizer ,Rajpura,2025-05-01,46,33.74,63,Rain,light rain,1.87,International Worker's Day
P005,Gift Hamper,Bathinda,2025-05-01,217,31.13,80,Clear,overcast clouds,2.49,International Worker's Day
P005,Gift Hamper,Malout,2025-05-01,244,32.63,50,Clear,overcast clouds,7.51,International Worker's Day
P005,Gift Hamper,Mohali,2025-05-01,200,29.69,86,Rain,light rain,2.48,International Worker's Day
P005,Gift Hamper,Rajpura,2025-05-01,276,33.74,63,Rain,light rain,1.87,International Worker's Day
P004,Pooja Articles,Patiala,2025-05-01,139,36.0,59,Rain,overcast clouds,2.71,International Worker's Day
P003,Moisturizer ,Mohali,2025-05-01,51,29.69,86,Rain,light rain,2.48,International Worker's Day
P005,Gift Hamper,Patiala,2025-05-01,191,36.0,59,Rain,overcast clouds,2.71,International Worker's Day
P003,Moisturizer ,Bathinda,2025-05-01,93,31.13,80,Clear,overcast clouds,2.49,International Worker's Day
P001,Soft Drink ,Bathinda,2025-05-01,198,31.13,80,Clear,overcast clouds,2.49,International Worker's Day
P001,Soft Drink ,Malout,2025-05-01,201,32.63,50,Clear,overcast clouds,7.51,International Worker's Day
P001,Soft Drink ,Mohali,2025-05-01,203,29.69,86,Rain,light rain,2.48,International Worker's Day
P001,Soft Drink ,Rajpura,2025-05-01,147,33.74,63,Rain,light rain,1.87,International Worker's Day
P001,Soft Drink ,Patiala,2025-05-01,216,36.0,59,Rain,overcast clouds,2.71,International Worker's Day
P003,Moisturizer ,Malout,2025-05-01,107,32.63,50,Clear,overcast clouds,7.51,International Worker's Day
P002,Sweets ,Malout,2025-05-01,129,32.63,50,Clear,overcast clouds,7.51,International Worker's Day
P002,Sweets ,Mohali,2025-05-01,90,29.69,86,Rain,light rain,2.48,International Worker's Day
P002,Sweets ,Rajpura,2025-05-01,97,33.74,63,Rain,light rain,1.87,International Worker's Day
P002,Sweets ,Patiala,2025-05-01,85,36.0,59,Rain,overcast clouds,2.71,International Worker's Day
P002,Sweets ,Bathinda,2025-05-01,114,31.13,80,Clear,overcast clouds,2.49,International Worker's Day
P004,Pooja Articles,Bathinda,2025-05-02,123,20.84,72,Clear,moderate rain,4.95,None
P004,Pooja Articles,Malout,2025-05-02,162,37.34,61,Rain,overcast clouds,1.71,None
P004,Pooja Articles,Mohali,2025-05-02,180,25.27,63,Clouds,clear sky,1.01,None
P004,Pooja Articles,Rajpura,2025-05-02,106,26.5,57,Rain,overcast clouds,3.35,None
P004,Pooja Articles,Patiala,2025-05-02,137,29.33,74,Rain,moderate rain,4.48,None
P005,Gift Hamper,Malout,2025-05-02,192,37.34,61,Rain,overcast clouds,1.71,None
P005,Gift Hamper,Mohali,2025-05-02,205,25.27,63,Clouds,clear sky,1.01,None
P005,Gift Hamper,Rajpura,2025-05-02,221,26.5,57,Rain,overcast clouds,3.35,None
P005,Gift Hamper,Patiala,2025-05-02,191,29.33,74,Rain,moderate rain,4.48,None
P003,Moisturizer ,Patiala,2025-05-02,90,29.33,74,Rain,moderate rain,4.48,None
P005,Gift Hamper,Bathinda,2025-05-02,239,20.84,72,Clear,moderate rain,4.95,None
P003,Moisturizer ,Rajpura,2025-05-02,80,26.5,57,Rain,overcast clouds,3.35,None
P001,Soft Drink ,Rajpura,2025-05-02,141,26.5,57,Rain,overcast clouds,3.35,None
P003,Moisturizer ,Malout,2025-05-02,60,37.34,61,Rain,overcast clouds,1.71,None
P001,Soft Drink ,Malout,2025-05-02,154,37.34,61,Rain,overcast clouds,1.71,None
P001,Soft Drink ,Mohali,2025-05-02,212,25.27,63,Clouds,clear sky,1.01,None
P003,Moisturizer ,Mohali,2025-05-02,72,25.27,63,Clouds,clear sky,1.01,None
P001,Soft Drink ,Patiala,2025-05-02,160,29.33,74,Rain,moderate rain,4.48,None
P002,Sweets ,Bathinda,2025-05-02,125,20.84,72,Clear,moderate rain,4.95,None
P001,Soft Drink ,Bathinda,2025-05-02,198,20.84,72,Clear,moderate rain,4.95,None
P002,Sweets ,Mohali,2025-05-02,149,25.27,63,Clouds,clear sky,1.01,None
P002,Sweets ,Rajpura,2025-05-02,116,26.5,57,Rain,overcast clouds,3.35,None
P002,Sweets ,Patiala,2025-05-02,162,29.33,74,Rain,moderate rain,4.48,None
P003,Moisturizer ,Bathinda,2025-05-02,4,20.84,72,Clear,moderate rain,4.95,None
P002,Sweets ,Malout,2025-05-02,100,37.34,61,Rain,overcast clouds,1.71,None
P003,Moisturizer ,Patiala,2025-05-03,78,25.82,84,Rain,scattered clouds,4.81,None
P004,Pooja Articles,Bathinda,2025-05-03,116,38.3,86,Rain,scattered clouds,9.0,None
P004,Pooja Articles,Malout,2025-05-03,180,31.93,75,Clouds,moderate rain,5.26,None
P004,Pooja Articles,Mohali,2025-05-03,145,38.18,46,Clear,clear sky,8.19,None
P004,Pooja Articles,Rajpura,2025-05-03,135,20.76,60,Rain,scattered clouds,4.73,None
P005,Gift Hamper,Bathinda,2025-05-03,159,38.3,86,Rain,scattered clouds,9.0,None
P005,Gift Hamper,Malout,2025-05-03,273,31.93,75,Clouds,moderate rain,5.26,None
P005,Gift Hamper,Mohali,2025-05-03,193,38.18,46,Clear,clear sky,8.19,None
P005,Gift Hamper,Rajpura,2025-05-03,205,20.76,60,Rain,scattered clouds,4.73,None
P003,Moisturizer ,Rajpura,2025-05-03,53,20.76,60,Rain,scattered clouds,4.73,None
P004,Pooja Articles,Patiala,2025-05-03,158,25.82,84,Rain,scattered clouds,4.81,None
P003,Moisturizer ,Mohali,2025-05-03,24,38.18,46,Clear,clear sky,8.19,None
P005,Gift Hamper,Patiala,2025-05-03,219,25.82,84,Rain,scattered clouds,4.81,None
P003,Moisturizer ,Bathinda,2025-05-03,11,38.3,86,Rain,scattered clouds,9.0,None
P001,Soft Drink ,Bathinda,2025-05-03,204,38.3,86,Rain,scattered clouds,9.0,None
P001,Soft Drink ,Malout,2025-05-03,211,31.93,75,Clouds,moderate rain,5.26,None
P001,Soft Drink ,Mohali,2025-05-03,161,38.18,46,Clear,clear sky,8.19,None
P001,Soft Drink ,Rajpura,2025-05-03,166,20.76,60,Rain,scattered clouds,4.73,None
P001,Soft Drink ,Patiala,2025-05-03,178,25.82,84,Rain,scattered clouds,4.81,None
P003,Moisturizer ,Malout,2025-05-03,89,31.93,75,Clouds,moderate rain,5.26,None
P002,Sweets ,Malout,2025-05-03,103,31.93,75,Clouds,moderate rain,5.26,None
P002,Sweets ,Mohali,2025-05-03,106,38.18,46,Clear,clear sky,8.19,None
P002,Sweets ,Rajpura,2025-05-03,87,20.76,60,Rain,scattered clouds,4.73,None
P002,Sweets ,Patiala,2025-05-03,138,25.82,84,Rain,scattered clouds,4.81,None
P002,Sweets ,Bathinda,2025-05-03,47,38.3,86,Rain,scattered clouds,9.0,None
P003,Moisturizer ,Patiala,2025-05-04,88,28.49,65,Clear,light rain,7.39,None
P005,Gift Hamper,Rajpura,2025-05-04,237,37.36,88,Clear,clear sky,7.82,None
P005,Gift Hamper,Mohali,2025-05-04,204,33.7,52,Rain,clear sky,9.69,None
P005,Gift Hamper,Malout,2025-05-04,223,26.87,56,Rain,light rain,9.39,None
P005,Gift Hamper,Bathinda,2025-05-04,203,29.06,67,Clouds,light rain,5.83,None
P004,Pooja Articles,Patiala,2025-05-04,136,28.49,65,Clear,light rain,7.39,None
P004,Pooja Articles,Rajpura,2025-05-04,98,37.36,88,Clear,clear sky,7.82,None
P004,Pooja Articles,Mohali,2025-05-04,152,33.7,52,Rain,clear sky,9.69,None
P004,Pooja Articles,Malout,2025-05-04,132,26.87,56,Rain,light rain,9.39,None
P004,Pooja Articles,Bathinda,2025-05-04,143,29.06,67,Clouds,light rain,5.83,None
P003,Moisturizer ,Rajpura,2025-05-04,89,37.36,88,Clear,clear sky,7.82,None
P005,Gift Hamper,Patiala,2025-05-04,236,28.49,65,Clear,light rain,7.39,None
P003,Moisturizer ,Mohali,2025-05-04,56,33.7,52,Rain,clear sky,9.69,None
P001,Soft Drink ,Bathinda,2025-05-04,153,29.06,67,Clouds,light rain,5.83,None
P001,Soft Drink ,Malout,2025-05-04,182,26.87,56,Rain,light rain,9.39,None
P001,Soft Drink ,Mohali,2025-05-04,162,33.7,52,Rain,clear sky,9.69,None
P001,Soft Drink ,Rajpura,2025-05-04,186,37.36,88,Clear,clear sky,7.82,None
P001,Soft Drink ,Patiala,2025-05-04,190,28.49,65,Clear,light rain,7.39,None
P003,Moisturizer ,Malout,2025-05-04,32,26.87,56,Rain,light rain,9.39,None
P002,Sweets ,Malout,2025-05-04,156,26.87,56,Rain,light rain,9.39,None
P002,Sweets ,Mohali,2025-05-04,120,33.7,52,Rain,clear sky,9.69,None
P002,Sweets ,Rajpura,2025-05-04,134,37.36,88,Clear,clear sky,7.82,None
P002,Sweets ,Patiala,2025-05-04,60,28.49,65,Clear,light rain,7.39,None
P003,Moisturizer ,Bathinda,2025-05-04,0,29.06,67,Clouds,light rain,5.83,None
P002,Sweets ,Bathinda,2025-05-04,96,29.06,67,Clouds,light rain,5.83,None
P003,Moisturizer ,Patiala,2025-05-05,100,32.53,62,Clouds,overcast clouds,3.06,None
P004,Pooja Articles,Bathinda,2025-05-05,130,27.99,63,Clouds,moderate rain,7.35,None
P004,Pooja Articles,Malout,2025-05-05,143,29.76,46,Clouds,light rain,7.6,None
P004,Pooja Articles,Mohali,2025-05-05,137,32.79,43,Clear,light rain,7.11,None
P004,Pooja Articles,Rajpura,2025-05-05,154,33.59,74,Clouds,moderate rain,6.18,None
P005,Gift Hamper,Malout,2025-05-05,255,29.76,46,Clouds,light rain,7.6,None
P005,Gift Hamper,Bathinda,2025-05-05,198,27.99,63,Clouds,moderate rain,7.35,None
P005,Gift Hamper,Mohali,2025-05-05,196,32.79,43,Clear,light rain,7.11,None
P005,Gift Hamper,Rajpura,2025-05-05,229,33.59,74,Clouds,moderate rain,6.18,None
P003,Moisturizer ,Rajpura,2025-05-05,6,33.59,74,Clouds,moderate rain,6.18,None
P004,Pooja Articles,Patiala,2025-05-05,152,32.53,62,Clouds,overcast clouds,3.06,None
P005,Gift Hamper,Patiala,2025-05-05,253,32.53,62,Clouds,overcast clouds,3.06,None
P003,Moisturizer ,Malout,2025-05-05,43,29.76,46,Clouds,light rain,7.6,None
P003,Moisturizer ,Bathinda,2025-05-05,65,27.99,63,Clouds,moderate rain,7.35,None
P003,Moisturizer ,Mohali,2025-05-05,23,32.79,43,Clear,light rain,7.11,None
P001,Soft Drink ,Bathinda,2025-05-05,215,27.99,63,Clouds,moderate rain,7.35,None
P001,Soft Drink ,Malout,2025-05-05,194,29.76,46,Clouds,light rain,7.6,None
P001,Soft Drink ,Rajpura,2025-05-05,169,33.59,74,Clouds,moderate rain,6.18,None
P001,Soft Drink ,Patiala,2025-05-05,176,32.53,62,Clouds,overcast clouds,3.06,None
P001,Soft Drink ,Mohali,2025-05-05,188,32.79,43,Clear,light rain,7.11,None
P002,Sweets ,Malout,2025-05-05,102,29.76,46,Clouds,light rain,7.6,None
P002,Sweets ,Mohali,2025-05-05,155,32.79,43,Clear,light rain,7.11,None
P002,Sweets ,Rajpura,2025-05-05,55,33.59,74,Clouds,moderate rain,6.18,None
P002,Sweets ,Patiala,2025-05-05,81,32.53,62,Clouds,overcast clouds,3.06,None
P002,Sweets ,Bathinda,2025-05-05,169,27.99,63,Clouds,moderate rain,7.35,None
P004,Pooja Articles,Mohali,2025-05-06,136,29.45,65,Rain,scattered clouds,4.44,None
P003,Moisturizer ,Patiala,2025-05-06,40,32.52,57,Clouds,scattered clouds,3.98,None
P004,Pooja Articles,Bathinda,2025-05-06,165,39.3,69,Clouds,light rain,7.74,None
P004,Pooja Articles,Malout,2025-05-06,151,23.5,81,Rain,overcast clouds,7.55,None
P004,Pooja Articles,Rajpura,2025-05-06,126,26.64,48,Clouds,scattered clouds,6.71,None
P003,Moisturizer ,Rajpura,2025-05-06,78,26.64,48,Clouds,scattered clouds,6.71,None
P005,Gift Hamper,Bathinda,2025-05-06,231,39.3,69,Clouds,light rain,7.74,None
P005,Gift Hamper,Malout,2025-05-06,256,23.5,81,Rain,overcast clouds,7.55,None
P005,Gift Hamper,Mohali,2025-05-06,240,29.45,65,Rain,scattered clouds,4.44,None
P005,Gift Hamper,Rajpura,2025-05-06,224,26.64,48,Clouds,scattered clouds,6.71,None
P004,Pooja Articles,Patiala,2025-05-06,142,32.52,57,Clouds,scattered clouds,3.98,None
P005,Gift Hamper,Patiala,2025-05-06,211,32.52,57,Clouds,scattered clouds,3.98,None
P003,Moisturizer ,Mohali,2025-05-06,46,29.45,65,Rain,scattered clouds,4.44,None
P003,Moisturizer ,Bathinda,2025-05-06,80,39.3,69,Clouds,light rain,7.74,None
P001,Soft Drink ,Bathinda,2025-05-06,170,39.3,69,Clouds,light rain,7.74,None
P001,Soft Drink ,Malout,2025-05-06,160,23.5,81,Rain,overcast clouds,7.55,None
P001,Soft Drink ,Mohali,2025-05-06,193,29.45,65,Rain,scattered clouds,4.44,None
P001,Soft Drink ,Rajpura,2025-05-06,175,26.64,48,Clouds,scattered clouds,6.71,None
P001,Soft Drink ,Patiala,2025-05-06,179,32.52,57,Clouds,scattered clouds,3.98,None
P003,Moisturizer ,Malout,2025-05-06,33,23.5,81,Rain,overcast clouds,7.55,None
P002,Sweets ,Malout,2025-05-06,158,23.5,81,Rain,overcast clouds,7.55,None
P002,Sweets ,Mohali,2025-05-06,101,29.45,65,Rain,scattered clouds,4.44,None
P002,Sweets ,Rajpura,2025-05-06,75,26.64,48,Clouds,scattered clouds,6.71,None
P002,Sweets ,Patiala,2025-05-06,86,32.52,57,Clouds,scattered clouds,3.98,None
P002,Sweets ,Bathinda,2025-05-06,125,39.3,69,Clouds,light rain,7.74,None
P004,Pooja Articles,Bathinda,2025-05-07,138,38.7,43,Clouds,overcast clouds,4.14,None
P004,Pooja Articles,Malout,2025-05-07,110,23.81,45,Clouds,light rain,8.52,None
P004,Pooja Articles,Mohali,2025-05-07,195,33.81,73,Clear,moderate rain,3.96,None
P004,Pooja Articles,Rajpura,2025-05-07,185,22.14,67,Clouds,clear sky,9.42,None
P004,Pooja Articles,Patiala,2025-05-07,148,38.59,82,Clear,scattered clouds,4.81,None
P005,Gift Hamper,Malout,2025-05-07,189,23.81,45,Clouds,light rain,8.52,None
P005,Gift Hamper,Mohali,2025-05-07,244,33.81,73,Clear,moderate rain,3.96,None
P005,Gift Hamper,Rajpura,2025-05-07,221,22.14,67,Clouds,clear sky,9.42,None
P005,Gift Hamper,Patiala,2025-05-07,264,38.59,82,Clear,scattered clouds,4.81,None
P003,Moisturizer ,Patiala,2025-05-07,72,38.59,82,Clear,scattered clouds,4.81,None
P005,Gift Hamper,Bathinda,2025-05-07,251,38.7,43,Clouds,overcast clouds,4.14,None
P003,Moisturizer ,Rajpura,2025-05-07,58,22.14,67,Clouds,clear sky,9.42,None
P003,Moisturizer ,Mohali,2025-05-07,87,33.81,73,Clear,moderate rain,3.96,None
P003,Moisturizer ,Malout,2025-05-07,47,23.81,45,Clouds,light rain,8.52,None
P001,Soft Drink ,Malout,2025-05-07,205,23.81,45,Clouds,light rain,8.52,None
P001,Soft Drink ,Mohali,2025-05-07,202,33.81,73,Clear,moderate rain,3.96,None
P001,Soft Drink ,Rajpura,2025-05-07,204,22.14,67,Clouds,clear sky,9.42,None
P001,Soft Drink ,Patiala,2025-05-07,194,38.59,82,Clear,scattered clouds,4.81,None
P002,Sweets ,Bathinda,2025-05-07,123,38.7,43,Clouds,overcast clouds,4.14,None
P001,Soft Drink ,Bathinda,2025-05-07,137,38.7,43,Clouds,overcast clouds,4.14,None
P002,Sweets ,Mohali,2025-05-07,162,33.81,73,Clear,moderate rain,3.96,None
P002,Sweets ,Rajpura,2025-05-07,84,22.14,67,Clouds,clear sky,9.42,None
P002,Sweets ,Patiala,2025-05-07,143,38.59,82,Clear,scattered clouds,4.81,None
P003,Moisturizer ,Bathinda,2025-05-07,75,38.7,43,Clouds,overcast clouds,4.14,None
P002,Sweets ,Malout,2025-05-07,135,23.81,45,Clouds,light rain,8.52,None
P004,Pooja Articles,Bathinda,2025-05-08,135,26.13,40,Clear,moderate rain,3.38,None
P004,Pooja Articles,Malout,2025-05-08,120,25.76,73,Rain,light rain,7.92,None
P004,Pooja Articles,Mohali,2025-05-08,139,20.48,68,Clouds,light rain,8.16,None
P004,Pooja Articles,Rajpura,2025-05-08,107,21.09,84,Clouds,moderate rain,4.02,None
P004,Pooja Articles,Patiala,2025-05-08,150,23.77,90,Clouds,overcast clouds,7.64,None
P005,Gift Hamper,Malout,2025-05-08,248,25.76,73,Rain,light rain,7.92,None
P005,Gift Hamper,Mohali,2025-05-08,228,20.48,68,Clouds,light rain,8.16,None
P005,Gift Hamper,Rajpura,2025-05-08,170,21.09,84,Clouds,moderate rain,4.02,None
P005,Gift Hamper,Patiala,2025-05-08,259,23.77,90,Clouds,overcast clouds,7.64,None
P003,Moisturizer ,Patiala,2025-05-08,56,23.77,90,Clouds,overcast clouds,7.64,None
P005,Gift Hamper,Bathinda,2025-05-08,188,26.13,40,Clear,moderate rain,3.38,None
P003,Moisturizer ,Rajpura,2025-05-08,84,21.09,84,Clouds,moderate rain,4.02,None
P003,Moisturizer ,Mohali,2025-05-08,83,20.48,68,Clouds,light rain,8.16,None
P003,Moisturizer ,Malout,2025-05-08,55,25.76,73,Rain,light rain,7.92,None
P001,Soft Drink ,Malout,2025-05-08,181,25.76,73,Rain,light rain,7.92,None
P001,Soft Drink ,Mohali,2025-05-08,178,20.48,68,Clouds,light rain,8.16,None
P001,Soft Drink ,Rajpura,2025-05-08,201,21.09,84,Clouds,moderate rain,4.02,None
P001,Soft Drink ,Patiala,2025-05-08,147,23.77,90,Clouds,overcast clouds,7.64,None
P002,Sweets ,Bathinda,2025-05-08,137,26.13,40,Clear,moderate rain,3.38,None
P001,Soft Drink ,Bathinda,2025-05-08,163,26.13,40,Clear,moderate rain,3.38,None
P002,Sweets ,Mohali,2025-05-08,120,20.48,68,Clouds,light rain,8.16,None
P002,Sweets ,Rajpura,2025-05-08,112,21.09,84,Clouds,moderate rain,4.02,None
P002,Sweets ,Patiala,2025-05-08,99,23.77,90,Clouds,overcast clouds,7.64,None
P003,Moisturizer ,Bathinda,2025-05-08,96,26.13,40,Clear,moderate rain,3.38,None
P002,Sweets ,Malout,2025-05-08,103,25.76,73,Rain,light rain,7.92,None
P004,Pooja Articles,Bathinda,2025-05-09,162,35.92,44,Rain,overcast clouds,9.31,Birthday of Rabindranath
P004,Pooja Articles,Malout,2025-05-09,149,35.99,68,Rain,scattered clouds,4.11,Birthday of Rabindranath
P004,Pooja Articles,Mohali,2025-05-09,122,28.99,82,Clear,overcast clouds,7.85,Birthday of Rabindranath
P004,Pooja Articles,Rajpura,2025-05-09,154,35.88,49,Clear,moderate rain,4.35,Birthday of Rabindranath
P004,Pooja Articles,Patiala,2025-05-09,90,34.13,79,Rain,light rain,7.0,Birthday of Rabindranath
P005,Gift Hamper,Malout,2025-05-09,205,35.99,68,Rain,scattered clouds,4.11,Birthday of Rabindranath
P005,Gift Hamper,Mohali,2025-05-09,208,28.99,82,Clear,overcast clouds,7.85,Birthday of Rabindranath
P005,Gift Hamper,Rajpura,2025-05-09,206,35.88,49,Clear,moderate rain,4.35,Birthday of Rabindranath
P005,Gift Hamper,Patiala,2025-05-09,231,34.13,79,Rain,light rain,7.0,Birthday of Rabindranath
P003,Moisturizer ,Patiala,2025-05-09,65,34.13,79,Rain,light rain,7.0,Birthday of Rabindranath
P005,Gift Hamper,Bathinda,2025-05-09,199,35.92,44,Rain,overcast clouds,9.31,Birthday of Rabindranath
P003,Moisturizer ,Rajpura,2025-05-09,80,35.88,49,Clear,moderate rain,4.35,Birthday of Rabindranath
P003,Moisturizer ,Mohali,2025-05-09,82,28.99,82,Clear,overcast clouds,7.85,Birthday of Rabindranath
P003,Moisturizer ,Malout,2025-05-09,69,35.99,68,Rain,scattered clouds,4.11,Birthday of Rabindranath
P001,Soft Drink ,Malout,2025-05-09,170,35.99,68,Rain,scattered clouds,4.11,Birthday of Rabindranath
P001,Soft Drink ,Mohali,2025-05-09,191,28.99,82,Clear,overcast clouds,7.85,Birthday of Rabindranath
P001,Soft Drink ,Rajpura,2025-05-09,239,35.88,49,Clear,moderate rain,4.35,Birthday of Rabindranath
P001,Soft Drink ,Patiala,2025-05-09,197,34.13,79,Rain,light rain,7.0,Birthday of Rabindranath
P002,Sweets ,Bathinda,2025-05-09,69,35.92,44,Rain,overcast clouds,9.31,Birthday of Rabindranath
P001,Soft Drink ,Bathinda,2025-05-09,229,35.92,44,Rain,overcast clouds,9.31,Birthday of Rabindranath
P002,Sweets ,Mohali,2025-05-09,163,28.99,82,Clear,overcast clouds,7.85,Birthday of Rabindranath
P002,Sweets ,Rajpura,2025-05-09,62,35.88,49,Clear,moderate rain,4.35,Birthday of Rabindranath
P002,Sweets ,Patiala,2025-05-09,135,34.13,79,Rain,light rain,7.0,Birthday of Rabindranath
P003,Moisturizer ,Bathinda,2025-05-09,45,35.92,44,Rain,overcast clouds,9.31,Birthday of Rabindranath
P002,Sweets ,Malout,2025-05-09,136,35.99,68,Rain,scattered clouds,4.11,Birthday of Rabindranath
P003,Moisturizer ,Patiala,2025-05-10,91,22.89,54,Rain,overcast clouds,1.09,None
P004,Pooja Articles,Bathinda,2025-05-10,150,33.54,44,Rain,clear sky,8.68,None
P004,Pooja Articles,Malout,2025-05-10,143,37.25,74,Rain,scattered clouds,2.36,None
P004,Pooja Articles,Mohali,2025-05-10,154,36.37,59,Clear,scattered clouds,3.19,None
P004,Pooja Articles,Rajpura,2025-05-10,150,25.48,67,Clouds,scattered clouds,3.84,None
P005,Gift Hamper,Bathinda,2025-05-10,236,33.54,44,Rain,clear sky,8.68,None
P005,Gift Hamper,Malout,2025-05-10,238,37.25,74,Rain,scattered clouds,2.36,None
P005,Gift Hamper,Mohali,2025-05-10,236,36.37,59,Clear,scattered clouds,3.19,None
P005,Gift Hamper,Rajpura,2025-05-10,244,25.48,67,Clouds,scattered clouds,3.84,None
P003,Moisturizer ,Rajpura,2025-05-10,88,25.48,67,Clouds,scattered clouds,3.84,None
P004,Pooja Articles,Patiala,2025-05-10,123,22.89,54,Rain,overcast clouds,1.09,None
P003,Moisturizer ,Mohali,2025-05-10,44,36.37,59,Clear,scattered clouds,3.19,None
P005,Gift Hamper,Patiala,2025-05-10,248,22.89,54,Rain,overcast clouds,1.09,None
P003,Moisturizer ,Bathinda,2025-05-10,38,33.54,44,Rain,clear sky,8.68,None
P001,Soft Drink ,Bathinda,2025-05-10,200,33.54,44,Rain,clear sky,8.68,None
P001,Soft Drink ,Malout,2025-05-10,158,37.25,74,Rain,scattered clouds,2.36,None
P001,Soft Drink ,Mohali,2025-05-10,199,36.37,59,Clear,scattered clouds,3.19,None
P001,Soft Drink ,Rajpura,2025-05-10,182,25.48,67,Clouds,scattered clouds,3.84,None
P001,Soft Drink ,Patiala,2025-05-10,167,22.89,54,Rain,overcast clouds,1.09,None
P003,Moisturizer ,Malout,2025-05-10,51,37.25,74,Rain,scattered clouds,2.36,None
P002,Sweets ,Malout,2025-05-10,143,37.25,74,Rain,scattered clouds,2.36,None
P002,Sweets ,Mohali,2025-05-10,119,36.37,59,Clear,scattered clouds,3.19,None
P002,Sweets ,Rajpura,2025-05-10,105,25.48,67,Clouds,scattered clouds,3.84,None
P002,Sweets ,Patiala,2025-05-10,156,22.89,54,Rain,overcast clouds,1.09,None
P002,Sweets ,Bathinda,2025-05-10,100,33.54,44,Rain,clear sky,8.68,None
P004,Pooja Articles,Bathinda,2025-05-11,147,20.39,73,Clear,overcast clouds,7.59,Mothers' Day
P004,Pooja Articles,Malout,2025-05-11,155,28.52,89,Rain,clear sky,8.2,Mothers' Day
P004,Pooja Articles,Mohali,2025-05-11,99,21.72,56,Rain,scattered clouds,3.15,Mothers' Day
P004,Pooja Articles,Rajpura,2025-05-11,166,32.67,88,Clouds,overcast clouds,5.42,Mothers' Day
P004,Pooja Articles,Patiala,2025-05-11,165,29.69,46,Clear,overcast clouds,8.43,Mothers' Day
P005,Gift Hamper,Malout,2025-05-11,212,28.52,89,Rain,clear sky,8.2,Mothers' Day
P005,Gift Hamper,Mohali,2025-05-11,210,21.72,56,Rain,scattered clouds,3.15,Mothers' Day
P005,Gift Hamper,Rajpura,2025-05-11,238,32.67,88,Clouds,overcast clouds,5.42,Mothers' Day
P005,Gift Hamper,Patiala,2025-05-11,233,29.69,46,Clear,overcast clouds,8.43,Mothers' Day
P003,Moisturizer ,Patiala,2025-05-11,87,29.69,46,Clear,overcast clouds,8.43,Mothers' Day
P005,Gift Hamper,Bathinda,2025-05-11,225,20.39,73,Clear,overcast clouds,7.59,Mothers' Day
P003,Moisturizer ,Rajpura,2025-05-11,88,32.67,88,Clouds,overcast clouds,5.42,Mothers' Day
P003,Moisturizer ,Mohali,2025-05-11,12,21.72,56,Rain,scattered clouds,3.15,Mothers' Day
P003,Moisturizer ,Malout,2025-05-11,50,28.52,89,Rain,clear sky,8.2,Mothers' Day
P001,Soft Drink ,Malout,2025-05-11,186,28.52,89,Rain,clear sky,8.2,Mothers' Day
P001,Soft Drink ,Mohali,2025-05-11,149,21.72,56,Rain,scattered clouds,3.15,Mothers' Day
P001,Soft Drink ,Rajpura,2025-05-11,165,32.67,88,Clouds,overcast clouds,5.42,Mothers' Day
P001,Soft Drink ,Patiala,2025-05-11,198,29.69,46,Clear,overcast clouds,8.43,Mothers' Day
P002,Sweets ,Bathinda,2025-05-11,122,20.39,73,Clear,overcast clouds,7.59,Mothers' Day
P001,Soft Drink ,Bathinda,2025-05-11,169,20.39,73,Clear,overcast clouds,7.59,Mothers' Day
P002,Sweets ,Mohali,2025-05-11,101,21.72,56,Rain,scattered clouds,3.15,Mothers' Day
P002,Sweets ,Rajpura,2025-05-11,96,32.67,88,Clouds,overcast clouds,5.42,Mothers' Day
P002,Sweets ,Patiala,2025-05-11,148,29.69,46,Clear,overcast clouds,8.43,Mothers' Day
P003,Moisturizer ,Bathinda,2025-05-11,43,20.39,73,Clear,overcast clouds,7.59,Mothers' Day
P002,Sweets ,Malout,2025-05-11,92,28.52,89,Rain,clear sky,8.2,Mothers' Day
P003,Moisturizer ,Patiala,2025-05-12,80,27.78,65,Clouds,clear sky,1.11,Buddha Purnima/Vesak
P004,Pooja Articles,Bathinda,2025-05-12,133,32.45,86,Clouds,clear sky,8.38,Buddha Purnima/Vesak
P004,Pooja Articles,Malout,2025-05-12,166,32.54,49,Clouds,light rain,5.62,Buddha Purnima/Vesak
P004,Pooja Articles,Mohali,2025-05-12,176,26.69,78,Clouds,moderate rain,5.12,Buddha Purnima/Vesak
P004,Pooja Articles,Rajpura,2025-05-12,151,39.56,43,Rain,clear sky,3.57,Buddha Purnima/Vesak
P005,Gift Hamper,Bathinda,2025-05-12,227,32.45,86,Clouds,clear sky,8.38,Buddha Purnima/Vesak
P005,Gift Hamper,Malout,2025-05-12,159,32.54,49,Clouds,light rain,5.62,Buddha Purnima/Vesak
P005,Gift Hamper,Mohali,2025-05-12,251,26.69,78,Clouds,moderate rain,5.12,Buddha Purnima/Vesak
P005,Gift Hamper,Rajpura,2025-05-12,209,39.56,43,Rain,clear sky,3.57,Buddha Purnima/Vesak
P003,Moisturizer ,Rajpura,2025-05-12,95,39.56,43,Rain,clear sky,3.57,Buddha Purnima/Vesak
P004,Pooja Articles,Patiala,2025-05-12,182,27.78,65,Clouds,clear sky,1.11,Buddha Purnima/Vesak
P003,Moisturizer ,Mohali,2025-05-12,26,26.69,78,Clouds,moderate rain,5.12,Buddha Purnima/Vesak
P005,Gift Hamper,Patiala,2025-05-12,220,27.78,65,Clouds,clear sky,1.11,Buddha Purnima/Vesak
P003,Moisturizer ,Bathinda,2025-05-12,25,32.45,86,Clouds,clear sky,8.38,Buddha Purnima/Vesak
P001,Soft Drink ,Bathinda,2025-05-12,204,32.45,86,Clouds,clear sky,8.38,Buddha Purnima/Vesak
P001,Soft Drink ,Malout,2025-05-12,143,32.54,49,Clouds,light rain,5.62,Buddha Purnima/Vesak
P001,Soft Drink ,Mohali,2025-05-12,176,26.69,78,Clouds,moderate rain,5.12,Buddha Purnima/Vesak
P001,Soft Drink ,Rajpura,2025-05-12,167,39.56,43,Rain,clear sky,3.57,Buddha Purnima/Vesak
P001,Soft Drink ,Patiala,2025-05-12,180,27.78,65,Clouds,clear sky,1.11,Buddha Purnima/Vesak
P003,Moisturizer ,Malout,2025-05-12,48,32.54,49,Clouds,light rain,5.62,Buddha Purnima/Vesak
P002,Sweets ,Malout,2025-05-12,140,32.54,49,Clouds,light rain,5.62,Buddha Purnima/Vesak
P002,Sweets ,Mohali,2025-05-12,148,26.69,78,Clouds,moderate rain,5.12,Buddha Purnima/Vesak
P002,Sweets ,Rajpura,2025-05-12,100,39.56,43,Rain,clear sky,3.57,Buddha Purnima/Vesak
P002,Sweets ,Patiala,2025-05-12,88,27.78,65,Clouds,clear sky,1.11,Buddha Purnima/Vesak
P002,Sweets ,Bathinda,2025-05-12,164,32.45,86,Clouds,clear sky,8.38,Buddha Purnima/Vesak
P003,Moisturizer ,Patiala,2025-05-13,61,23.6,46,Clear,overcast clouds,8.8,None
P004,Pooja Articles,Bathinda,2025-05-13,111,30.26,66,Rain,scattered clouds,9.66,None
P004,Pooja Articles,Malout,2025-05-13,145,23.45,77,Clouds,light rain,4.27,None
P004,Pooja Articles,Mohali,2025-05-13,163,30.76,77,Clouds,light rain,5.21,None
P004,Pooja Articles,Rajpura,2025-05-13,162,29.05,73,Clouds,scattered clouds,1.33,None
P005,Gift Hamper,Bathinda,2025-05-13,262,30.26,66,Rain,scattered clouds,9.66,None
P005,Gift Hamper,Malout,2025-05-13,220,23.45,77,Clouds,light rain,4.27,None
P005,Gift Hamper,Mohali,2025-05-13,234,30.76,77,Clouds,light rain,5.21,None
P005,Gift Hamper,Rajpura,2025-05-13,218,29.05,73,Clouds,scattered clouds,1.33,None
P003,Moisturizer ,Rajpura,2025-05-13,85,29.05,73,Clouds,scattered clouds,1.33,None
P004,Pooja Articles,Patiala,2025-05-13,160,23.6,46,Clear,overcast clouds,8.8,None
P003,Moisturizer ,Mohali,2025-05-13,8,30.76,77,Clouds,light rain,5.21,None
P005,Gift Hamper,Patiala,2025-05-13,234,23.6,46,Clear,overcast clouds,8.8,None
P003,Moisturizer ,Bathinda,2025-05-13,65,30.26,66,Rain,scattered clouds,9.66,None
P001,Soft Drink ,Bathinda,2025-05-13,193,30.26,66,Rain,scattered clouds,9.66,None
P001,Soft Drink ,Malout,2025-05-13,179,23.45,77,Clouds,light rain,4.27,None
P001,Soft Drink ,Mohali,2025-05-13,166,30.76,77,Clouds,light rain,5.21,None
P001,Soft Drink ,Rajpura,2025-05-13,176,29.05,73,Clouds,scattered clouds,1.33,None
P001,Soft Drink ,Patiala,2025-05-13,190,23.6,46,Clear,overcast clouds,8.8,None
P003,Moisturizer ,Malout,2025-05-13,75,23.45,77,Clouds,light rain,4.27,None
P002,Sweets ,Malout,2025-05-13,168,23.45,77,Clouds,light rain,4.27,None
P002,Sweets ,Mohali,2025-05-13,106,30.76,77,Clouds,light rain,5.21,None
P002,Sweets ,Rajpura,2025-05-13,86,29.05,73,Clouds,scattered clouds,1.33,None
P002,Sweets ,Patiala,2025-05-13,130,23.6,46,Clear,overcast clouds,8.8,None
P002,Sweets ,Bathinda,2025-05-13,127,30.26,66,Rain,scattered clouds,9.66,None
P003,Moisturizer ,Patiala,2025-05-14,78,36.74,63,Clear,clear sky,5.56,None
P004,Pooja Articles,Bathinda,2025-05-14,214,37.81,84,Clouds,clear sky,8.57,None
P004,Pooja Articles,Malout,2025-05-14,176,21.89,73,Clouds,scattered clouds,9.97,None
P004,Pooja Articles,Mohali,2025-05-14,153,25.95,88,Rain,light rain,2.96,None
P004,Pooja Articles,Rajpura,2025-05-14,144,22.35,49,Clouds,overcast clouds,8.28,None
P005,Gift Hamper,Bathinda,2025-05-14,223,37.81,84,Clouds,clear sky,8.57,None
P005,Gift Hamper,Malout,2025-05-14,261,21.89,73,Clouds,scattered clouds,9.97,None
P005,Gift Hamper,Mohali,2025-05-14,230,25.95,88,Rain,light rain,2.96,None
P005,Gift Hamper,Rajpura,2025-05-14,239,22.35,49,Clouds,overcast clouds,8.28,None
P003,Moisturizer ,Rajpura,2025-05-14,22,22.35,49,Clouds,overcast clouds,8.28,None
P004,Pooja Articles,Patiala,2025-05-14,116,36.74,63,Clear,clear sky,5.56,None
P005,Gift Hamper,Patiala,2025-05-14,255,36.74,63,Clear,clear sky,5.56,None
P003,Moisturizer ,Mohali,2025-05-14,73,25.95,88,Rain,light rain,2.96,None
P003,Moisturizer ,Bathinda,2025-05-14,25,37.81,84,Clouds,clear sky,8.57,None
P003,Moisturizer ,Malout,2025-05-14,61,21.89,73,Clouds,scattered clouds,9.97,None
P001,Soft Drink ,Bathinda,2025-05-14,151,37.81,84,Clouds,clear sky,8.57,None
P001,Soft Drink ,Malout,2025-05-14,152,21.89,73,Clouds,scattered clouds,9.97,None
P001,Soft Drink ,Rajpura,2025-05-14,216,22.35,49,Clouds,overcast clouds,8.28,None
P001,Soft Drink ,Patiala,2025-05-14,176,36.74,63,Clear,clear sky,5.56,None
P001,Soft Drink ,Mohali,2025-05-14,178,25.95,88,Rain,light rain,2.96,None
P002,Sweets ,Malout,2025-05-14,159,21.89,73,Clouds,scattered clouds,9.97,None
P002,Sweets ,Mohali,2025-05-14,69,25.95,88,Rain,light rain,2.96,None
P002,Sweets ,Rajpura,2025-05-14,136,22.35,49,Clouds,overcast clouds,8.28,None
P002,Sweets ,Patiala,2025-05-14,88,36.74,63,Clear,clear sky,5.56,None
P002,Sweets ,Bathinda,2025-05-14,128,37.81,84,Clouds,clear sky,8.57,None
P004,Pooja Articles,Rajpura,2025-05-15,172,31.44,84,Clear,overcast clouds,5.48,None
P004,Pooja Articles,Bathinda,2025-05-15,177,21.9,63,Clouds,scattered clouds,4.22,None
P004,Pooja Articles,Malout,2025-05-15,186,29.97,44,Clouds,moderate rain,5.52,None
P004,Pooja Articles,Mohali,2025-05-15,164,30.77,85,Clear,light rain,2.68,None
P004,Pooja Articles,Patiala,2025-05-15,185,38.01,68,Clouds,clear sky,7.02,None
P003,Moisturizer ,Patiala,2025-05-15,87,38.01,68,Clouds,clear sky,7.02,None
P005,Gift Hamper,Malout,2025-05-15,237,29.97,44,Clouds,moderate rain,5.52,None
P005,Gift Hamper,Mohali,2025-05-15,194,30.77,85,Clear,light rain,2.68,None
P005,Gift Hamper,Rajpura,2025-05-15,264,31.44,84,Clear,overcast clouds,5.48,None
P005,Gift Hamper,Patiala,2025-05-15,183,38.01,68,Clouds,clear sky,7.02,None
P005,Gift Hamper,Bathinda,2025-05-15,216,21.9,63,Clouds,scattered clouds,4.22,None
P003,Moisturizer ,Rajpura,2025-05-15,31,31.44,84,Clear,overcast clouds,5.48,None
P003,Moisturizer ,Mohali,2025-05-15,66,30.77,85,Clear,light rain,2.68,None
P003,Moisturizer ,Malout,2025-05-15,79,29.97,44,Clouds,moderate rain,5.52,None
P001,Soft Drink ,Malout,2025-05-15,162,29.97,44,Clouds,moderate rain,5.52,None
P001,Soft Drink ,Mohali,2025-05-15,186,30.77,85,Clear,light rain,2.68,None
P001,Soft Drink ,Rajpura,2025-05-15,177,31.44,84,Clear,overcast clouds,5.48,None
P001,Soft Drink ,Patiala,2025-05-15,206,38.01,68,Clouds,clear sky,7.02,None
P002,Sweets ,Bathinda,2025-05-15,136,21.9,63,Clouds,scattered clouds,4.22,None
P001,Soft Drink ,Bathinda,2025-05-15,207,21.9,63,Clouds,scattered clouds,4.22,None
P002,Sweets ,Mohali,2025-05-15,121,30.77,85,Clear,light rain,2.68,None
P002,Sweets ,Rajpura,2025-05-15,132,31.44,84,Clear,overcast clouds,5.48,None
P002,Sweets ,Patiala,2025-05-15,95,38.01,68,Clouds,clear sky,7.02,None
P003,Moisturizer ,Bathinda,2025-05-15,57,21.9,63,Clouds,scattered clouds,4.22,None
P002,Sweets ,Malout,2025-05-15,109,29.97,44,Clouds,moderate rain,5.52,None
P004,Pooja Articles,Bathinda,2025-05-16,148,36.95,64,Rain,clear sky,2.0,None
P004,Pooja Articles,Malout,2025-05-16,144,26.61,83,Clear,clear sky,2.21,None
P004,Pooja Articles,Mohali,2025-05-16,146,20.1,57,Rain,light rain,4.74,None
P004,Pooja Articles,Rajpura,2025-05-16,177,21.16,56,Clear,light rain,4.2,None
P004,Pooja Articles,Patiala,2025-05-16,100,35.88,87,Clear,overcast clouds,9.24,None
P005,Gift Hamper,Malout,2025-05-16,215,26.61,83,Clear,clear sky,2.21,None
P005,Gift Hamper,Mohali,2025-05-16,192,20.1,57,Rain,light rain,4.74,None
P005,Gift Hamper,Rajpura,2025-05-16,184,21.16,56,Clear,light rain,4.2,None
P005,Gift Hamper,Patiala,2025-05-16,210,35.88,87,Clear,overcast clouds,9.24,None
P003,Moisturizer ,Patiala,2025-05-16,32,35.88,87,Clear,overcast clouds,9.24,None
P005,Gift Hamper,Bathinda,2025-05-16,209,36.95,64,Rain,clear sky,2.0,None
P003,Moisturizer ,Rajpura,2025-05-16,79,21.16,56,Clear,light rain,4.2,None
P003,Moisturizer ,Mohali,2025-05-16,51,20.1,57,Rain,light rain,4.74,None
P003,Moisturizer ,Malout,2025-05-16,72,26.61,83,Clear,clear sky,2.21,None
P001,Soft Drink ,Malout,2025-05-16,167,26.61,83,Clear,clear sky,2.21,None
P001,Soft Drink ,Mohali,2025-05-16,178,20.1,57,Rain,light rain,4.74,None
P001,Soft Drink ,Rajpura,2025-05-16,195,21.16,56,Clear,light rain,4.2,None
P001,Soft Drink ,Patiala,2025-05-16,204,35.88,87,Clear,overcast clouds,9.24,None
P002,Sweets ,Bathinda,2025-05-16,143,36.95,64,Rain,clear sky,2.0,None
P001,Soft Drink ,Bathinda,2025-05-16,207,36.95,64,Rain,clear sky,2.0,None
P002,Sweets ,Mohali,2025-05-16,115,20.1,57,Rain,light rain,4.74,None
P002,Sweets ,Rajpura,2025-05-16,86,21.16,56,Clear,light rain,4.2,None
P002,Sweets ,Patiala,2025-05-16,74,35.88,87,Clear,overcast clouds,9.24,None
P003,Moisturizer ,Bathinda,2025-05-16,57,36.95,64,Rain,clear sky,2.0,None
P002,Sweets ,Malout,2025-05-16,80,26.61,83,Clear,clear sky,2.21,None
P004,Pooja Articles,Bathinda,2025-05-17,142,22.42,55,Clouds,overcast clouds,3.78,None
P004,Pooja Articles,Malout,2025-05-17,161,39.51,90,Clouds,clear sky,3.79,None
P004,Pooja Articles,Mohali,2025-05-17,137,20.13,90,Rain,clear sky,9.71,None
P004,Pooja Articles,Rajpura,2025-05-17,113,21.53,60,Rain,scattered clouds,2.48,None
P004,Pooja Articles,Patiala,2025-05-17,127,23.25,86,Clouds,overcast clouds,4.19,None
P005,Gift Hamper,Malout,2025-05-17,225,39.51,90,Clouds,clear sky,3.79,None
P005,Gift Hamper,Mohali,2025-05-17,227,20.13,90,Rain,clear sky,9.71,None
P005,Gift Hamper,Rajpura,2025-05-17,225,21.53,60,Rain,scattered clouds,2.48,None
P005,Gift Hamper,Patiala,2025-05-17,255,23.25,86,Clouds,overcast clouds,4.19,None
P003,Moisturizer ,Patiala,2025-05-17,36,23.25,86,Clouds,overcast clouds,4.19,None
P005,Gift Hamper,Bathinda,2025-05-17,174,22.42,55,Clouds,overcast clouds,3.78,None
P003,Moisturizer ,Rajpura,2025-05-17,75,21.53,60,Rain,scattered clouds,2.48,None
P003,Moisturizer ,Mohali,2025-05-17,35,20.13,90,Rain,clear sky,9.71,None
P003,Moisturizer ,Malout,2025-05-17,90,39.51,90,Clouds,clear sky,3.79,None
P001,Soft Drink ,Malout,2025-05-17,171,39.51,90,Clouds,clear sky,3.79,None
P001,Soft Drink ,Mohali,2025-05-17,189,20.13,90,Rain,clear sky,9.71,None
P001,Soft Drink ,Rajpura,2025-05-17,173,21.53,60,Rain,scattered clouds,2.48,None
P001,Soft Drink ,Patiala,2025-05-17,161,23.25,86,Clouds,overcast clouds,4.19,None
P002,Sweets ,Bathinda,2025-05-17,113,22.42,55,Clouds,overcast clouds,3.78,None
P001,Soft Drink ,Bathinda,2025-05-17,170,22.42,55,Clouds,overcast clouds,3.78,None
P002,Sweets ,Mohali,2025-05-17,150,20.13,90,Rain,clear sky,9.71,None
P002,Sweets ,Rajpura,2025-05-17,121,21.53,60,Rain,scattered clouds,2.48,None
P002,Sweets ,Patiala,2025-05-17,121,23.25,86,Clouds,overcast clouds,4.19,None
P003,Moisturizer ,Bathinda,2025-05-17,0,22.42,55,Clouds,overcast clouds,3.78,None
P002,Sweets ,Malout,2025-05-17,111,39.51,90,Clouds,clear sky,3.79,None
P004,Pooja Articles,Bathinda,2025-05-18,193,32.33,48,Rain,light rain,6.61,None
P004,Pooja Articles,Malout,2025-05-18,130,27.87,40,Clouds,light rain,1.38,None
P004,Pooja Articles,Mohali,2025-05-18,168,25.52,89,Clouds,overcast clouds,5.54,None
P004,Pooja Articles,Rajpura,2025-05-18,210,37.73,48,Clear,overcast clouds,1.47,None
P004,Pooja Articles,Patiala,2025-05-18,158,31.45,54,Rain,moderate rain,3.11,None
P005,Gift Hamper,Malout,2025-05-18,241,27.87,40,Clouds,light rain,1.38,None
P005,Gift Hamper,Mohali,2025-05-18,209,25.52,89,Clouds,overcast clouds,5.54,None
P005,Gift Hamper,Rajpura,2025-05-18,210,37.73,48,Clear,overcast clouds,1.47,None
P005,Gift Hamper,Patiala,2025-05-18,247,31.45,54,Rain,moderate rain,3.11,None
P003,Moisturizer ,Patiala,2025-05-18,74,31.45,54,Rain,moderate rain,3.11,None
P005,Gift Hamper,Bathinda,2025-05-18,245,32.33,48,Rain,light rain,6.61,None
P003,Moisturizer ,Rajpura,2025-05-18,84,37.73,48,Clear,overcast clouds,1.47,None
P003,Moisturizer ,Mohali,2025-05-18,124,25.52,89,Clouds,overcast clouds,5.54,None
P003,Moisturizer ,Malout,2025-05-18,42,27.87,40,Clouds,light rain,1.38,None
P001,Soft Drink ,Malout,2025-05-18,166,27.87,40,Clouds,light rain,1.38,None
P001,Soft Drink ,Mohali,2025-05-18,163,25.52,89,Clouds,overcast clouds,5.54,None
P001,Soft Drink ,Rajpura,2025-05-18,178,37.73,48,Clear,overcast clouds,1.47,None
P001,Soft Drink ,Patiala,2025-05-18,167,31.45,54,Rain,moderate rain,3.11,None
P002,Sweets ,Bathinda,2025-05-18,141,32.33,48,Rain,light rain,6.61,None
P001,Soft Drink ,Bathinda,2025-05-18,235,32.33,48,Rain,light rain,6.61,None
P002,Sweets ,Mohali,2025-05-18,129,25.52,89,Clouds,overcast clouds,5.54,None
P002,Sweets ,Rajpura,2025-05-18,45,37.73,48,Clear,overcast clouds,1.47,None
P002,Sweets ,Patiala,2025-05-18,84,31.45,54,Rain,moderate rain,3.11,None
P003,Moisturizer ,Bathinda,2025-05-18,35,32.33,48,Rain,light rain,6.61,None
P002,Sweets ,Malout,2025-05-18,108,27.87,40,Clouds,light rain,1.38,None
P004,Pooja Articles,Bathinda,2025-05-19,142,20.93,82,Clouds,clear sky,5.88,None
P004,Pooja Articles,Malout,2025-05-19,118,38.03,64,Clouds,scattered clouds,2.69,None
P004,Pooja Articles,Mohali,2025-05-19,126,21.56,70,Clear,moderate rain,8.42,None
P004,Pooja Articles,Rajpura,2025-05-19,145,27.5,51,Clear,light rain,3.85,None
P004,Pooja Articles,Patiala,2025-05-19,154,33.02,86,Clouds,scattered clouds,9.81,None
P005,Gift Hamper,Malout,2025-05-19,201,38.03,64,Clouds,scattered clouds,2.69,None
P005,Gift Hamper,Mohali,2025-05-19,239,21.56,70,Clear,moderate rain,8.42,None
P005,Gift Hamper,Rajpura,2025-05-19,237,27.5,51,Clear,light rain,3.85,None
P005,Gift Hamper,Patiala,2025-05-19,224,33.02,86,Clouds,scattered clouds,9.81,None
P003,Moisturizer ,Patiala,2025-05-19,87,33.02,86,Clouds,scattered clouds,9.81,None
P005,Gift Hamper,Bathinda,2025-05-19,228,20.93,82,Clouds,clear sky,5.88,None
P003,Moisturizer ,Rajpura,2025-05-19,46,27.5,51,Clear,light rain,3.85,None
P003,Moisturizer ,Mohali,2025-05-19,36,21.56,70,Clear,moderate rain,8.42,None
P003,Moisturizer ,Malout,2025-05-19,55,38.03,64,Clouds,scattered clouds,2.69,None
P001,Soft Drink ,Malout,2025-05-19,192,38.03,64,Clouds,scattered clouds,2.69,None
P001,Soft Drink ,Mohali,2025-05-19,159,21.56,70,Clear,moderate rain,8.42,None
P001,Soft Drink ,Rajpura,2025-05-19,193,27.5,51,Clear,light rain,3.85,None
P001,Soft Drink ,Patiala,2025-05-19,235,33.02,86,Clouds,scattered clouds,9.81,None
P002,Sweets ,Bathinda,2025-05-19,105,20.93,82,Clouds,clear sky,5.88,None
P001,Soft Drink ,Bathinda,2025-05-19,219,20.93,82,Clouds,clear sky,5.88,None
P002,Sweets ,Mohali,2025-05-19,118,21.56,70,Clear,moderate rain,8.42,None
P002,Sweets ,Rajpura,2025-05-19,131,27.5,51,Clear,light rain,3.85,None
P002,Sweets ,Patiala,2025-05-19,88,33.02,86,Clouds,scattered clouds,9.81,None
P003,Moisturizer ,Bathinda,2025-05-19,59,20.93,82,Clouds,clear sky,5.88,None
P002,Sweets ,Malout,2025-05-19,119,38.03,64,Clouds,scattered clouds,2.69,None
P004,Pooja Articles,Bathinda,2025-05-20,154,34.19,51,Rain,moderate rain,1.87,None
P004,Pooja Articles,Malout,2025-05-20,114,26.23,70,Clear,clear sky,4.37,None
P004,Pooja Articles,Mohali,2025-05-20,164,35.15,80,Rain,overcast clouds,7.63,None
P004,Pooja Articles,Rajpura,2025-05-20,124,37.12,45,Clear,overcast clouds,5.68,None
P004,Pooja Articles,Patiala,2025-05-20,135,35.51,84,Clear,moderate rain,2.82,None
P005,Gift Hamper,Malout,2025-05-20,194,26.23,70,Clear,clear sky,4.37,None
P005,Gift Hamper,Mohali,2025-05-20,212,35.15,80,Rain,overcast clouds,7.63,None
P005,Gift Hamper,Rajpura,2025-05-20,223,37.12,45,Clear,overcast clouds,5.68,None
P005,Gift Hamper,Patiala,2025-05-20,190,35.51,84,Clear,moderate rain,2.82,None
P003,Moisturizer ,Patiala,2025-05-20,54,35.51,84,Clear,moderate rain,2.82,None
P005,Gift Hamper,Bathinda,2025-05-20,185,34.19,51,Rain,moderate rain,1.87,None
P003,Moisturizer ,Rajpura,2025-05-20,40,37.12,45,Clear,overcast clouds,5.68,None
P003,Moisturizer ,Mohali,2025-05-20,86,35.15,80,Rain,overcast clouds,7.63,None
P003,Moisturizer ,Malout,2025-05-20,50,26.23,70,Clear,clear sky,4.37,None
P001,Soft Drink ,Malout,2025-05-20,178,26.23,70,Clear,clear sky,4.37,None
P001,Soft Drink ,Mohali,2025-05-20,174,35.15,80,Rain,overcast clouds,7.63,None
P001,Soft Drink ,Rajpura,2025-05-20,157,37.12,45,Clear,overcast clouds,5.68,None
P001,Soft Drink ,Patiala,2025-05-20,186,35.51,84,Clear,moderate rain,2.82,None
P002,Sweets ,Bathinda,2025-05-20,158,34.19,51,Rain,moderate rain,1.87,None
P001,Soft Drink ,Bathinda,2025-05-20,184,34.19,51,Rain,moderate rain,1.87,None
P002,Sweets ,Mohali,2025-05-20,142,35.15,80,Rain,overcast clouds,7.63,None
P002,Sweets ,Rajpura,2025-05-20,136,37.12,45,Clear,overcast clouds,5.68,None
P002,Sweets ,Patiala,2025-05-20,115,35.51,84,Clear,moderate rain,2.82,None
P003,Moisturizer ,Bathinda,2025-05-20,31,34.19,51,Rain,moderate rain,1.87,None
P002,Sweets ,Malout,2025-05-20,85,26.23,70,Clear,clear sky,4.37,None
P004,Pooja Articles,Bathinda,2025-05-21,174,32.77,67,Rain,scattered clouds,2.21,None
P004,Pooja Articles,Malout,2025-05-21,166,26.81,71,Clear,clear sky,1.15,None
P004,Pooja Articles,Mohali,2025-05-21,113,27.31,68,Clear,clear sky,9.61,None
P004,Pooja Articles,Rajpura,2025-05-21,114,34.39,54,Clear,scattered clouds,5.27,None
P004,Pooja Articles,Patiala,2025-05-21,145,26.94,71,Clouds,moderate rain,5.63,None
P005,Gift Hamper,Malout,2025-05-21,246,26.81,71,Clear,clear sky,1.15,None
P005,Gift Hamper,Mohali,2025-05-21,215,27.31,68,Clear,clear sky,9.61,None
P005,Gift Hamper,Rajpura,2025-05-21,250,34.39,54,Clear,scattered clouds,5.27,None
P005,Gift Hamper,Patiala,2025-05-21,241,26.94,71,Clouds,moderate rain,5.63,None
P003,Moisturizer ,Patiala,2025-05-21,63,26.94,71,Clouds,moderate rain,5.63,None
P005,Gift Hamper,Bathinda,2025-05-21,257,32.77,67,Rain,scattered clouds,2.21,None
P003,Moisturizer ,Rajpura,2025-05-21,20,34.39,54,Clear,scattered clouds,5.27,None
P003,Moisturizer ,Mohali,2025-05-21,26,27.31,68,Clear,clear sky,9.61,None
P003,Moisturizer ,Malout,2025-05-21,35,26.81,71,Clear,clear sky,1.15,None
P001,Soft Drink ,Malout,2025-05-21,216,26.81,71,Clear,clear sky,1.15,None
P001,Soft Drink ,Mohali,2025-05-21,167,27.31,68,Clear,clear sky,9.61,None
P001,Soft Drink ,Rajpura,2025-05-21,203,34.39,54,Clear,scattered clouds,5.27,None
P001,Soft Drink ,Patiala,2025-05-21,194,26.94,71,Clouds,moderate rain,5.63,None
P002,Sweets ,Bathinda,2025-05-21,148,32.77,67,Rain,scattered clouds,2.21,None
P001,Soft Drink ,Bathinda,2025-05-21,171,32.77,67,Rain,scattered clouds,2.21,None
P002,Sweets ,Mohali,2025-05-21,124,27.31,68,Clear,clear sky,9.61,None
P002,Sweets ,Rajpura,2025-05-21,121,34.39,54,Clear,scattered clouds,5.27,None
P002,Sweets ,Patiala,2025-05-21,98,26.94,71,Clouds,moderate rain,5.63,None
P003,Moisturizer ,Bathinda,2025-05-21,41,32.77,67,Rain,scattered clouds,2.21,None
P002,Sweets ,Malout,2025-05-21,143,26.81,71,Clear,clear sky,1.15,None
P004,Pooja Articles,Bathinda,2025-05-22,148,23.96,76,Rain,clear sky,2.79,None
P004,Pooja Articles,Malout,2025-05-22,120,20.02,73,Clear,clear sky,2.34,None
P004,Pooja Articles,Mohali,2025-05-22,144,37.42,51,Clear,scattered clouds,6.37,None
P004,Pooja Articles,Rajpura,2025-05-22,140,28.08,42,Rain,clear sky,6.62,None
P004,Pooja Articles,Patiala,2025-05-22,151,36.77,77,Clouds,scattered clouds,8.79,None
P005,Gift Hamper,Malout,2025-05-22,206,20.02,73,Clear,clear sky,2.34,None
P005,Gift Hamper,Mohali,2025-05-22,229,37.42,51,Clear,scattered clouds,6.37,None
P005,Gift Hamper,Rajpura,2025-05-22,268,28.08,42,Rain,clear sky,6.62,None
P005,Gift Hamper,Patiala,2025-05-22,271,36.77,77,Clouds,scattered clouds,8.79,None
P003,Moisturizer ,Patiala,2025-05-22,125,36.77,77,Clouds,scattered clouds,8.79,None
P005,Gift Hamper,Bathinda,2025-05-22,201,23.96,76,Rain,clear sky,2.79,None
P003,Moisturizer ,Rajpura,2025-05-22,79,28.08,42,Rain,clear sky,6.62,None
P003,Moisturizer ,Mohali,2025-05-22,47,37.42,51,Clear,scattered clouds,6.37,None
P003,Moisturizer ,Malout,2025-05-22,65,20.02,73,Clear,clear sky,2.34,None
P001,Soft Drink ,Malout,2025-05-22,196,20.02,73,Clear,clear sky,2.34,None
P001,Soft Drink ,Mohali,2025-05-22,148,37.42,51,Clear,scattered clouds,6.37,None
P001,Soft Drink ,Rajpura,2025-05-22,153,28.08,42,Rain,clear sky,6.62,None
P001,Soft Drink ,Patiala,2025-05-22,201,36.77,77,Clouds,scattered clouds,8.79,None
P002,Sweets ,Bathinda,2025-05-22,130,23.96,76,Rain,clear sky,2.79,None
P001,Soft Drink ,Bathinda,2025-05-22,195,23.96,76,Rain,clear sky,2.79,None
P002,Sweets ,Mohali,2025-05-22,130,37.42,51,Clear,scattered clouds,6.37,None
P002,Sweets ,Rajpura,2025-05-22,91,28.08,42,Rain,clear sky,6.62,None
P002,Sweets ,Patiala,2025-05-22,115,36.77,77,Clouds,scattered clouds,8.79,None
P003,Moisturizer ,Bathinda,2025-05-22,40,23.96,76,Rain,clear sky,2.79,None
P002,Sweets ,Malout,2025-05-22,115,20.02,73,Clear,clear sky,2.34,None
P003,Moisturizer ,Patiala,2025-05-23,50,27.01,83,Clouds,overcast clouds,5.22,None
P004,Pooja Articles,Bathinda,2025-05-23,182,30.43,51,Clouds,light rain,7.75,None
P004,Pooja Articles,Malout,2025-05-23,139,35.22,89,Clouds,clear sky,7.61,None
P004,Pooja Articles,Mohali,2025-05-23,148,24.03,40,Clear,clear sky,7.44,None
P004,Pooja Articles,Rajpura,2025-05-23,121,37.91,45,Clouds,overcast clouds,1.84,None
P005,Gift Hamper,Bathinda,2025-05-23,212,30.43,51,Clouds,light rain,7.75,None
P005,Gift Hamper,Malout,2025-05-23,241,35.22,89,Clouds,clear sky,7.61,None
P005,Gift Hamper,Mohali,2025-05-23,196,24.03,40,Clear,clear sky,7.44,None
P005,Gift Hamper,Rajpura,2025-05-23,254,37.91,45,Clouds,overcast clouds,1.84,None
P003,Moisturizer ,Rajpura,2025-05-23,93,37.91,45,Clouds,overcast clouds,1.84,None
P004,Pooja Articles,Patiala,2025-05-23,166,27.01,83,Clouds,overcast clouds,5.22,None
P003,Moisturizer ,Mohali,2025-05-23,31,24.03,40,Clear,clear sky,7.44,None
P005,Gift Hamper,Patiala,2025-05-23,216,27.01,83,Clouds,overcast clouds,5.22,None
P003,Moisturizer ,Bathinda,2025-05-23,48,30.43,51,Clouds,light rain,7.75,None
P001,Soft Drink ,Bathinda,2025-05-23,131,30.43,51,Clouds,light rain,7.75,None
P001,Soft Drink ,Malout,2025-05-23,210,35.22,89,Clouds,clear sky,7.61,None
P001,Soft Drink ,Mohali,2025-05-23,157,24.03,40,Clear,clear sky,7.44,None
P001,Soft Drink ,Rajpura,2025-05-23,185,37.91,45,Clouds,overcast clouds,1.84,None
P001,Soft Drink ,Patiala,2025-05-23,144,27.01,83,Clouds,overcast clouds,5.22,None
P003,Moisturizer ,Malout,2025-05-23,96,35.22,89,Clouds,clear sky,7.61,None
P002,Sweets ,Malout,2025-05-23,113,35.22,89,Clouds,clear sky,7.61,None
P002,Sweets ,Mohali,2025-05-23,117,24.03,40,Clear,clear sky,7.44,None
P002,Sweets ,Rajpura,2025-05-23,121,37.91,45,Clouds,overcast clouds,1.84,None
P002,Sweets ,Patiala,2025-05-23,151,27.01,83,Clouds,overcast clouds,5.22,None
P002,Sweets ,Bathinda,2025-05-23,122,30.43,51,Clouds,light rain,7.75,None
P004,Pooja Articles,Bathinda,2025-05-24,182,34.63,54,Rain,light rain,5.28,None
P004,Pooja Articles,Malout,2025-05-24,165,35.08,54,Clouds,scattered clouds,2.61,None
P004,Pooja Articles,Mohali,2025-05-24,165,38.19,79,Clouds,light rain,4.69,None
P004,Pooja Articles,Rajpura,2025-05-24,172,35.09,78,Rain,scattered clouds,8.0,None
P004,Pooja Articles,Patiala,2025-05-24,170,37.9,56,Clear,overcast clouds,2.24,None
P005,Gift Hamper,Malout,2025-05-24,218,35.08,54,Clouds,scattered clouds,2.61,None
P005,Gift Hamper,Mohali,2025-05-24,229,38.19,79,Clouds,light rain,4.69,None
P005,Gift Hamper,Rajpura,2025-05-24,258,35.09,78,Rain,scattered clouds,8.0,None
P005,Gift Hamper,Patiala,2025-05-24,234,37.9,56,Clear,overcast clouds,2.24,None
P003,Moisturizer ,Patiala,2025-05-24,33,37.9,56,Clear,overcast clouds,2.24,None
P005,Gift Hamper,Bathinda,2025-05-24,190,34.63,54,Rain,light rain,5.28,None
P003,Moisturizer ,Rajpura,2025-05-24,47,35.09,78,Rain,scattered clouds,8.0,None
P003,Moisturizer ,Mohali,2025-05-24,76,38.19,79,Clouds,light rain,4.69,None
P003,Moisturizer ,Malout,2025-05-24,72,35.08,54,Clouds,scattered clouds,2.61,None
P001,Soft Drink ,Malout,2025-05-24,116,35.08,54,Clouds,scattered clouds,2.61,None
P001,Soft Drink ,Mohali,2025-05-24,176,38.19,79,Clouds,light rain,4.69,None
P001,Soft Drink ,Rajpura,2025-05-24,142,35.09,78,Rain,scattered clouds,8.0,None
P001,Soft Drink ,Patiala,2025-05-24,185,37.9,56,Clear,overcast clouds,2.24,None
P002,Sweets ,Bathinda,2025-05-24,130,34.63,54,Rain,light rain,5.28,None
P001,Soft Drink ,Bathinda,2025-05-24,163,34.63,54,Rain,light rain,5.28,None
P002,Sweets ,Mohali,2025-05-24,89,38.19,79,Clouds,light rain,4.69,None
P002,Sweets ,Rajpura,2025-05-24,140,35.09,78,Rain,scattered clouds,8.0,None
P002,Sweets ,Patiala,2025-05-24,96,37.9,56,Clear,overcast clouds,2.24,None
P003,Moisturizer ,Bathinda,2025-05-24,75,34.63,54,Rain,light rain,5.28,None
P002,Sweets ,Malout,2025-05-24,107,35.08,54,Clouds,scattered clouds,2.61,None
P004,Pooja Articles,Bathinda,2025-05-25,146,21.68,43,Rain,clear sky,1.85,None
P004,Pooja Articles,Malout,2025-05-25,137,29.43,49,Clouds,light rain,1.12,None
P004,Pooja Articles,Mohali,2025-05-25,132,23.34,61,Rain,clear sky,1.34,None
P004,Pooja Articles,Rajpura,2025-05-25,174,24.36,58,Clear,scattered clouds,9.28,None
P004,Pooja Articles,Patiala,2025-05-25,140,37.7,45,Clouds,light rain,4.89,None
P005,Gift Hamper,Malout,2025-05-25,201,29.43,49,Clouds,light rain,1.12,None
P005,Gift Hamper,Mohali,2025-05-25,221,23.34,61,Rain,clear sky,1.34,None
P005,Gift Hamper,Rajpura,2025-05-25,264,24.36,58,Clear,scattered clouds,9.28,None
P005,Gift Hamper,Patiala,2025-05-25,183,37.7,45,Clouds,light rain,4.89,None
P003,Moisturizer ,Patiala,2025-05-25,107,37.7,45,Clouds,light rain,4.89,None
P005,Gift Hamper,Bathinda,2025-05-25,214,21.68,43,Rain,clear sky,1.85,None
P003,Moisturizer ,Rajpura,2025-05-25,39,24.36,58,Clear,scattered clouds,9.28,None
P003,Moisturizer ,Mohali,2025-05-25,2,23.34,61,Rain,clear sky,1.34,None
P003,Moisturizer ,Malout,2025-05-25,48,29.43,49,Clouds,light rain,1.12,None
P001,Soft Drink ,Malout,2025-05-25,151,29.43,49,Clouds,light rain,1.12,None
P001,Soft Drink ,Mohali,2025-05-25,214,23.34,61,Rain,clear sky,1.34,None
P001,Soft Drink ,Rajpura,2025-05-25,200,24.36,58,Clear,scattered clouds,9.28,None
P001,Soft Drink ,Patiala,2025-05-25,142,37.7,45,Clouds,light rain,4.89,None
P002,Sweets ,Bathinda,2025-05-25,154,21.68,43,Rain,clear sky,1.85,None
P001,Soft Drink ,Bathinda,2025-05-25,223,21.68,43,Rain,clear sky,1.85,None
P002,Sweets ,Mohali,2025-05-25,126,23.34,61,Rain,clear sky,1.34,None
P002,Sweets ,Rajpura,2025-05-25,138,24.36,58,Clear,scattered clouds,9.28,None
P002,Sweets ,Patiala,2025-05-25,86,37.7,45,Clouds,light rain,4.89,None
P003,Moisturizer ,Bathinda,2025-05-25,43,21.68,43,Rain,clear sky,1.85,None
P002,Sweets ,Malout,2025-05-25,140,29.43,49,Clouds,light rain,1.12,None
P004,Pooja Articles,Bathinda,2025-05-26,146,25.04,82,Clear,clear sky,9.8,None
P004,Pooja Articles,Malout,2025-05-26,137,33.85,88,Clouds,light rain,8.61,None
P004,Pooja Articles,Mohali,2025-05-26,161,21.02,76,Clouds,scattered clouds,4.96,None
P004,Pooja Articles,Rajpura,2025-05-26,154,26.86,43,Clouds,scattered clouds,3.64,None
P004,Pooja Articles,Patiala,2025-05-26,144,30.08,77,Clouds,overcast clouds,7.43,None
P005,Gift Hamper,Malout,2025-05-26,231,33.85,88,Clouds,light rain,8.61,None
P005,Gift Hamper,Mohali,2025-05-26,236,21.02,76,Clouds,scattered clouds,4.96,None
P005,Gift Hamper,Rajpura,2025-05-26,219,26.86,43,Clouds,scattered clouds,3.64,None
P005,Gift Hamper,Patiala,2025-05-26,248,30.08,77,Clouds,overcast clouds,7.43,None
P003,Moisturizer ,Patiala,2025-05-26,116,30.08,77,Clouds,overcast clouds,7.43,None
P005,Gift Hamper,Bathinda,2025-05-26,209,25.04,82,Clear,clear sky,9.8,None
P003,Moisturizer ,Rajpura,2025-05-26,68,26.86,43,Clouds,scattered clouds,3.64,None
P003,Moisturizer ,Mohali,2025-05-26,59,21.02,76,Clouds,scattered clouds,4.96,None
P003,Moisturizer ,Malout,2025-05-26,32,33.85,88,Clouds,light rain,8.61,None
P001,Soft Drink ,Malout,2025-05-26,188,33.85,88,Clouds,light rain,8.61,None
P001,Soft Drink ,Mohali,2025-05-26,199,21.02,76,Clouds,scattered clouds,4.96,None
P001,Soft Drink ,Rajpura,2025-05-26,162,26.86,43,Clouds,scattered clouds,3.64,None
P001,Soft Drink ,Patiala,2025-05-26,205,30.08,77,Clouds,overcast clouds,7.43,None
P002,Sweets ,Bathinda,2025-05-26,116,25.04,82,Clear,clear sky,9.8,None
P001,Soft Drink ,Bathinda,2025-05-26,183,25.04,82,Clear,clear sky,9.8,None
P002,Sweets ,Mohali,2025-05-26,130,21.02,76,Clouds,scattered clouds,4.96,None
P002,Sweets ,Rajpura,2025-05-26,134,26.86,43,Clouds,scattered clouds,3.64,None
P002,Sweets ,Patiala,2025-05-26,122,30.08,77,Clouds,overcast clouds,7.43,None
P003,Moisturizer ,Bathinda,2025-05-26,106,25.04,82,Clear,clear sky,9.8,None
P002,Sweets ,Malout,2025-05-26,117,33.85,88,Clouds,light rain,8.61,None
P003,Moisturizer ,Patiala,2025-05-27,54,24.05,84,Rain,moderate rain,6.35,None
P004,Pooja Articles,Bathinda,2025-05-27,160,27.53,89,Clear,moderate rain,3.55,None
P004,Pooja Articles,Malout,2025-05-27,178,36.79,58,Rain,scattered clouds,5.7,None
P004,Pooja Articles,Mohali,2025-05-27,149,24.83,45,Rain,overcast clouds,6.57,None
P004,Pooja Articles,Rajpura,2025-05-27,180,29.28,78,Rain,moderate rain,3.75,None
P005,Gift Hamper,Bathinda,2025-05-27,207,27.53,89,Clear,moderate rain,3.55,None
P005,Gift Hamper,Malout,2025-05-27,219,36.79,58,Rain,scattered clouds,5.7,None
P005,Gift Hamper,Mohali,2025-05-27,228,24.83,45,Rain,overcast clouds,6.57,None
P005,Gift Hamper,Rajpura,2025-05-27,234,29.28,78,Rain,moderate rain,3.75,None
P003,Moisturizer ,Rajpura,2025-05-27,41,29.28,78,Rain,moderate rain,3.75,None
P004,Pooja Articles,Patiala,2025-05-27,190,24.05,84,Rain,moderate rain,6.35,None
P003,Moisturizer ,Mohali,2025-05-27,72,24.83,45,Rain,overcast clouds,6.57,None
P005,Gift Hamper,Patiala,2025-05-27,197,24.05,84,Rain,moderate rain,6.35,None
P003,Moisturizer ,Bathinda,2025-05-27,55,27.53,89,Clear,moderate rain,3.55,None
P001,Soft Drink ,Bathinda,2025-05-27,222,27.53,89,Clear,moderate rain,3.55,None
P001,Soft Drink ,Malout,2025-05-27,164,36.79,58,Rain,scattered clouds,5.7,None
P001,Soft Drink ,Mohali,2025-05-27,201,24.83,45,Rain,overcast clouds,6.57,None
P001,Soft Drink ,Rajpura,2025-05-27,175,29.28,78,Rain,moderate rain,3.75,None
P001,Soft Drink ,Patiala,2025-05-27,193,24.05,84,Rain,moderate rain,6.35,None
P003,Moisturizer ,Malout,2025-05-27,51,36.79,58,Rain,scattered clouds,5.7,None
P002,Sweets ,Malout,2025-05-27,115,36.79,58,Rain,scattered clouds,5.7,None
P002,Sweets ,Mohali,2025-05-27,76,24.83,45,Rain,overcast clouds,6.57,None
P002,Sweets ,Rajpura,2025-05-27,124,29.28,78,Rain,moderate rain,3.75,None
P002,Sweets ,Patiala,2025-05-27,113,24.05,84,Rain,moderate rain,6.35,None
P002,Sweets ,Bathinda,2025-05-27,116,27.53,89,Clear,moderate rain,3.55,None
P004,Pooja Articles,Bathinda,2025-05-28,144,23.72,44,Clear,overcast clouds,7.8,None
P004,Pooja Articles,Malout,2025-05-28,154,29.91,50,Clouds,overcast clouds,7.15,None
P004,Pooja Articles,Mohali,2025-05-28,166,27.55,79,Rain,light rain,8.13,None
P004,Pooja Articles,Rajpura,2025-05-28,144,32.2,80,Clouds,moderate rain,3.76,None
P004,Pooja Articles,Patiala,2025-05-28,121,33.72,87,Rain,moderate rain,3.28,None
P005,Gift Hamper,Malout,2025-05-28,221,29.91,50,Clouds,overcast clouds,7.15,None
P005,Gift Hamper,Mohali,2025-05-28,191,27.55,79,Rain,light rain,8.13,None
P005,Gift Hamper,Rajpura,2025-05-28,225,32.2,80,Clouds,moderate rain,3.76,None
P005,Gift Hamper,Patiala,2025-05-28,266,33.72,87,Rain,moderate rain,3.28,None
P003,Moisturizer ,Patiala,2025-05-28,38,33.72,87,Rain,moderate rain,3.28,None
P005,Gift Hamper,Bathinda,2025-05-28,206,23.72,44,Clear,overcast clouds,7.8,None
P003,Moisturizer ,Rajpura,2025-05-28,117,32.2,80,Clouds,moderate rain,3.76,None
P003,Moisturizer ,Mohali,2025-05-28,6,27.55,79,Rain,light rain,8.13,None
P003,Moisturizer ,Malout,2025-05-28,82,29.91,50,Clouds,overcast clouds,7.15,None
P001,Soft Drink ,Malout,2025-05-28,196,29.91,50,Clouds,overcast clouds,7.15,None
P001,Soft Drink ,Mohali,2025-05-28,197,27.55,79,Rain,light rain,8.13,None
P001,Soft Drink ,Rajpura,2025-05-28,164,32.2,80,Clouds,moderate rain,3.76,None
P001,Soft Drink ,Patiala,2025-05-28,153,33.72,87,Rain,moderate rain,3.28,None
P002,Sweets ,Bathinda,2025-05-28,142,23.72,44,Clear,overcast clouds,7.8,None
P001,Soft Drink ,Bathinda,2025-05-28,154,23.72,44,Clear,overcast clouds,7.8,None
P002,Sweets ,Mohali,2025-05-28,106,27.55,79,Rain,light rain,8.13,None
P002,Sweets ,Rajpura,2025-05-28,157,32.2,80,Clouds,moderate rain,3.76,None
P002,Sweets ,Patiala,2025-05-28,128,33.72,87,Rain,moderate rain,3.28,None
P003,Moisturizer ,Bathinda,2025-05-28,68,23.72,44,Clear,overcast clouds,7.8,None
P002,Sweets ,Malout,2025-05-28,124,29.91,50,Clouds,overcast clouds,7.15,None
P003,Moisturizer ,Patiala,2025-05-29,74,32.06,56,Rain,overcast clouds,8.48,None
P004,Pooja Articles,Bathinda,2025-05-29,123,37.58,45,Clouds,clear sky,9.07,None
P004,Pooja Articles,Malout,2025-05-29,147,39.11,79,Rain,moderate rain,6.9,None
P004,Pooja Articles,Mohali,2025-05-29,145,31.86,65,Rain,moderate rain,2.21,None
P004,Pooja Articles,Rajpura,2025-05-29,159,35.68,61,Clear,moderate rain,3.74,None
P005,Gift Hamper,Bathinda,2025-05-29,205,37.58,45,Clouds,clear sky,9.07,None
P005,Gift Hamper,Malout,2025-05-29,226,39.11,79,Rain,moderate rain,6.9,None
P005,Gift Hamper,Mohali,2025-05-29,190,31.86,65,Rain,moderate rain,2.21,None
P005,Gift Hamper,Rajpura,2025-05-29,217,35.68,61,Clear,moderate rain,3.74,None
P003,Moisturizer ,Rajpura,2025-05-29,49,35.68,61,Clear,moderate rain,3.74,None
P004,Pooja Articles,Patiala,2025-05-29,135,32.06,56,Rain,overcast clouds,8.48,None
P003,Moisturizer ,Mohali,2025-05-29,45,31.86,65,Rain,moderate rain,2.21,None
P005,Gift Hamper,Patiala,2025-05-29,241,32.06,56,Rain,overcast clouds,8.48,None
P003,Moisturizer ,Bathinda,2025-05-29,20,37.58,45,Clouds,clear sky,9.07,None
P001,Soft Drink ,Bathinda,2025-05-29,137,37.58,45,Clouds,clear sky,9.07,None
P001,Soft Drink ,Malout,2025-05-29,205,39.11,79,Rain,moderate rain,6.9,None
P001,Soft Drink ,Mohali,2025-05-29,228,31.86,65,Rain,moderate rain,2.21,None
P001,Soft Drink ,Rajpura,2025-05-29,107,35.68,61,Clear,moderate rain,3.74,None
P001,Soft Drink ,Patiala,2025-05-29,195,32.06,56,Rain,overcast clouds,8.48,None
P003,Moisturizer ,Malout,2025-05-29,79,39.11,79,Rain,moderate rain,6.9,None
P002,Sweets ,Malout,2025-05-29,140,39.11,79,Rain,moderate rain,6.9,None
P002,Sweets ,Mohali,2025-05-29,111,31.86,65,Rain,moderate rain,2.21,None
P002,Sweets ,Rajpura,2025-05-29,104,35.68,61,Clear,moderate rain,3.74,None
P002,Sweets ,Patiala,2025-05-29,125,32.06,56,Rain,overcast clouds,8.48,None
P002,Sweets ,Bathinda,2025-05-29,108,37.58,45,Clouds,clear sky,9.07,None
P003,Moisturizer ,Patiala,2025-05-30,59,33.02,50,Clouds,overcast clouds,3.82,None
P004,Pooja Articles,Bathinda,2025-05-30,149,36.85,43,Rain,light rain,5.68,None
P004,Pooja Articles,Malout,2025-05-30,165,36.28,63,Clear,scattered clouds,8.72,None
P004,Pooja Articles,Mohali,2025-05-30,184,33.56,58,Clear,overcast clouds,5.15,None
P004,Pooja Articles,Rajpura,2025-05-30,169,36.06,78,Rain,overcast clouds,8.54,None
P005,Gift Hamper,Bathinda,2025-05-30,195,36.85,43,Rain,light rain,5.68,None
P005,Gift Hamper,Malout,2025-05-30,248,36.28,63,Clear,scattered clouds,8.72,None
P005,Gift Hamper,Mohali,2025-05-30,216,33.56,58,Clear,overcast clouds,5.15,None
P005,Gift Hamper,Rajpura,2025-05-30,229,36.06,78,Rain,overcast clouds,8.54,None
P003,Moisturizer ,Rajpura,2025-05-30,78,36.06,78,Rain,overcast clouds,8.54,None
P004,Pooja Articles,Patiala,2025-05-30,137,33.02,50,Clouds,overcast clouds,3.82,None
P003,Moisturizer ,Mohali,2025-05-30,64,33.56,58,Clear,overcast clouds,5.15,None
P005,Gift Hamper,Patiala,2025-05-30,219,33.02,50,Clouds,overcast clouds,3.82,None
P003,Moisturizer ,Bathinda,2025-05-30,86,36.85,43,Rain,light rain,5.68,None
P001,Soft Drink ,Bathinda,2025-05-30,177,36.85,43,Rain,light rain,5.68,None
P001,Soft Drink ,Malout,2025-05-30,178,36.28,63,Clear,scattered clouds,8.72,None
P001,Soft Drink ,Mohali,2025-05-30,218,33.56,58,Clear,overcast clouds,5.15,None
P001,Soft Drink ,Rajpura,2025-05-30,166,36.06,78,Rain,overcast clouds,8.54,None
P001,Soft Drink ,Patiala,2025-05-30,198,33.02,50,Clouds,overcast clouds,3.82,None
P003,Moisturizer ,Malout,2025-05-30,63,36.28,63,Clear,scattered clouds,8.72,None
P002,Sweets ,Malout,2025-05-30,96,36.28,63,Clear,scattered clouds,8.72,None
P002,Sweets ,Mohali,2025-05-30,134,33.56,58,Clear,overcast clouds,5.15,None
P002,Sweets ,Rajpura,2025-05-30,85,36.06,78,Rain,overcast clouds,8.54,None
P002,Sweets ,Patiala,2025-05-30,95,33.02,50,Clouds,overcast clouds,3.82,None
P002,Sweets ,Bathinda,2025-05-30,112,36.85,43,Rain,light rain,5.68,None
P003,Moisturizer ,Patiala,2025-05-31,45,31.41,81,Clouds,light rain,6.86,None
P004,Pooja Articles,Bathinda,2025-05-31,161,34.2,88,Rain,overcast clouds,9.94,None
P004,Pooja Articles,Malout,2025-05-31,178,37.53,68,Rain,scattered clouds,8.88,None
P004,Pooja Articles,Mohali,2025-05-31,139,34.32,52,Rain,overcast clouds,5.68,None
P004,Pooja Articles,Rajpura,2025-05-31,135,34.79,49,Clouds,scattered clouds,2.85,None
P005,Gift Hamper,Bathinda,2025-05-31,213,34.2,88,Rain,overcast clouds,9.94,None
P005,Gift Hamper,Malout,2025-05-31,214,37.53,68,Rain,scattered clouds,8.88,None
P005,Gift Hamper,Mohali,2025-05-31,226,34.32,52,Rain,overcast clouds,5.68,None
P005,Gift Hamper,Rajpura,2025-05-31,230,34.79,49,Clouds,scattered clouds,2.85,None
P003,Moisturizer ,Rajpura,2025-05-31,87,34.79,49,Clouds,scattered clouds,2.85,None
P004,Pooja Articles,Patiala,2025-05-31,109,31.41,81,Clouds,light rain,6.86,None
P005,Gift Hamper,Patiala,2025-05-31,240,31.41,81,Clouds,light rain,6.86,None
P003,Moisturizer ,Mohali,2025-05-31,59,34.32,52,Rain,overcast clouds,5.68,None
P003,Moisturizer ,Bathinda,2025-05-31,51,34.2,88,Rain,overcast clouds,9.94,None
P003,Moisturizer ,Malout,2025-05-31,65,37.53,68,Rain,scattered clouds,8.88,None
P001,Soft Drink ,Bathinda,2025-05-31,200,34.2,88,Rain,overcast clouds,9.94,None
P001,Soft Drink ,Malout,2025-05-31,227,37.53,68,Rain,scattered clouds,8.88,None
P001,Soft Drink ,Rajpura,2025-05-31,163,34.79,49,Clouds,scattered clouds,2.85,None
P001,Soft Drink ,Patiala,2025-05-31,149,31.41,81,Clouds,light rain,6.86,None
P001,Soft Drink ,Mohali,2025-05-31,197,34.32,52,Rain,overcast clouds,5.68,None
P002,Sweets ,Malout,2025-05-31,118,37.53,68,Rain,scattered clouds,8.88,None
P002,Sweets ,Mohali,2025-05-31,99,34.32,52,Rain,overcast clouds,5.68,None
P002,Sweets ,Rajpura,2025-05-31,157,34.79,49,Clouds,scattered clouds,2.85,None
P002,Sweets ,Patiala,2025-05-31,155,31.41,81,Clouds,light rain,6.86,None
P002,Sweets ,Bathinda,2025-05-31,117,34.2,88,Rain,overcast clouds,9.94,None
P004,Pooja Articles,Mohali,2025-06-01,132,23.38,78,Clear,clear sky,4.26,None
P003,Moisturizer ,Patiala,2025-06-01,69,34.3,87,Clear,clear sky,7.99,None
P004,Pooja Articles,Bathinda,2025-06-01,154,34.03,72,Rain,scattered clouds,7.48,None
P004,Pooja Articles,Malout,2025-06-01,158,37.67,49,Clear,moderate rain,3.85,None
P004,Pooja Articles,Rajpura,2025-06-01,154,23.49,82,Rain,clear sky,7.13,None
P003,Moisturizer ,Rajpura,2025-06-01,69,23.49,82,Rain,clear sky,7.13,None
P005,Gift Hamper,Bathinda,2025-06-01,254,34.03,72,Rain,scattered clouds,7.48,None
P005,Gift Hamper,Malout,2025-06-01,195,37.67,49,Clear,moderate rain,3.85,None
P005,Gift Hamper,Mohali,2025-06-01,196,23.38,78,Clear,clear sky,4.26,None
P005,Gift Hamper,Rajpura,2025-06-01,276,23.49,82,Rain,clear sky,7.13,None
P004,Pooja Articles,Patiala,2025-06-01,140,34.3,87,Clear,clear sky,7.99,None
P003,Moisturizer ,Mohali,2025-06-01,28,23.38,78,Clear,clear sky,4.26,None
P005,Gift Hamper,Patiala,2025-06-01,188,34.3,87,Clear,clear sky,7.99,None
P003,Moisturizer ,Bathinda,2025-06-01,94,34.03,72,Rain,scattered clouds,7.48,None
P001,Soft Drink ,Bathinda,2025-06-01,178,34.03,72,Rain,scattered clouds,7.48,None
P001,Soft Drink ,Malout,2025-06-01,154,37.67,49,Clear,moderate rain,3.85,None
P001,Soft Drink ,Mohali,2025-06-01,185,23.38,78,Clear,clear sky,4.26,None
P001,Soft Drink ,Rajpura,2025-06-01,183,23.49,82,Rain,clear sky,7.13,None
P001,Soft Drink ,Patiala,2025-06-01,240,34.3,87,Clear,clear sky,7.99,None
P003,Moisturizer ,Malout,2025-06-01,65,37.67,49,Clear,moderate rain,3.85,None
P002,Sweets ,Malout,2025-06-01,113,37.67,49,Clear,moderate rain,3.85,None
P002,Sweets ,Mohali,2025-06-01,103,23.38,78,Clear,clear sky,4.26,None
P002,Sweets ,Rajpura,2025-06-01,122,23.49,82,Rain,clear sky,7.13,None
P002,Sweets ,Patiala,2025-06-01,152,34.3,87,Clear,clear sky,7.99,None
P002,Sweets ,Bathinda,2025-06-01,150,34.03,72,Rain,scattered clouds,7.48,None
P003,Moisturizer ,Patiala,2025-06-02,89,25.15,65,Rain,scattered clouds,2.29,None
P004,Pooja Articles,Malout,2025-06-02,183,29.81,55,Rain,clear sky,6.22,None
P004,Pooja Articles,Mohali,2025-06-02,146,24.33,61,Rain,overcast clouds,3.83,None
P004,Pooja Articles,Rajpura,2025-06-02,161,38.29,51,Clouds,overcast clouds,8.67,None
P004,Pooja Articles,Patiala,2025-06-02,149,25.15,65,Rain,scattered clouds,2.29,None
P005,Gift Hamper,Malout,2025-06-02,170,29.81,55,Rain,clear sky,6.22,None
P003,Moisturizer ,Rajpura,2025-06-02,57,38.29,51,Clouds,overcast clouds,8.67,None
P005,Gift Hamper,Mohali,2025-06-02,211,24.33,61,Rain,overcast clouds,3.83,None
P005,Gift Hamper,Rajpura,2025-06-02,195,38.29,51,Clouds,overcast clouds,8.67,None
P005,Gift Hamper,Patiala,2025-06-02,187,25.15,65,Rain,scattered clouds,2.29,None
P005,Gift Hamper,Bathinda,2025-06-02,175,30.94,82,Rain,light rain,6.1,None
P003,Moisturizer ,Mohali,2025-06-02,22,24.33,61,Rain,overcast clouds,3.83,None
P004,Pooja Articles,Bathinda,2025-06-02,132,30.94,82,Rain,light rain,6.1,None
P003,Moisturizer ,Bathinda,2025-06-02,74,30.94,82,Rain,light rain,6.1,None
P003,Moisturizer ,Malout,2025-06-02,61,29.81,55,Rain,clear sky,6.22,None
P001,Soft Drink ,Malout,2025-06-02,191,29.81,55,Rain,clear sky,6.22,None
P001,Soft Drink ,Mohali,2025-06-02,215,24.33,61,Rain,overcast clouds,3.83,None
P001,Soft Drink ,Rajpura,2025-06-02,173,38.29,51,Clouds,overcast clouds,8.67,None
P001,Soft Drink ,Patiala,2025-06-02,169,25.15,65,Rain,scattered clouds,2.29,None
P001,Soft Drink ,Bathinda,2025-06-02,208,30.94,82,Rain,light rain,6.1,None
P002,Sweets ,Malout,2025-06-02,108,29.81,55,Rain,clear sky,6.22,None
P002,Sweets ,Mohali,2025-06-02,130,24.33,61,Rain,overcast clouds,3.83,None
P002,Sweets ,Rajpura,2025-06-02,134,38.29,51,Clouds,overcast clouds,8.67,None
P002,Sweets ,Patiala,2025-06-02,113,25.15,65,Rain,scattered clouds,2.29,None
P002,Sweets ,Bathinda,2025-06-02,137,30.94,82,Rain,light rain,6.1,None
P003,Moisturizer ,Patiala,2025-06-03,87,24.22,90,Clouds,clear sky,3.77,None
P004,Pooja Articles,Malout,2025-06-03,186,21.19,58,Rain,moderate rain,6.12,None
P004,Pooja Articles,Mohali,2025-06-03,153,25.24,79,Clear,light rain,2.48,None
P004,Pooja Articles,Rajpura,2025-06-03,184,31.59,49,Rain,light rain,2.08,None
P004,Pooja Articles,Patiala,2025-06-03,126,24.22,90,Clouds,clear sky,3.77,None
P005,Gift Hamper,Malout,2025-06-03,188,21.19,58,Rain,moderate rain,6.12,None
P005,Gift Hamper,Mohali,2025-06-03,187,25.24,79,Clear,light rain,2.48,None
P005,Gift Hamper,Rajpura,2025-06-03,242,31.59,49,Rain,light rain,2.08,None
P005,Gift Hamper,Patiala,2025-06-03,185,24.22,90,Clouds,clear sky,3.77,None
P003,Moisturizer ,Rajpura,2025-06-03,79,31.59,49,Rain,light rain,2.08,None
P005,Gift Hamper,Bathinda,2025-06-03,226,26.75,71,Clear,overcast clouds,3.21,None
P003,Moisturizer ,Mohali,2025-06-03,49,25.24,79,Clear,light rain,2.48,None
P004,Pooja Articles,Bathinda,2025-06-03,166,26.75,71,Clear,overcast clouds,3.21,None
P003,Moisturizer ,Bathinda,2025-06-03,80,26.75,71,Clear,overcast clouds,3.21,None
P001,Soft Drink ,Malout,2025-06-03,194,21.19,58,Rain,moderate rain,6.12,None
P001,Soft Drink ,Mohali,2025-06-03,200,25.24,79,Clear,light rain,2.48,None
P001,Soft Drink ,Rajpura,2025-06-03,234,31.59,49,Rain,light rain,2.08,None
P001,Soft Drink ,Patiala,2025-06-03,204,24.22,90,Clouds,clear sky,3.77,None
P002,Sweets ,Bathinda,2025-06-03,163,26.75,71,Clear,overcast clouds,3.21,None
P001,Soft Drink ,Bathinda,2025-06-03,171,26.75,71,Clear,overcast clouds,3.21,None
P002,Sweets ,Mohali,2025-06-03,113,25.24,79,Clear,light rain,2.48,None
P002,Sweets ,Malout,2025-06-03,125,21.19,58,Rain,moderate rain,6.12,None
P002,Sweets ,Patiala,2025-06-03,82,24.22,90,Clouds,clear sky,3.77,None
P003,Moisturizer ,Malout,2025-06-03,71,21.19,58,Rain,moderate rain,6.12,None
P002,Sweets ,Rajpura,2025-06-03,137,31.59,49,Rain,light rain,2.08,None
P003,Moisturizer ,Rajpura,2025-06-04,34,23.86,66,Clouds,light rain,7.05,None
P005,Gift Hamper,Rajpura,2025-06-04,248,23.86,66,Clouds,light rain,7.05,None
P005,Gift Hamper,Mohali,2025-06-04,199,31.88,56,Clouds,moderate rain,4.99,None
P005,Gift Hamper,Malout,2025-06-04,195,23.82,57,Rain,moderate rain,1.81,None
P004,Pooja Articles,Patiala,2025-06-04,161,33.95,55,Rain,clear sky,7.41,None
P004,Pooja Articles,Rajpura,2025-06-04,111,23.86,66,Clouds,light rain,7.05,None
P004,Pooja Articles,Mohali,2025-06-04,164,31.88,56,Clouds,moderate rain,4.99,None
P004,Pooja Articles,Malout,2025-06-04,184,23.82,57,Rain,moderate rain,1.81,None
P004,Pooja Articles,Bathinda,2025-06-04,135,32.32,79,Clouds,clear sky,6.4,None
P003,Moisturizer ,Patiala,2025-06-04,58,33.95,55,Rain,clear sky,7.41,None
P005,Gift Hamper,Patiala,2025-06-04,237,33.95,55,Rain,clear sky,7.41,None
P005,Gift Hamper,Bathinda,2025-06-04,210,32.32,79,Clouds,clear sky,6.4,None
P003,Moisturizer ,Mohali,2025-06-04,79,31.88,56,Clouds,moderate rain,4.99,None
P003,Moisturizer ,Bathinda,2025-06-04,52,32.32,79,Clouds,clear sky,6.4,None
P003,Moisturizer ,Malout,2025-06-04,76,23.82,57,Rain,moderate rain,1.81,None
P001,Soft Drink ,Bathinda,2025-06-04,149,32.32,79,Clouds,clear sky,6.4,None
P001,Soft Drink ,Malout,2025-06-04,133,23.82,57,Rain,moderate rain,1.81,None
P001,Soft Drink ,Rajpura,2025-06-04,176,23.86,66,Clouds,light rain,7.05,None
P001,Soft Drink ,Patiala,2025-06-04,151,33.95,55,Rain,clear sky,7.41,None
P001,Soft Drink ,Mohali,2025-06-04,225,31.88,56,Clouds,moderate rain,4.99,None
P002,Sweets ,Malout,2025-06-04,160,23.82,57,Rain,moderate rain,1.81,None
P002,Sweets ,Mohali,2025-06-04,117,31.88,56,Clouds,moderate rain,4.99,None
P002,Sweets ,Rajpura,2025-06-04,108,23.86,66,Clouds,light rain,7.05,None
P002,Sweets ,Patiala,2025-06-04,94,33.95,55,Rain,clear sky,7.41,None
P002,Sweets ,Bathinda,2025-06-04,105,32.32,79,Clouds,clear sky,6.4,None
P004,Pooja Articles,Mohali,2025-06-05,146,20.28,78,Clear,overcast clouds,4.28,None
P003,Moisturizer ,Patiala,2025-06-05,78,35.1,89,Rain,clear sky,7.04,None
P004,Pooja Articles,Bathinda,2025-06-05,148,21.65,75,Clear,overcast clouds,9.39,None
P004,Pooja Articles,Malout,2025-06-05,130,20.71,87,Rain,light rain,3.63,None
P004,Pooja Articles,Rajpura,2025-06-05,149,27.5,86,Rain,scattered clouds,3.74,None
P003,Moisturizer ,Rajpura,2025-06-05,69,27.5,86,Rain,scattered clouds,3.74,None
P005,Gift Hamper,Bathinda,2025-06-05,240,21.65,75,Clear,overcast clouds,9.39,None
P005,Gift Hamper,Malout,2025-06-05,234,20.71,87,Rain,light rain,3.63,None
P005,Gift Hamper,Mohali,2025-06-05,249,20.28,78,Clear,overcast clouds,4.28,None
P005,Gift Hamper,Rajpura,2025-06-05,149,27.5,86,Rain,scattered clouds,3.74,None
P004,Pooja Articles,Patiala,2025-06-05,174,35.1,89,Rain,clear sky,7.04,None
P003,Moisturizer ,Mohali,2025-06-05,43,20.28,78,Clear,overcast clouds,4.28,None
P005,Gift Hamper,Patiala,2025-06-05,182,35.1,89,Rain,clear sky,7.04,None
P003,Moisturizer ,Bathinda,2025-06-05,85,21.65,75,Clear,overcast clouds,9.39,None
P001,Soft Drink ,Bathinda,2025-06-05,204,21.65,75,Clear,overcast clouds,9.39,None
P001,Soft Drink ,Malout,2025-06-05,171,20.71,87,Rain,light rain,3.63,None
P001,Soft Drink ,Mohali,2025-06-05,178,20.28,78,Clear,overcast clouds,4.28,None
P001,Soft Drink ,Rajpura,2025-06-05,218,27.5,86,Rain,scattered clouds,3.74,None
P001,Soft Drink ,Patiala,2025-06-05,177,35.1,89,Rain,clear sky,7.04,None
P003,Moisturizer ,Malout,2025-06-05,73,20.71,87,Rain,light rain,3.63,None
P002,Sweets ,Malout,2025-06-05,116,20.71,87,Rain,light rain,3.63,None
P002,Sweets ,Mohali,2025-06-05,79,20.28,78,Clear,overcast clouds,4.28,None
P002,Sweets ,Rajpura,2025-06-05,96,27.5,86,Rain,scattered clouds,3.74,None
P002,Sweets ,Patiala,2025-06-05,109,35.1,89,Rain,clear sky,7.04,None
P002,Sweets ,Bathinda,2025-06-05,115,21.65,75,Clear,overcast clouds,9.39,None
P004,Pooja Articles,Bathinda,2025-06-06,156,29.64,86,Clear,overcast clouds,6.31,None
P004,Pooja Articles,Malout,2025-06-06,151,32.94,83,Clouds,overcast clouds,7.28,None
P004,Pooja Articles,Mohali,2025-06-06,130,34.56,61,Clear,moderate rain,1.56,None
P004,Pooja Articles,Rajpura,2025-06-06,139,28.91,51,Clouds,clear sky,5.56,None
P004,Pooja Articles,Patiala,2025-06-06,105,24.49,47,Clouds,clear sky,9.66,None
P005,Gift Hamper,Malout,2025-06-06,211,32.94,83,Clouds,overcast clouds,7.28,None
P005,Gift Hamper,Mohali,2025-06-06,221,34.56,61,Clear,moderate rain,1.56,None
P005,Gift Hamper,Rajpura,2025-06-06,181,28.91,51,Clouds,clear sky,5.56,None
P005,Gift Hamper,Patiala,2025-06-06,188,24.49,47,Clouds,clear sky,9.66,None
P003,Moisturizer ,Patiala,2025-06-06,82,24.49,47,Clouds,clear sky,9.66,None
P005,Gift Hamper,Bathinda,2025-06-06,257,29.64,86,Clear,overcast clouds,6.31,None
P003,Moisturizer ,Rajpura,2025-06-06,54,28.91,51,Clouds,clear sky,5.56,None
P001,Soft Drink ,Rajpura,2025-06-06,131,28.91,51,Clouds,clear sky,5.56,None
P003,Moisturizer ,Malout,2025-06-06,40,32.94,83,Clouds,overcast clouds,7.28,None
P001,Soft Drink ,Malout,2025-06-06,209,32.94,83,Clouds,overcast clouds,7.28,None
P001,Soft Drink ,Mohali,2025-06-06,175,34.56,61,Clear,moderate rain,1.56,None
P003,Moisturizer ,Mohali,2025-06-06,90,34.56,61,Clear,moderate rain,1.56,None
P001,Soft Drink ,Patiala,2025-06-06,189,24.49,47,Clouds,clear sky,9.66,None
P002,Sweets ,Bathinda,2025-06-06,130,29.64,86,Clear,overcast clouds,6.31,None
P001,Soft Drink ,Bathinda,2025-06-06,137,29.64,86,Clear,overcast clouds,6.31,None
P002,Sweets ,Mohali,2025-06-06,120,34.56,61,Clear,moderate rain,1.56,None
P002,Sweets ,Rajpura,2025-06-06,117,28.91,51,Clouds,clear sky,5.56,None
P002,Sweets ,Patiala,2025-06-06,138,24.49,47,Clouds,clear sky,9.66,None
P003,Moisturizer ,Bathinda,2025-06-06,107,29.64,86,Clear,overcast clouds,6.31,None
P002,Sweets ,Malout,2025-06-06,94,32.94,83,Clouds,overcast clouds,7.28,None
P003,Moisturizer ,Patiala,2025-06-07,57,21.29,72,Clouds,moderate rain,9.47,Bakrid
P004,Pooja Articles,Bathinda,2025-06-07,162,33.96,54,Rain,clear sky,4.96,Bakrid
P004,Pooja Articles,Malout,2025-06-07,149,39.3,51,Rain,overcast clouds,5.93,Bakrid
P004,Pooja Articles,Mohali,2025-06-07,109,35.22,40,Clear,light rain,1.49,Bakrid
P004,Pooja Articles,Rajpura,2025-06-07,119,20.55,79,Rain,moderate rain,3.21,Bakrid
P005,Gift Hamper,Bathinda,2025-06-07,211,33.96,54,Rain,clear sky,4.96,Bakrid
P005,Gift Hamper,Malout,2025-06-07,247,39.3,51,Rain,overcast clouds,5.93,Bakrid
P005,Gift Hamper,Mohali,2025-06-07,208,35.22,40,Clear,light rain,1.49,Bakrid
P005,Gift Hamper,Rajpura,2025-06-07,211,20.55,79,Rain,moderate rain,3.21,Bakrid
P003,Moisturizer ,Rajpura,2025-06-07,51,20.55,79,Rain,moderate rain,3.21,Bakrid
P004,Pooja Articles,Patiala,2025-06-07,114,21.29,72,Clouds,moderate rain,9.47,Bakrid
P003,Moisturizer ,Mohali,2025-06-07,0,35.22,40,Clear,light rain,1.49,Bakrid
P005,Gift Hamper,Patiala,2025-06-07,240,21.29,72,Clouds,moderate rain,9.47,Bakrid
P003,Moisturizer ,Bathinda,2025-06-07,100,33.96,54,Rain,clear sky,4.96,Bakrid
P001,Soft Drink ,Bathinda,2025-06-07,181,33.96,54,Rain,clear sky,4.96,Bakrid
P001,Soft Drink ,Malout,2025-06-07,113,39.3,51,Rain,overcast clouds,5.93,Bakrid
P001,Soft Drink ,Mohali,2025-06-07,194,35.22,40,Clear,light rain,1.49,Bakrid
P001,Soft Drink ,Rajpura,2025-06-07,167,20.55,79,Rain,moderate rain,3.21,Bakrid
P001,Soft Drink ,Patiala,2025-06-07,177,21.29,72,Clouds,moderate rain,9.47,Bakrid
P003,Moisturizer ,Malout,2025-06-07,38,39.3,51,Rain,overcast clouds,5.93,Bakrid
P002,Sweets ,Malout,2025-06-07,130,39.3,51,Rain,overcast clouds,5.93,Bakrid
P002,Sweets ,Mohali,2025-06-07,93,35.22,40,Clear,light rain,1.49,Bakrid
P002,Sweets ,Rajpura,2025-06-07,110,20.55,79,Rain,moderate rain,3.21,Bakrid
P002,Sweets ,Patiala,2025-06-07,162,21.29,72,Clouds,moderate rain,9.47,Bakrid
P002,Sweets ,Bathinda,2025-06-07,128,33.96,54,Rain,clear sky,4.96,Bakrid
P003,Moisturizer ,Patiala,2025-06-08,65,31.96,78,Clouds,light rain,4.38,None
P005,Gift Hamper,Rajpura,2025-06-08,214,39.19,58,Clouds,scattered clouds,2.93,None
P005,Gift Hamper,Mohali,2025-06-08,222,22.16,81,Rain,clear sky,6.07,None
P005,Gift Hamper,Malout,2025-06-08,219,25.58,47,Rain,light rain,4.33,None
P005,Gift Hamper,Bathinda,2025-06-08,192,33.52,68,Rain,clear sky,3.57,None
P004,Pooja Articles,Patiala,2025-06-08,198,31.96,78,Clouds,light rain,4.38,None
P004,Pooja Articles,Rajpura,2025-06-08,126,39.19,58,Clouds,scattered clouds,2.93,None
P004,Pooja Articles,Mohali,2025-06-08,154,22.16,81,Rain,clear sky,6.07,None
P004,Pooja Articles,Malout,2025-06-08,158,25.58,47,Rain,light rain,4.33,None
P004,Pooja Articles,Bathinda,2025-06-08,135,33.52,68,Rain,clear sky,3.57,None
P003,Moisturizer ,Rajpura,2025-06-08,47,39.19,58,Clouds,scattered clouds,2.93,None
P005,Gift Hamper,Patiala,2025-06-08,241,31.96,78,Clouds,light rain,4.38,None
P003,Moisturizer ,Mohali,2025-06-08,57,22.16,81,Rain,clear sky,6.07,None
P001,Soft Drink ,Bathinda,2025-06-08,163,33.52,68,Rain,clear sky,3.57,None
P001,Soft Drink ,Malout,2025-06-08,182,25.58,47,Rain,light rain,4.33,None
P001,Soft Drink ,Mohali,2025-06-08,178,22.16,81,Rain,clear sky,6.07,None
P001,Soft Drink ,Rajpura,2025-06-08,180,39.19,58,Clouds,scattered clouds,2.93,None
P001,Soft Drink ,Patiala,2025-06-08,147,31.96,78,Clouds,light rain,4.38,None
P003,Moisturizer ,Malout,2025-06-08,29,25.58,47,Rain,light rain,4.33,None
P002,Sweets ,Malout,2025-06-08,69,25.58,47,Rain,light rain,4.33,None
P002,Sweets ,Mohali,2025-06-08,164,22.16,81,Rain,clear sky,6.07,None
P002,Sweets ,Rajpura,2025-06-08,111,39.19,58,Clouds,scattered clouds,2.93,None
P002,Sweets ,Patiala,2025-06-08,150,31.96,78,Clouds,light rain,4.38,None
P003,Moisturizer ,Bathinda,2025-06-08,26,33.52,68,Rain,clear sky,3.57,None
P002,Sweets ,Bathinda,2025-06-08,115,33.52,68,Rain,clear sky,3.57,None
P003,Moisturizer ,Patiala,2025-06-09,60,31.61,72,Clouds,overcast clouds,9.16,None
P004,Pooja Articles,Bathinda,2025-06-09,134,38.78,78,Clear,clear sky,2.28,None
P004,Pooja Articles,Malout,2025-06-09,130,25.08,65,Clear,overcast clouds,2.7,None
P004,Pooja Articles,Mohali,2025-06-09,174,28.02,50,Rain,light rain,5.68,None
P004,Pooja Articles,Rajpura,2025-06-09,124,25.72,70,Rain,moderate rain,7.1,None
P005,Gift Hamper,Malout,2025-06-09,173,25.08,65,Clear,overcast clouds,2.7,None
P005,Gift Hamper,Bathinda,2025-06-09,228,38.78,78,Clear,clear sky,2.28,None
P005,Gift Hamper,Mohali,2025-06-09,241,28.02,50,Rain,light rain,5.68,None
P005,Gift Hamper,Rajpura,2025-06-09,253,25.72,70,Rain,moderate rain,7.1,None
P003,Moisturizer ,Rajpura,2025-06-09,31,25.72,70,Rain,moderate rain,7.1,None
P004,Pooja Articles,Patiala,2025-06-09,144,31.61,72,Clouds,overcast clouds,9.16,None
P005,Gift Hamper,Patiala,2025-06-09,207,31.61,72,Clouds,overcast clouds,9.16,None
P003,Moisturizer ,Malout,2025-06-09,46,25.08,65,Clear,overcast clouds,2.7,None
P003,Moisturizer ,Bathinda,2025-06-09,72,38.78,78,Clear,clear sky,2.28,None
P003,Moisturizer ,Mohali,2025-06-09,44,28.02,50,Rain,light rain,5.68,None
P001,Soft Drink ,Bathinda,2025-06-09,157,38.78,78,Clear,clear sky,2.28,None
P001,Soft Drink ,Malout,2025-06-09,158,25.08,65,Clear,overcast clouds,2.7,None
P001,Soft Drink ,Rajpura,2025-06-09,188,25.72,70,Rain,moderate rain,7.1,None
P001,Soft Drink ,Patiala,2025-06-09,129,31.61,72,Clouds,overcast clouds,9.16,None
P001,Soft Drink ,Mohali,2025-06-09,201,28.02,50,Rain,light rain,5.68,None
P002,Sweets ,Malout,2025-06-09,130,25.08,65,Clear,overcast clouds,2.7,None
P002,Sweets ,Mohali,2025-06-09,105,28.02,50,Rain,light rain,5.68,None
P002,Sweets ,Rajpura,2025-06-09,99,25.72,70,Rain,moderate rain,7.1,None
P002,Sweets ,Patiala,2025-06-09,140,31.61,72,Clouds,overcast clouds,9.16,None
P002,Sweets ,Bathinda,2025-06-09,109,38.78,78,Clear,clear sky,2.28,None
P004,Pooja Articles,Mohali,2025-06-10,139,24.0,65,Rain,moderate rain,1.11,None
P003,Moisturizer ,Patiala,2025-06-10,62,39.89,55,Clouds,moderate rain,6.94,None
P004,Pooja Articles,Bathinda,2025-06-10,156,23.6,48,Rain,light rain,5.7,None
P004,Pooja Articles,Malout,2025-06-10,184,26.43,46,Rain,moderate rain,8.81,None
P004,Pooja Articles,Rajpura,2025-06-10,162,23.58,84,Rain,overcast clouds,5.79,None
P003,Moisturizer ,Rajpura,2025-06-10,111,23.58,84,Rain,overcast clouds,5.79,None
P005,Gift Hamper,Bathinda,2025-06-10,235,23.6,48,Rain,light rain,5.7,None
P005,Gift Hamper,Malout,2025-06-10,261,26.43,46,Rain,moderate rain,8.81,None
P005,Gift Hamper,Mohali,2025-06-10,225,24.0,65,Rain,moderate rain,1.11,None
P005,Gift Hamper,Rajpura,2025-06-10,173,23.58,84,Rain,overcast clouds,5.79,None
P004,Pooja Articles,Patiala,2025-06-10,97,39.89,55,Clouds,moderate rain,6.94,None
P005,Gift Hamper,Patiala,2025-06-10,228,39.89,55,Clouds,moderate rain,6.94,None
P003,Moisturizer ,Mohali,2025-06-10,65,24.0,65,Rain,moderate rain,1.11,None
P003,Moisturizer ,Bathinda,2025-06-10,12,23.6,48,Rain,light rain,5.7,None
P001,Soft Drink ,Bathinda,2025-06-10,201,23.6,48,Rain,light rain,5.7,None
P001,Soft Drink ,Malout,2025-06-10,224,26.43,46,Rain,moderate rain,8.81,None
P001,Soft Drink ,Mohali,2025-06-10,185,24.0,65,Rain,moderate rain,1.11,None
P001,Soft Drink ,Rajpura,2025-06-10,210,23.58,84,Rain,overcast clouds,5.79,None
P001,Soft Drink ,Patiala,2025-06-10,149,39.89,55,Clouds,moderate rain,6.94,None
P003,Moisturizer ,Malout,2025-06-10,59,26.43,46,Rain,moderate rain,8.81,None
P002,Sweets ,Malout,2025-06-10,133,26.43,46,Rain,moderate rain,8.81,None
P002,Sweets ,Mohali,2025-06-10,65,24.0,65,Rain,moderate rain,1.11,None
P002,Sweets ,Rajpura,2025-06-10,102,23.58,84,Rain,overcast clouds,5.79,None
P002,Sweets ,Patiala,2025-06-10,88,39.89,55,Clouds,moderate rain,6.94,None
P002,Sweets ,Bathinda,2025-06-10,160,23.6,48,Rain,light rain,5.7,None
P004,Pooja Articles,Bathinda,2025-06-11,184,34.34,53,Rain,overcast clouds,7.07,None
P004,Pooja Articles,Malout,2025-06-11,172,22.02,42,Clouds,scattered clouds,7.37,None
P004,Pooja Articles,Mohali,2025-06-11,178,31.3,58,Clouds,light rain,3.77,None
P004,Pooja Articles,Rajpura,2025-06-11,160,29.96,70,Clouds,clear sky,4.88,None
P004,Pooja Articles,Patiala,2025-06-11,113,30.91,90,Clear,overcast clouds,9.58,None
P005,Gift Hamper,Malout,2025-06-11,215,22.02,42,Clouds,scattered clouds,7.37,None
P005,Gift Hamper,Mohali,2025-06-11,251,31.3,58,Clouds,light rain,3.77,None
P005,Gift Hamper,Rajpura,2025-06-11,183,29.96,70,Clouds,clear sky,4.88,None
P005,Gift Hamper,Patiala,2025-06-11,221,30.91,90,Clear,overcast clouds,9.58,None
P003,Moisturizer ,Patiala,2025-06-11,20,30.91,90,Clear,overcast clouds,9.58,None
P005,Gift Hamper,Bathinda,2025-06-11,239,34.34,53,Rain,overcast clouds,7.07,None
P003,Moisturizer ,Rajpura,2025-06-11,41,29.96,70,Clouds,clear sky,4.88,None
P003,Moisturizer ,Mohali,2025-06-11,59,31.3,58,Clouds,light rain,3.77,None
P003,Moisturizer ,Malout,2025-06-11,28,22.02,42,Clouds,scattered clouds,7.37,None
P001,Soft Drink ,Malout,2025-06-11,155,22.02,42,Clouds,scattered clouds,7.37,None
P001,Soft Drink ,Mohali,2025-06-11,149,31.3,58,Clouds,light rain,3.77,None
P001,Soft Drink ,Rajpura,2025-06-11,161,29.96,70,Clouds,clear sky,4.88,None
P001,Soft Drink ,Patiala,2025-06-11,179,30.91,90,Clear,overcast clouds,9.58,None
P002,Sweets ,Bathinda,2025-06-11,154,34.34,53,Rain,overcast clouds,7.07,None
P001,Soft Drink ,Bathinda,2025-06-11,160,34.34,53,Rain,overcast clouds,7.07,None
P002,Sweets ,Mohali,2025-06-11,143,31.3,58,Clouds,light rain,3.77,None
P002,Sweets ,Rajpura,2025-06-11,97,29.96,70,Clouds,clear sky,4.88,None
P002,Sweets ,Patiala,2025-06-11,115,30.91,90,Clear,overcast clouds,9.58,None
P003,Moisturizer ,Bathinda,2025-06-11,94,34.34,53,Rain,overcast clouds,7.07,None
P002,Sweets ,Malout,2025-06-11,122,22.02,42,Clouds,scattered clouds,7.37,None
P004,Pooja Articles,Bathinda,2025-06-12,143,35.15,83,Clear,clear sky,8.94,None
P004,Pooja Articles,Malout,2025-06-12,157,20.51,83,Clouds,overcast clouds,3.19,None
P004,Pooja Articles,Mohali,2025-06-12,152,25.0,85,Rain,overcast clouds,9.94,None
P004,Pooja Articles,Rajpura,2025-06-12,126,21.4,60,Clear,light rain,9.44,None
P004,Pooja Articles,Patiala,2025-06-12,117,25.1,53,Clouds,scattered clouds,2.25,None
P005,Gift Hamper,Malout,2025-06-12,218,20.51,83,Clouds,overcast clouds,3.19,None
P005,Gift Hamper,Mohali,2025-06-12,202,25.0,85,Rain,overcast clouds,9.94,None
P005,Gift Hamper,Rajpura,2025-06-12,193,21.4,60,Clear,light rain,9.44,None
P005,Gift Hamper,Patiala,2025-06-12,266,25.1,53,Clouds,scattered clouds,2.25,None
P003,Moisturizer ,Patiala,2025-06-12,70,25.1,53,Clouds,scattered clouds,2.25,None
P005,Gift Hamper,Bathinda,2025-06-12,232,35.15,83,Clear,clear sky,8.94,None
P003,Moisturizer ,Rajpura,2025-06-12,71,21.4,60,Clear,light rain,9.44,None
P003,Moisturizer ,Mohali,2025-06-12,53,25.0,85,Rain,overcast clouds,9.94,None
P003,Moisturizer ,Malout,2025-06-12,85,20.51,83,Clouds,overcast clouds,3.19,None
P001,Soft Drink ,Malout,2025-06-12,190,20.51,83,Clouds,overcast clouds,3.19,None
P001,Soft Drink ,Mohali,2025-06-12,183,25.0,85,Rain,overcast clouds,9.94,None
P001,Soft Drink ,Rajpura,2025-06-12,180,21.4,60,Clear,light rain,9.44,None
P001,Soft Drink ,Patiala,2025-06-12,187,25.1,53,Clouds,scattered clouds,2.25,None
P002,Sweets ,Bathinda,2025-06-12,110,35.15,83,Clear,clear sky,8.94,None
P001,Soft Drink ,Bathinda,2025-06-12,159,35.15,83,Clear,clear sky,8.94,None
P002,Sweets ,Mohali,2025-06-12,76,25.0,85,Rain,overcast clouds,9.94,None
P002,Sweets ,Rajpura,2025-06-12,96,21.4,60,Clear,light rain,9.44,None
P002,Sweets ,Patiala,2025-06-12,124,25.1,53,Clouds,scattered clouds,2.25,None
P003,Moisturizer ,Bathinda,2025-06-12,78,35.15,83,Clear,clear sky,8.94,None
P002,Sweets ,Malout,2025-06-12,108,20.51,83,Clouds,overcast clouds,3.19,None
P004,Pooja Articles,Bathinda,2025-06-13,133,36.11,54,Clear,light rain,6.01,None
P004,Pooja Articles,Malout,2025-06-13,123,33.97,66,Clouds,overcast clouds,1.8,None
P004,Pooja Articles,Mohali,2025-06-13,139,22.82,56,Clouds,scattered clouds,8.23,None
P004,Pooja Articles,Rajpura,2025-06-13,168,21.58,84,Clouds,overcast clouds,8.37,None
P004,Pooja Articles,Patiala,2025-06-13,180,26.16,52,Clear,moderate rain,5.08,None
P005,Gift Hamper,Malout,2025-06-13,233,33.97,66,Clouds,overcast clouds,1.8,None
P005,Gift Hamper,Mohali,2025-06-13,211,22.82,56,Clouds,scattered clouds,8.23,None
P005,Gift Hamper,Rajpura,2025-06-13,220,21.58,84,Clouds,overcast clouds,8.37,None
P005,Gift Hamper,Patiala,2025-06-13,218,26.16,52,Clear,moderate rain,5.08,None
P003,Moisturizer ,Patiala,2025-06-13,67,26.16,52,Clear,moderate rain,5.08,None
P005,Gift Hamper,Bathinda,2025-06-13,183,36.11,54,Clear,light rain,6.01,None
P003,Moisturizer ,Rajpura,2025-06-13,42,21.58,84,Clouds,overcast clouds,8.37,None
P003,Moisturizer ,Mohali,2025-06-13,42,22.82,56,Clouds,scattered clouds,8.23,None
P003,Moisturizer ,Malout,2025-06-13,103,33.97,66,Clouds,overcast clouds,1.8,None
P001,Soft Drink ,Malout,2025-06-13,158,33.97,66,Clouds,overcast clouds,1.8,None
P001,Soft Drink ,Mohali,2025-06-13,192,22.82,56,Clouds,scattered clouds,8.23,None
P001,Soft Drink ,Rajpura,2025-06-13,242,21.58,84,Clouds,overcast clouds,8.37,None
P001,Soft Drink ,Patiala,2025-06-13,187,26.16,52,Clear,moderate rain,5.08,None
P002,Sweets ,Bathinda,2025-06-13,92,36.11,54,Clear,light rain,6.01,None
P001,Soft Drink ,Bathinda,2025-06-13,165,36.11,54,Clear,light rain,6.01,None
P002,Sweets ,Mohali,2025-06-13,87,22.82,56,Clouds,scattered clouds,8.23,None
P002,Sweets ,Rajpura,2025-06-13,115,21.58,84,Clouds,overcast clouds,8.37,None
P002,Sweets ,Patiala,2025-06-13,118,26.16,52,Clear,moderate rain,5.08,None
P003,Moisturizer ,Bathinda,2025-06-13,72,36.11,54,Clear,light rain,6.01,None
P002,Sweets ,Malout,2025-06-13,123,33.97,66,Clouds,overcast clouds,1.8,None
P003,Moisturizer ,Patiala,2025-06-14,63,20.86,70,Clouds,clear sky,2.21,None
P004,Pooja Articles,Bathinda,2025-06-14,87,37.49,51,Clear,overcast clouds,2.79,None
P004,Pooja Articles,Malout,2025-06-14,177,39.68,49,Clouds,clear sky,1.03,None
P004,Pooja Articles,Mohali,2025-06-14,130,33.61,80,Rain,scattered clouds,2.45,None
P004,Pooja Articles,Rajpura,2025-06-14,161,33.46,60,Rain,overcast clouds,3.86,None
P005,Gift Hamper,Bathinda,2025-06-14,266,37.49,51,Clear,overcast clouds,2.79,None
P005,Gift Hamper,Malout,2025-06-14,228,39.68,49,Clouds,clear sky,1.03,None
P005,Gift Hamper,Mohali,2025-06-14,197,33.61,80,Rain,scattered clouds,2.45,None
P005,Gift Hamper,Rajpura,2025-06-14,224,33.46,60,Rain,overcast clouds,3.86,None
P003,Moisturizer ,Rajpura,2025-06-14,0,33.46,60,Rain,overcast clouds,3.86,None
P004,Pooja Articles,Patiala,2025-06-14,198,20.86,70,Clouds,clear sky,2.21,None
P003,Moisturizer ,Mohali,2025-06-14,55,33.61,80,Rain,scattered clouds,2.45,None
P005,Gift Hamper,Patiala,2025-06-14,217,20.86,70,Clouds,clear sky,2.21,None
P003,Moisturizer ,Bathinda,2025-06-14,27,37.49,51,Clear,overcast clouds,2.79,None
P001,Soft Drink ,Bathinda,2025-06-14,153,37.49,51,Clear,overcast clouds,2.79,None
P001,Soft Drink ,Malout,2025-06-14,157,39.68,49,Clouds,clear sky,1.03,None
P001,Soft Drink ,Mohali,2025-06-14,178,33.61,80,Rain,scattered clouds,2.45,None
P001,Soft Drink ,Rajpura,2025-06-14,205,33.46,60,Rain,overcast clouds,3.86,None
P001,Soft Drink ,Patiala,2025-06-14,152,20.86,70,Clouds,clear sky,2.21,None
P003,Moisturizer ,Malout,2025-06-14,45,39.68,49,Clouds,clear sky,1.03,None
P002,Sweets ,Malout,2025-06-14,136,39.68,49,Clouds,clear sky,1.03,None
P002,Sweets ,Mohali,2025-06-14,95,33.61,80,Rain,scattered clouds,2.45,None
P002,Sweets ,Rajpura,2025-06-14,166,33.46,60,Rain,overcast clouds,3.86,None
P002,Sweets ,Patiala,2025-06-14,135,20.86,70,Clouds,clear sky,2.21,None
P002,Sweets ,Bathinda,2025-06-14,111,37.49,51,Clear,overcast clouds,2.79,None
P004,Pooja Articles,Bathinda,2025-06-15,198,27.85,81,Rain,overcast clouds,7.14,Fathers' Day
P004,Pooja Articles,Malout,2025-06-15,101,21.13,60,Rain,moderate rain,9.45,Fathers' Day
P004,Pooja Articles,Mohali,2025-06-15,121,28.5,46,Rain,overcast clouds,8.5,Fathers' Day
P004,Pooja Articles,Rajpura,2025-06-15,137,25.96,73,Clear,light rain,8.71,Fathers' Day
P004,Pooja Articles,Patiala,2025-06-15,163,34.42,87,Clouds,light rain,7.48,Fathers' Day
P005,Gift Hamper,Malout,2025-06-15,235,21.13,60,Rain,moderate rain,9.45,Fathers' Day
P005,Gift Hamper,Mohali,2025-06-15,232,28.5,46,Rain,overcast clouds,8.5,Fathers' Day
P005,Gift Hamper,Rajpura,2025-06-15,175,25.96,73,Clear,light rain,8.71,Fathers' Day
P005,Gift Hamper,Patiala,2025-06-15,193,34.42,87,Clouds,light rain,7.48,Fathers' Day
P003,Moisturizer ,Patiala,2025-06-15,65,34.42,87,Clouds,light rain,7.48,Fathers' Day
P005,Gift Hamper,Bathinda,2025-06-15,198,27.85,81,Rain,overcast clouds,7.14,Fathers' Day
P003,Moisturizer ,Rajpura,2025-06-15,71,25.96,73,Clear,light rain,8.71,Fathers' Day
P003,Moisturizer ,Mohali,2025-06-15,77,28.5,46,Rain,overcast clouds,8.5,Fathers' Day
P003,Moisturizer ,Malout,2025-06-15,73,21.13,60,Rain,moderate rain,9.45,Fathers' Day
P001,Soft Drink ,Malout,2025-06-15,159,21.13,60,Rain,moderate rain,9.45,Fathers' Day
P001,Soft Drink ,Mohali,2025-06-15,159,28.5,46,Rain,overcast clouds,8.5,Fathers' Day
P001,Soft Drink ,Rajpura,2025-06-15,189,25.96,73,Clear,light rain,8.71,Fathers' Day
P001,Soft Drink ,Patiala,2025-06-15,131,34.42,87,Clouds,light rain,7.48,Fathers' Day
P002,Sweets ,Bathinda,2025-06-15,135,27.85,81,Rain,overcast clouds,7.14,Fathers' Day
P001,Soft Drink ,Bathinda,2025-06-15,173,27.85,81,Rain,overcast clouds,7.14,Fathers' Day
P002,Sweets ,Mohali,2025-06-15,171,28.5,46,Rain,overcast clouds,8.5,Fathers' Day
P002,Sweets ,Rajpura,2025-06-15,130,25.96,73,Clear,light rain,8.71,Fathers' Day
P002,Sweets ,Patiala,2025-06-15,107,34.42,87,Clouds,light rain,7.48,Fathers' Day
P003,Moisturizer ,Bathinda,2025-06-15,19,27.85,81,Rain,overcast clouds,7.14,Fathers' Day
P002,Sweets ,Malout,2025-06-15,63,21.13,60,Rain,moderate rain,9.45,Fathers' Day
P003,Moisturizer ,Patiala,2025-06-16,58,34.61,56,Rain,scattered clouds,3.49,None
P004,Pooja Articles,Bathinda,2025-06-16,116,33.84,66,Clouds,moderate rain,3.66,None
P004,Pooja Articles,Malout,2025-06-16,142,39.31,50,Clear,clear sky,7.6,None
P004,Pooja Articles,Mohali,2025-06-16,101,39.04,74,Clouds,light rain,3.93,None
P004,Pooja Articles,Rajpura,2025-06-16,135,33.55,41,Rain,clear sky,3.44,None
P005,Gift Hamper,Bathinda,2025-06-16,231,33.84,66,Clouds,moderate rain,3.66,None
P005,Gift Hamper,Malout,2025-06-16,191,39.31,50,Clear,clear sky,7.6,None
P005,Gift Hamper,Mohali,2025-06-16,230,39.04,74,Clouds,light rain,3.93,None
P005,Gift Hamper,Rajpura,2025-06-16,251,33.55,41,Rain,clear sky,3.44,None
P003,Moisturizer ,Rajpura,2025-06-16,53,33.55,41,Rain,clear sky,3.44,None
P004,Pooja Articles,Patiala,2025-06-16,134,34.61,56,Rain,scattered clouds,3.49,None
P003,Moisturizer ,Mohali,2025-06-16,3,39.04,74,Clouds,light rain,3.93,None
P005,Gift Hamper,Patiala,2025-06-16,212,34.61,56,Rain,scattered clouds,3.49,None
P003,Moisturizer ,Bathinda,2025-06-16,20,33.84,66,Clouds,moderate rain,3.66,None
P001,Soft Drink ,Bathinda,2025-06-16,186,33.84,66,Clouds,moderate rain,3.66,None
P001,Soft Drink ,Malout,2025-06-16,152,39.31,50,Clear,clear sky,7.6,None
P001,Soft Drink ,Mohali,2025-06-16,188,39.04,74,Clouds,light rain,3.93,None
P001,Soft Drink ,Rajpura,2025-06-16,147,33.55,41,Rain,clear sky,3.44,None
P001,Soft Drink ,Patiala,2025-06-16,177,34.61,56,Rain,scattered clouds,3.49,None
P003,Moisturizer ,Malout,2025-06-16,70,39.31,50,Clear,clear sky,7.6,None
P002,Sweets ,Malout,2025-06-16,89,39.31,50,Clear,clear sky,7.6,None
P002,Sweets ,Mohali,2025-06-16,109,39.04,74,Clouds,light rain,3.93,None
P002,Sweets ,Rajpura,2025-06-16,118,33.55,41,Rain,clear sky,3.44,None
P002,Sweets ,Patiala,2025-06-16,118,34.61,56,Rain,scattered clouds,3.49,None
P002,Sweets ,Bathinda,2025-06-16,126,33.84,66,Clouds,moderate rain,3.66,None
P003,Moisturizer ,Patiala,2025-06-17,38,30.83,40,Rain,light rain,8.86,None
P004,Pooja Articles,Bathinda,2025-06-17,135,39.75,84,Clouds,scattered clouds,3.61,None
P004,Pooja Articles,Malout,2025-06-17,164,21.91,48,Clear,scattered clouds,2.84,None
P004,Pooja Articles,Mohali,2025-06-17,168,23.71,85,Clouds,scattered clouds,1.28,None
P004,Pooja Articles,Rajpura,2025-06-17,192,37.62,50,Clear,scattered clouds,4.6,None
P005,Gift Hamper,Bathinda,2025-06-17,207,39.75,84,Clouds,scattered clouds,3.61,None
P005,Gift Hamper,Malout,2025-06-17,216,21.91,48,Clear,scattered clouds,2.84,None
P005,Gift Hamper,Mohali,2025-06-17,206,23.71,85,Clouds,scattered clouds,1.28,None
P005,Gift Hamper,Rajpura,2025-06-17,194,37.62,50,Clear,scattered clouds,4.6,None
P003,Moisturizer ,Rajpura,2025-06-17,16,37.62,50,Clear,scattered clouds,4.6,None
P004,Pooja Articles,Patiala,2025-06-17,180,30.83,40,Rain,light rain,8.86,None
P003,Moisturizer ,Mohali,2025-06-17,53,23.71,85,Clouds,scattered clouds,1.28,None
P005,Gift Hamper,Patiala,2025-06-17,212,30.83,40,Rain,light rain,8.86,None
P003,Moisturizer ,Bathinda,2025-06-17,27,39.75,84,Clouds,scattered clouds,3.61,None
P001,Soft Drink ,Bathinda,2025-06-17,178,39.75,84,Clouds,scattered clouds,3.61,None
P001,Soft Drink ,Malout,2025-06-17,162,21.91,48,Clear,scattered clouds,2.84,None
P001,Soft Drink ,Mohali,2025-06-17,235,23.71,85,Clouds,scattered clouds,1.28,None
P001,Soft Drink ,Rajpura,2025-06-17,156,37.62,50,Clear,scattered clouds,4.6,None
P001,Soft Drink ,Patiala,2025-06-17,166,30.83,40,Rain,light rain,8.86,None
P003,Moisturizer ,Malout,2025-06-17,57,21.91,48,Clear,scattered clouds,2.84,None
P002,Sweets ,Malout,2025-06-17,103,21.91,48,Clear,scattered clouds,2.84,None
P002,Sweets ,Mohali,2025-06-17,103,23.71,85,Clouds,scattered clouds,1.28,None
P002,Sweets ,Rajpura,2025-06-17,117,37.62,50,Clear,scattered clouds,4.6,None
P002,Sweets ,Patiala,2025-06-17,146,30.83,40,Rain,light rain,8.86,None
P002,Sweets ,Bathinda,2025-06-17,95,39.75,84,Clouds,scattered clouds,3.61,None
P003,Moisturizer ,Patiala,2025-06-18,61,39.65,85,Clear,light rain,6.05,None
P004,Pooja Articles,Bathinda,2025-06-18,162,37.63,43,Clear,overcast clouds,7.49,None
P004,Pooja Articles,Malout,2025-06-18,134,21.38,71,Rain,scattered clouds,4.11,None
P004,Pooja Articles,Mohali,2025-06-18,157,29.78,88,Rain,scattered clouds,8.44,None
P004,Pooja Articles,Rajpura,2025-06-18,170,28.87,60,Clear,scattered clouds,1.7,None
P005,Gift Hamper,Bathinda,2025-06-18,170,37.63,43,Clear,overcast clouds,7.49,None
P005,Gift Hamper,Malout,2025-06-18,209,21.38,71,Rain,scattered clouds,4.11,None
P005,Gift Hamper,Mohali,2025-06-18,186,29.78,88,Rain,scattered clouds,8.44,None
P005,Gift Hamper,Rajpura,2025-06-18,225,28.87,60,Clear,scattered clouds,1.7,None
P003,Moisturizer ,Rajpura,2025-06-18,133,28.87,60,Clear,scattered clouds,1.7,None
P004,Pooja Articles,Patiala,2025-06-18,136,39.65,85,Clear,light rain,6.05,None
P005,Gift Hamper,Patiala,2025-06-18,283,39.65,85,Clear,light rain,6.05,None
P003,Moisturizer ,Mohali,2025-06-18,89,29.78,88,Rain,scattered clouds,8.44,None
P003,Moisturizer ,Bathinda,2025-06-18,68,37.63,43,Clear,overcast clouds,7.49,None
P003,Moisturizer ,Malout,2025-06-18,47,21.38,71,Rain,scattered clouds,4.11,None
P001,Soft Drink ,Bathinda,2025-06-18,170,37.63,43,Clear,overcast clouds,7.49,None
P001,Soft Drink ,Malout,2025-06-18,237,21.38,71,Rain,scattered clouds,4.11,None
P001,Soft Drink ,Rajpura,2025-06-18,156,28.87,60,Clear,scattered clouds,1.7,None
P001,Soft Drink ,Patiala,2025-06-18,170,39.65,85,Clear,light rain,6.05,None
P001,Soft Drink ,Mohali,2025-06-18,175,29.78,88,Rain,scattered clouds,8.44,None
P002,Sweets ,Malout,2025-06-18,123,21.38,71,Rain,scattered clouds,4.11,None
P002,Sweets ,Mohali,2025-06-18,134,29.78,88,Rain,scattered clouds,8.44,None
P002,Sweets ,Rajpura,2025-06-18,128,28.87,60,Clear,scattered clouds,1.7,None
P002,Sweets ,Patiala,2025-06-18,123,39.65,85,Clear,light rain,6.05,None
P002,Sweets ,Bathinda,2025-06-18,140,37.63,43,Clear,overcast clouds,7.49,None
P004,Pooja Articles,Mohali,2025-06-19,108,37.13,77,Rain,clear sky,2.36,None
P003,Moisturizer ,Patiala,2025-06-19,52,37.96,88,Clouds,overcast clouds,5.88,None
P004,Pooja Articles,Bathinda,2025-06-19,125,37.49,65,Rain,moderate rain,3.39,None
P004,Pooja Articles,Malout,2025-06-19,171,36.73,65,Rain,clear sky,3.72,None
P004,Pooja Articles,Rajpura,2025-06-19,179,38.99,76,Rain,overcast clouds,5.32,None
P003,Moisturizer ,Rajpura,2025-06-19,39,38.99,76,Rain,overcast clouds,5.32,None
P005,Gift Hamper,Bathinda,2025-06-19,255,37.49,65,Rain,moderate rain,3.39,None
P005,Gift Hamper,Malout,2025-06-19,215,36.73,65,Rain,clear sky,3.72,None
P005,Gift Hamper,Mohali,2025-06-19,184,37.13,77,Rain,clear sky,2.36,None
P005,Gift Hamper,Rajpura,2025-06-19,214,38.99,76,Rain,overcast clouds,5.32,None
P004,Pooja Articles,Patiala,2025-06-19,136,37.96,88,Clouds,overcast clouds,5.88,None
P003,Moisturizer ,Mohali,2025-06-19,92,37.13,77,Rain,clear sky,2.36,None
P005,Gift Hamper,Patiala,2025-06-19,211,37.96,88,Clouds,overcast clouds,5.88,None
P003,Moisturizer ,Bathinda,2025-06-19,68,37.49,65,Rain,moderate rain,3.39,None
P001,Soft Drink ,Bathinda,2025-06-19,201,37.49,65,Rain,moderate rain,3.39,None
P001,Soft Drink ,Malout,2025-06-19,170,36.73,65,Rain,clear sky,3.72,None
P001,Soft Drink ,Mohali,2025-06-19,222,37.13,77,Rain,clear sky,2.36,None
P001,Soft Drink ,Rajpura,2025-06-19,162,38.99,76,Rain,overcast clouds,5.32,None
P001,Soft Drink ,Patiala,2025-06-19,203,37.96,88,Clouds,overcast clouds,5.88,None
P003,Moisturizer ,Malout,2025-06-19,33,36.73,65,Rain,clear sky,3.72,None
P002,Sweets ,Malout,2025-06-19,152,36.73,65,Rain,clear sky,3.72,None
P002,Sweets ,Mohali,2025-06-19,125,37.13,77,Rain,clear sky,2.36,None
P002,Sweets ,Rajpura,2025-06-19,119,38.99,76,Rain,overcast clouds,5.32,None
P002,Sweets ,Patiala,2025-06-19,121,37.96,88,Clouds,overcast clouds,5.88,None
P002,Sweets ,Bathinda,2025-06-19,85,37.49,65,Rain,moderate rain,3.39,None
P003,Moisturizer ,Patiala,2025-06-20,79,24.96,73,Clouds,clear sky,5.25,None
P004,Pooja Articles,Malout,2025-06-20,176,30.83,84,Clear,light rain,8.41,None
P004,Pooja Articles,Mohali,2025-06-20,133,34.29,53,Clouds,clear sky,5.44,None
P004,Pooja Articles,Rajpura,2025-06-20,114,28.13,42,Rain,clear sky,4.47,None
P004,Pooja Articles,Patiala,2025-06-20,150,24.96,73,Clouds,clear sky,5.25,None
P005,Gift Hamper,Malout,2025-06-20,221,30.83,84,Clear,light rain,8.41,None
P003,Moisturizer ,Rajpura,2025-06-20,31,28.13,42,Rain,clear sky,4.47,None
P005,Gift Hamper,Mohali,2025-06-20,180,34.29,53,Clouds,clear sky,5.44,None
P005,Gift Hamper,Rajpura,2025-06-20,228,28.13,42,Rain,clear sky,4.47,None
P005,Gift Hamper,Patiala,2025-06-20,237,24.96,73,Clouds,clear sky,5.25,None
P005,Gift Hamper,Bathinda,2025-06-20,220,24.51,63,Clear,light rain,2.74,None
P003,Moisturizer ,Mohali,2025-06-20,55,34.29,53,Clouds,clear sky,5.44,None
P004,Pooja Articles,Bathinda,2025-06-20,144,24.51,63,Clear,light rain,2.74,None
P003,Moisturizer ,Bathinda,2025-06-20,109,24.51,63,Clear,light rain,2.74,None
P003,Moisturizer ,Malout,2025-06-20,32,30.83,84,Clear,light rain,8.41,None
P001,Soft Drink ,Malout,2025-06-20,175,30.83,84,Clear,light rain,8.41,None
P001,Soft Drink ,Mohali,2025-06-20,170,34.29,53,Clouds,clear sky,5.44,None
P001,Soft Drink ,Rajpura,2025-06-20,158,28.13,42,Rain,clear sky,4.47,None
P001,Soft Drink ,Patiala,2025-06-20,156,24.96,73,Clouds,clear sky,5.25,None
P001,Soft Drink ,Bathinda,2025-06-20,171,24.51,63,Clear,light rain,2.74,None
P002,Sweets ,Malout,2025-06-20,142,30.83,84,Clear,light rain,8.41,None
P002,Sweets ,Mohali,2025-06-20,96,34.29,53,Clouds,clear sky,5.44,None
P002,Sweets ,Rajpura,2025-06-20,119,28.13,42,Rain,clear sky,4.47,None
P002,Sweets ,Patiala,2025-06-20,113,24.96,73,Clouds,clear sky,5.25,None
P002,Sweets ,Bathinda,2025-06-20,130,24.51,63,Clear,light rain,2.74,None
P004,Pooja Articles,Bathinda,2025-06-21,137,21.86,54,Clouds,clear sky,5.96,None
P004,Pooja Articles,Malout,2025-06-21,110,22.36,80,Rain,moderate rain,4.33,None
P004,Pooja Articles,Mohali,2025-06-21,166,36.4,79,Rain,overcast clouds,8.05,None
P004,Pooja Articles,Rajpura,2025-06-21,123,22.39,82,Rain,scattered clouds,4.15,None
P004,Pooja Articles,Patiala,2025-06-21,197,29.26,59,Clear,overcast clouds,9.74,None
P005,Gift Hamper,Malout,2025-06-21,202,22.36,80,Rain,moderate rain,4.33,None
P005,Gift Hamper,Mohali,2025-06-21,281,36.4,79,Rain,overcast clouds,8.05,None
P005,Gift Hamper,Rajpura,2025-06-21,248,22.39,82,Rain,scattered clouds,4.15,None
P005,Gift Hamper,Patiala,2025-06-21,165,29.26,59,Clear,overcast clouds,9.74,None
P003,Moisturizer ,Patiala,2025-06-21,46,29.26,59,Clear,overcast clouds,9.74,None
P005,Gift Hamper,Bathinda,2025-06-21,245,21.86,54,Clouds,clear sky,5.96,None
P003,Moisturizer ,Rajpura,2025-06-21,37,22.39,82,Rain,scattered clouds,4.15,None
P001,Soft Drink ,Rajpura,2025-06-21,196,22.39,82,Rain,scattered clouds,4.15,None
P003,Moisturizer ,Malout,2025-06-21,74,22.36,80,Rain,moderate rain,4.33,None
P003,Moisturizer ,Mohali,2025-06-21,77,36.4,79,Rain,overcast clouds,8.05,None
P001,Soft Drink ,Malout,2025-06-21,161,22.36,80,Rain,moderate rain,4.33,None
P001,Soft Drink ,Mohali,2025-06-21,189,36.4,79,Rain,overcast clouds,8.05,None
P001,Soft Drink ,Patiala,2025-06-21,177,29.26,59,Clear,overcast clouds,9.74,None
P002,Sweets ,Bathinda,2025-06-21,131,21.86,54,Clouds,clear sky,5.96,None
P001,Soft Drink ,Bathinda,2025-06-21,154,21.86,54,Clouds,clear sky,5.96,None
P002,Sweets ,Mohali,2025-06-21,120,36.4,79,Rain,overcast clouds,8.05,None
P002,Sweets ,Rajpura,2025-06-21,137,22.39,82,Rain,scattered clouds,4.15,None
P002,Sweets ,Patiala,2025-06-21,88,29.26,59,Clear,overcast clouds,9.74,None
P003,Moisturizer ,Bathinda,2025-06-21,66,21.86,54,Clouds,clear sky,5.96,None
P002,Sweets ,Malout,2025-06-21,146,22.36,80,Rain,moderate rain,4.33,None
P004,Pooja Articles,Bathinda,2025-06-22,182,35.52,70,Clear,overcast clouds,6.93,None
P004,Pooja Articles,Malout,2025-06-22,155,27.19,60,Clear,clear sky,3.96,None
P004,Pooja Articles,Mohali,2025-06-22,159,38.69,49,Clear,overcast clouds,6.4,None
P004,Pooja Articles,Rajpura,2025-06-22,101,20.79,47,Clouds,overcast clouds,9.82,None
P004,Pooja Articles,Patiala,2025-06-22,132,26.04,64,Clear,scattered clouds,7.52,None
P005,Gift Hamper,Malout,2025-06-22,212,27.19,60,Clear,clear sky,3.96,None
P005,Gift Hamper,Mohali,2025-06-22,227,38.69,49,Clear,overcast clouds,6.4,None
P005,Gift Hamper,Rajpura,2025-06-22,202,20.79,47,Clouds,overcast clouds,9.82,None
P005,Gift Hamper,Patiala,2025-06-22,206,26.04,64,Clear,scattered clouds,7.52,None
P003,Moisturizer ,Patiala,2025-06-22,104,26.04,64,Clear,scattered clouds,7.52,None
P005,Gift Hamper,Bathinda,2025-06-22,197,35.52,70,Clear,overcast clouds,6.93,None
P003,Moisturizer ,Rajpura,2025-06-22,57,20.79,47,Clouds,overcast clouds,9.82,None
P001,Soft Drink ,Rajpura,2025-06-22,149,20.79,47,Clouds,overcast clouds,9.82,None
P003,Moisturizer ,Malout,2025-06-22,75,27.19,60,Clear,clear sky,3.96,None
P001,Soft Drink ,Malout,2025-06-22,154,27.19,60,Clear,clear sky,3.96,None
P001,Soft Drink ,Mohali,2025-06-22,157,38.69,49,Clear,overcast clouds,6.4,None
P001,Soft Drink ,Patiala,2025-06-22,207,26.04,64,Clear,scattered clouds,7.52,None
P002,Sweets ,Bathinda,2025-06-22,113,35.52,70,Clear,overcast clouds,6.93,None
P001,Soft Drink ,Bathinda,2025-06-22,201,35.52,70,Clear,overcast clouds,6.93,None
P002,Sweets ,Mohali,2025-06-22,105,38.69,49,Clear,overcast clouds,6.4,None
P002,Sweets ,Malout,2025-06-22,132,27.19,60,Clear,clear sky,3.96,None
P003,Moisturizer ,Bathinda,2025-06-22,44,35.52,70,Clear,overcast clouds,6.93,None
P003,Moisturizer ,Mohali,2025-06-22,80,38.69,49,Clear,overcast clouds,6.4,None
P002,Sweets ,Rajpura,2025-06-22,100,20.79,47,Clouds,overcast clouds,9.82,None
P002,Sweets ,Patiala,2025-06-22,150,26.04,64,Clear,scattered clouds,7.52,None
P005,Gift Hamper,Patiala,2025-06-23,234,26.98,84,Clouds,clear sky,6.66,None
P003,Moisturizer ,Rajpura,2025-06-23,46,29.3,64,Clouds,light rain,6.84,None
P005,Gift Hamper,Rajpura,2025-06-23,233,29.3,64,Clouds,light rain,6.84,None
P005,Gift Hamper,Mohali,2025-06-23,179,32.74,67,Rain,scattered clouds,5.44,None
P005,Gift Hamper,Bathinda,2025-06-23,215,29.92,81,Clouds,light rain,6.59,None
P004,Pooja Articles,Patiala,2025-06-23,179,26.98,84,Clouds,clear sky,6.66,None
P004,Pooja Articles,Rajpura,2025-06-23,176,29.3,64,Clouds,light rain,6.84,None
P004,Pooja Articles,Mohali,2025-06-23,175,32.74,67,Rain,scattered clouds,5.44,None
P004,Pooja Articles,Malout,2025-06-23,125,25.07,40,Rain,scattered clouds,4.22,None
P004,Pooja Articles,Bathinda,2025-06-23,134,29.92,81,Clouds,light rain,6.59,None
P003,Moisturizer ,Patiala,2025-06-23,28,26.98,84,Clouds,clear sky,6.66,None
P005,Gift Hamper,Malout,2025-06-23,212,25.07,40,Rain,scattered clouds,4.22,None
P003,Moisturizer ,Mohali,2025-06-23,75,32.74,67,Rain,scattered clouds,5.44,None
P003,Moisturizer ,Bathinda,2025-06-23,60,29.92,81,Clouds,light rain,6.59,None
P003,Moisturizer ,Malout,2025-06-23,43,25.07,40,Rain,scattered clouds,4.22,None
P001,Soft Drink ,Bathinda,2025-06-23,186,29.92,81,Clouds,light rain,6.59,None
P001,Soft Drink ,Malout,2025-06-23,176,25.07,40,Rain,scattered clouds,4.22,None
P001,Soft Drink ,Rajpura,2025-06-23,177,29.3,64,Clouds,light rain,6.84,None
P001,Soft Drink ,Patiala,2025-06-23,120,26.98,84,Clouds,clear sky,6.66,None
P001,Soft Drink ,Mohali,2025-06-23,136,32.74,67,Rain,scattered clouds,5.44,None
P002,Sweets ,Malout,2025-06-23,117,25.07,40,Rain,scattered clouds,4.22,None
P002,Sweets ,Mohali,2025-06-23,127,32.74,67,Rain,scattered clouds,5.44,None
P002,Sweets ,Rajpura,2025-06-23,102,29.3,64,Clouds,light rain,6.84,None
P002,Sweets ,Patiala,2025-06-23,193,26.98,84,Clouds,clear sky,6.66,None
P002,Sweets ,Bathinda,2025-06-23,77,29.92,81,Clouds,light rain,6.59,None
P004,Pooja Articles,Rajpura,2025-06-24,119,21.98,40,Rain,scattered clouds,9.24,None
P004,Pooja Articles,Bathinda,2025-06-24,167,31.81,53,Clouds,overcast clouds,6.11,None
P004,Pooja Articles,Malout,2025-06-24,170,34.27,44,Clear,light rain,8.4,None
P004,Pooja Articles,Mohali,2025-06-24,191,30.12,62,Rain,moderate rain,1.3,None
P004,Pooja Articles,Patiala,2025-06-24,155,32.61,49,Clouds,light rain,9.02,None
P003,Moisturizer ,Patiala,2025-06-24,44,32.61,49,Clouds,light rain,9.02,None
P005,Gift Hamper,Malout,2025-06-24,254,34.27,44,Clear,light rain,8.4,None
P005,Gift Hamper,Mohali,2025-06-24,214,30.12,62,Rain,moderate rain,1.3,None
P005,Gift Hamper,Rajpura,2025-06-24,235,21.98,40,Rain,scattered clouds,9.24,None
P005,Gift Hamper,Patiala,2025-06-24,230,32.61,49,Clouds,light rain,9.02,None
P005,Gift Hamper,Bathinda,2025-06-24,244,31.81,53,Clouds,overcast clouds,6.11,None
P003,Moisturizer ,Rajpura,2025-06-24,22,21.98,40,Rain,scattered clouds,9.24,None
P001,Soft Drink ,Mohali,2025-06-24,224,30.12,62,Rain,moderate rain,1.3,None
P003,Moisturizer ,Malout,2025-06-24,138,34.27,44,Clear,light rain,8.4,None
P001,Soft Drink ,Bathinda,2025-06-24,192,31.81,53,Clouds,overcast clouds,6.11,None
P001,Soft Drink ,Malout,2025-06-24,156,34.27,44,Clear,light rain,8.4,None
P001,Soft Drink ,Rajpura,2025-06-24,266,21.98,40,Rain,scattered clouds,9.24,None
P001,Soft Drink ,Patiala,2025-06-24,184,32.61,49,Clouds,light rain,9.02,None
P002,Sweets ,Bathinda,2025-06-24,126,31.81,53,Clouds,overcast clouds,6.11,None
P003,Moisturizer ,Mohali,2025-06-24,57,30.12,62,Rain,moderate rain,1.3,None
P002,Sweets ,Mohali,2025-06-24,110,30.12,62,Rain,moderate rain,1.3,None
P002,Sweets ,Rajpura,2025-06-24,138,21.98,40,Rain,scattered clouds,9.24,None
P002,Sweets ,Patiala,2025-06-24,88,32.61,49,Clouds,light rain,9.02,None
P003,Moisturizer ,Bathinda,2025-06-24,55,31.81,53,Clouds,overcast clouds,6.11,None
P002,Sweets ,Malout,2025-06-24,131,34.27,44,Clear,light rain,8.4,None
P005,Gift Hamper,Patiala,2025-06-25,184,24.46,49,Clear,scattered clouds,6.84,None
P005,Gift Hamper,Rajpura,2025-06-25,189,26.54,41,Clear,light rain,7.39,None
P005,Gift Hamper,Mohali,2025-06-25,225,21.48,55,Rain,clear sky,8.96,None
P005,Gift Hamper,Malout,2025-06-25,210,30.12,50,Rain,scattered clouds,8.24,None
P005,Gift Hamper,Bathinda,2025-06-25,174,39.81,43,Clear,moderate rain,7.55,None
P004,Pooja Articles,Patiala,2025-06-25,181,24.46,49,Clear,scattered clouds,6.84,None
P004,Pooja Articles,Rajpura,2025-06-25,171,26.54,41,Clear,light rain,7.39,None
P004,Pooja Articles,Mohali,2025-06-25,159,21.48,55,Rain,clear sky,8.96,None
P004,Pooja Articles,Malout,2025-06-25,148,30.12,50,Rain,scattered clouds,8.24,None
P003,Moisturizer ,Patiala,2025-06-25,35,24.46,49,Clear,scattered clouds,6.84,None
P003,Moisturizer ,Rajpura,2025-06-25,34,26.54,41,Clear,light rain,7.39,None
P004,Pooja Articles,Bathinda,2025-06-25,130,39.81,43,Clear,moderate rain,7.55,None
P003,Moisturizer ,Mohali,2025-06-25,22,21.48,55,Rain,clear sky,8.96,None
P003,Moisturizer ,Malout,2025-06-25,86,30.12,50,Rain,scattered clouds,8.24,None
P001,Soft Drink ,Bathinda,2025-06-25,217,39.81,43,Clear,moderate rain,7.55,None
P001,Soft Drink ,Malout,2025-06-25,203,30.12,50,Rain,scattered clouds,8.24,None
P001,Soft Drink ,Mohali,2025-06-25,162,21.48,55,Rain,clear sky,8.96,None
P001,Soft Drink ,Patiala,2025-06-25,183,24.46,49,Clear,scattered clouds,6.84,None
P001,Soft Drink ,Rajpura,2025-06-25,221,26.54,41,Clear,light rain,7.39,None
P002,Sweets ,Malout,2025-06-25,72,30.12,50,Rain,scattered clouds,8.24,None
P002,Sweets ,Mohali,2025-06-25,109,21.48,55,Rain,clear sky,8.96,None
P002,Sweets ,Rajpura,2025-06-25,95,26.54,41,Clear,light rain,7.39,None
P002,Sweets ,Patiala,2025-06-25,171,24.46,49,Clear,scattered clouds,6.84,None
P003,Moisturizer ,Bathinda,2025-06-25,0,39.81,43,Clear,moderate rain,7.55,None
P002,Sweets ,Bathinda,2025-06-25,144,39.81,43,Clear,moderate rain,7.55,None
P004,Pooja Articles,Mohali,2025-06-26,182,31.66,48,Rain,scattered clouds,8.71,None
P003,Moisturizer ,Patiala,2025-06-26,50,26.43,46,Rain,clear sky,9.38,None
P004,Pooja Articles,Bathinda,2025-06-26,136,37.61,83,Clouds,clear sky,6.67,None
P004,Pooja Articles,Malout,2025-06-26,138,26.77,60,Clouds,moderate rain,2.71,None
P004,Pooja Articles,Rajpura,2025-06-26,160,38.78,61,Clear,overcast clouds,3.21,None
P003,Moisturizer ,Rajpura,2025-06-26,41,38.78,61,Clear,overcast clouds,3.21,None
P005,Gift Hamper,Bathinda,2025-06-26,264,37.61,83,Clouds,clear sky,6.67,None
P005,Gift Hamper,Malout,2025-06-26,259,26.77,60,Clouds,moderate rain,2.71,None
P005,Gift Hamper,Mohali,2025-06-26,224,31.66,48,Rain,scattered clouds,8.71,None
P005,Gift Hamper,Rajpura,2025-06-26,234,38.78,61,Clear,overcast clouds,3.21,None
P004,Pooja Articles,Patiala,2025-06-26,135,26.43,46,Rain,clear sky,9.38,None
P005,Gift Hamper,Patiala,2025-06-26,210,26.43,46,Rain,clear sky,9.38,None
P003,Moisturizer ,Malout,2025-06-26,58,26.77,60,Clouds,moderate rain,2.71,None
P003,Moisturizer ,Bathinda,2025-06-26,34,37.61,83,Clouds,clear sky,6.67,None
P001,Soft Drink ,Bathinda,2025-06-26,246,37.61,83,Clouds,clear sky,6.67,None
P001,Soft Drink ,Malout,2025-06-26,181,26.77,60,Clouds,moderate rain,2.71,None
P001,Soft Drink ,Mohali,2025-06-26,172,31.66,48,Rain,scattered clouds,8.71,None
P001,Soft Drink ,Rajpura,2025-06-26,188,38.78,61,Clear,overcast clouds,3.21,None
P001,Soft Drink ,Patiala,2025-06-26,162,26.43,46,Rain,clear sky,9.38,None
P003,Moisturizer ,Mohali,2025-06-26,71,31.66,48,Rain,scattered clouds,8.71,None
P002,Sweets ,Malout,2025-06-26,116,26.77,60,Clouds,moderate rain,2.71,None
P002,Sweets ,Mohali,2025-06-26,171,31.66,48,Rain,scattered clouds,8.71,None
P002,Sweets ,Rajpura,2025-06-26,149,38.78,61,Clear,overcast clouds,3.21,None
P002,Sweets ,Patiala,2025-06-26,148,26.43,46,Rain,clear sky,9.38,None
P002,Sweets ,Bathinda,2025-06-26,119,37.61,83,Clouds,clear sky,6.67,None
P003,Moisturizer ,Patiala,2025-06-27,40,38.19,79,Clouds,light rain,4.52,Rath Yatra
P004,Pooja Articles,Bathinda,2025-06-27,152,30.76,82,Rain,clear sky,4.74,Rath Yatra
P004,Pooja Articles,Malout,2025-06-27,185,35.2,87,Clouds,light rain,5.53,Rath Yatra
P004,Pooja Articles,Mohali,2025-06-27,144,31.46,41,Rain,clear sky,6.59,Rath Yatra
P004,Pooja Articles,Rajpura,2025-06-27,155,32.58,64,Rain,clear sky,9.46,Rath Yatra
P005,Gift Hamper,Bathinda,2025-06-27,251,30.76,82,Rain,clear sky,4.74,Rath Yatra
P005,Gift Hamper,Malout,2025-06-27,256,35.2,87,Clouds,light rain,5.53,Rath Yatra
P005,Gift Hamper,Mohali,2025-06-27,254,31.46,41,Rain,clear sky,6.59,Rath Yatra
P005,Gift Hamper,Rajpura,2025-06-27,219,32.58,64,Rain,clear sky,9.46,Rath Yatra
P003,Moisturizer ,Rajpura,2025-06-27,53,32.58,64,Rain,clear sky,9.46,Rath Yatra
P004,Pooja Articles,Patiala,2025-06-27,116,38.19,79,Clouds,light rain,4.52,Rath Yatra
P005,Gift Hamper,Patiala,2025-06-27,221,38.19,79,Clouds,light rain,4.52,Rath Yatra
P003,Moisturizer ,Malout,2025-06-27,52,35.2,87,Clouds,light rain,5.53,Rath Yatra
P003,Moisturizer ,Bathinda,2025-06-27,44,30.76,82,Rain,clear sky,4.74,Rath Yatra
P002,Sweets ,Patiala,2025-06-27,106,38.19,79,Clouds,light rain,4.52,Rath Yatra
P002,Sweets ,Rajpura,2025-06-27,145,32.58,64,Rain,clear sky,9.46,Rath Yatra
P002,Sweets ,Mohali,2025-06-27,128,31.46,41,Rain,clear sky,6.59,Rath Yatra
P002,Sweets ,Malout,2025-06-27,116,35.2,87,Clouds,light rain,5.53,Rath Yatra
P002,Sweets ,Bathinda,2025-06-27,84,30.76,82,Rain,clear sky,4.74,Rath Yatra
P001,Soft Drink ,Patiala,2025-06-27,185,38.19,79,Clouds,light rain,4.52,Rath Yatra
P001,Soft Drink ,Rajpura,2025-06-27,219,32.58,64,Rain,clear sky,9.46,Rath Yatra
P001,Soft Drink ,Mohali,2025-06-27,176,31.46,41,Rain,clear sky,6.59,Rath Yatra
P001,Soft Drink ,Malout,2025-06-27,193,35.2,87,Clouds,light rain,5.53,Rath Yatra
P001,Soft Drink ,Bathinda,2025-06-27,168,30.76,82,Rain,clear sky,4.74,Rath Yatra
P003,Moisturizer ,Mohali,2025-06-27,38,31.46,41,Rain,clear sky,6.59,Rath Yatra
P005,Gift Hamper,Patiala,2025-06-28,209,30.8,72,Clouds,overcast clouds,3.34,None
P004,Pooja Articles,Malout,2025-06-28,137,22.0,46,Clouds,moderate rain,6.39,None
P004,Pooja Articles,Mohali,2025-06-28,201,25.2,81,Rain,scattered clouds,4.88,None
P004,Pooja Articles,Rajpura,2025-06-28,128,21.62,71,Clouds,clear sky,2.54,None
P003,Moisturizer ,Patiala,2025-06-28,115,30.8,72,Clouds,overcast clouds,3.34,None
P005,Gift Hamper,Bathinda,2025-06-28,275,25.45,60,Rain,clear sky,9.85,None
P005,Gift Hamper,Malout,2025-06-28,184,22.0,46,Clouds,moderate rain,6.39,None
P005,Gift Hamper,Mohali,2025-06-28,248,25.2,81,Rain,scattered clouds,4.88,None
P005,Gift Hamper,Rajpura,2025-06-28,243,21.62,71,Clouds,clear sky,2.54,None
P004,Pooja Articles,Patiala,2025-06-28,142,30.8,72,Clouds,overcast clouds,3.34,None
P003,Moisturizer ,Rajpura,2025-06-28,58,21.62,71,Clouds,clear sky,2.54,None
P004,Pooja Articles,Bathinda,2025-06-28,111,25.45,60,Rain,clear sky,9.85,None
P003,Moisturizer ,Mohali,2025-06-28,85,25.2,81,Rain,scattered clouds,4.88,None
P001,Soft Drink ,Bathinda,2025-06-28,201,25.45,60,Rain,clear sky,9.85,None
P001,Soft Drink ,Malout,2025-06-28,166,22.0,46,Clouds,moderate rain,6.39,None
P001,Soft Drink ,Mohali,2025-06-28,182,25.2,81,Rain,scattered clouds,4.88,None
P001,Soft Drink ,Rajpura,2025-06-28,231,21.62,71,Clouds,clear sky,2.54,None
P001,Soft Drink ,Patiala,2025-06-28,148,30.8,72,Clouds,overcast clouds,3.34,None
P003,Moisturizer ,Malout,2025-06-28,71,22.0,46,Clouds,moderate rain,6.39,None
P002,Sweets ,Malout,2025-06-28,147,22.0,46,Clouds,moderate rain,6.39,None
P002,Sweets ,Mohali,2025-06-28,98,25.2,81,Rain,scattered clouds,4.88,None
P002,Sweets ,Rajpura,2025-06-28,164,21.62,71,Clouds,clear sky,2.54,None
P002,Sweets ,Patiala,2025-06-28,166,30.8,72,Clouds,overcast clouds,3.34,None
P003,Moisturizer ,Bathinda,2025-06-28,25,25.45,60,Rain,clear sky,9.85,None
P002,Sweets ,Bathinda,2025-06-28,134,25.45,60,Rain,clear sky,9.85,None
P004,Pooja Articles,Bathinda,2025-06-29,103,23.49,87,Clear,overcast clouds,7.32,None
P004,Pooja Articles,Malout,2025-06-29,143,31.49,86,Clouds,light rain,9.08,None
P004,Pooja Articles,Mohali,2025-06-29,184,20.87,81,Rain,overcast clouds,2.14,None
P004,Pooja Articles,Rajpura,2025-06-29,140,26.79,64,Rain,moderate rain,3.1,None
P004,Pooja Articles,Patiala,2025-06-29,176,27.7,43,Rain,overcast clouds,5.83,None
P005,Gift Hamper,Mohali,2025-06-29,195,20.87,81,Rain,overcast clouds,2.14,None
P005,Gift Hamper,Malout,2025-06-29,181,31.49,86,Clouds,light rain,9.08,None
P005,Gift Hamper,Rajpura,2025-06-29,259,26.79,64,Rain,moderate rain,3.1,None
P005,Gift Hamper,Patiala,2025-06-29,224,27.7,43,Rain,overcast clouds,5.83,None
P003,Moisturizer ,Patiala,2025-06-29,136,27.7,43,Rain,overcast clouds,5.83,None
P005,Gift Hamper,Bathinda,2025-06-29,220,23.49,87,Clear,overcast clouds,7.32,None
P003,Moisturizer ,Rajpura,2025-06-29,76,26.79,64,Rain,moderate rain,3.1,None
P003,Moisturizer ,Malout,2025-06-29,55,31.49,86,Clouds,light rain,9.08,None
P001,Soft Drink ,Bathinda,2025-06-29,128,23.49,87,Clear,overcast clouds,7.32,None
P003,Moisturizer ,Mohali,2025-06-29,60,20.87,81,Rain,overcast clouds,2.14,None
P001,Soft Drink ,Malout,2025-06-29,197,31.49,86,Clouds,light rain,9.08,None
P001,Soft Drink ,Mohali,2025-06-29,190,20.87,81,Rain,overcast clouds,2.14,None
P001,Soft Drink ,Patiala,2025-06-29,199,27.7,43,Rain,overcast clouds,5.83,None
P002,Sweets ,Bathinda,2025-06-29,77,23.49,87,Clear,overcast clouds,7.32,None
P001,Soft Drink ,Rajpura,2025-06-29,166,26.79,64,Rain,moderate rain,3.1,None
P002,Sweets ,Mohali,2025-06-29,130,20.87,81,Rain,overcast clouds,2.14,None
P002,Sweets ,Rajpura,2025-06-29,142,26.79,64,Rain,moderate rain,3.1,None
P002,Sweets ,Patiala,2025-06-29,102,27.7,43,Rain,overcast clouds,5.83,None
P003,Moisturizer ,Bathinda,2025-06-29,33,23.49,87,Clear,overcast clouds,7.32,None
P002,Sweets ,Malout,2025-06-29,140,31.49,86,Clouds,light rain,9.08,None
P004,Pooja Articles,Rajpura,2025-06-30,184,32.98,86,Clouds,scattered clouds,2.5,None
P004,Pooja Articles,Bathinda,2025-06-30,163,29.46,52,Clear,overcast clouds,2.14,None
P004,Pooja Articles,Malout,2025-06-30,184,22.39,60,Clouds,clear sky,7.4,None
P004,Pooja Articles,Mohali,2025-06-30,177,21.74,44,Clear,clear sky,4.31,None
P004,Pooja Articles,Patiala,2025-06-30,152,27.22,81,Clouds,scattered clouds,6.76,None
P003,Moisturizer ,Patiala,2025-06-30,72,27.22,81,Clouds,scattered clouds,6.76,None
P005,Gift Hamper,Malout,2025-06-30,194,22.39,60,Clouds,clear sky,7.4,None
P005,Gift Hamper,Mohali,2025-06-30,227,21.74,44,Clear,clear sky,4.31,None
P005,Gift Hamper,Rajpura,2025-06-30,199,32.98,86,Clouds,scattered clouds,2.5,None
P005,Gift Hamper,Patiala,2025-06-30,222,27.22,81,Clouds,scattered clouds,6.76,None
P005,Gift Hamper,Bathinda,2025-06-30,214,29.46,52,Clear,overcast clouds,2.14,None
P003,Moisturizer ,Rajpura,2025-06-30,109,32.98,86,Clouds,scattered clouds,2.5,None
P003,Moisturizer ,Malout,2025-06-30,65,22.39,60,Clouds,clear sky,7.4,None
P003,Moisturizer ,Mohali,2025-06-30,78,21.74,44,Clear,clear sky,4.31,None
P001,Soft Drink ,Bathinda,2025-06-30,194,29.46,52,Clear,overcast clouds,2.14,None
P001,Soft Drink ,Malout,2025-06-30,146,22.39,60,Clouds,clear sky,7.4,None
P001,Soft Drink ,Mohali,2025-06-30,163,21.74,44,Clear,clear sky,4.31,None
P001,Soft Drink ,Patiala,2025-06-30,169,27.22,81,Clouds,scattered clouds,6.76,None
P002,Sweets ,Bathinda,2025-06-30,148,29.46,52,Clear,overcast clouds,2.14,None
P001,Soft Drink ,Rajpura,2025-06-30,149,32.98,86,Clouds,scattered clouds,2.5,None
P002,Sweets ,Mohali,2025-06-30,146,21.74,44,Clear,clear sky,4.31,None
P002,Sweets ,Rajpura,2025-06-30,140,32.98,86,Clouds,scattered clouds,2.5,None
P002,Sweets ,Patiala,2025-06-30,112,27.22,81,Clouds,scattered clouds,6.76,None
P003,Moisturizer ,Bathinda,2025-06-30,32,29.46,52,Clear,overcast clouds,2.14,None
P002,Sweets ,Malout,2025-06-30,197,22.39,60,Clouds,clear sky,7.4,None
P004,Pooja Articles,Mohali,2025-07-01,200,39.18,51,Rain,light rain,8.48,None
P003,Moisturizer ,Patiala,2025-07-01,28,33.09,90,Clouds,moderate rain,4.19,None
P004,Pooja Articles,Bathinda,2025-07-01,172,20.2,43,Rain,overcast clouds,9.5,None
P004,Pooja Articles,Malout,2025-07-01,156,23.26,60,Clear,light rain,6.86,None
P004,Pooja Articles,Rajpura,2025-07-01,131,35.93,73,Clear,light rain,4.1,None
P003,Moisturizer ,Mohali,2025-07-01,46,39.18,51,Rain,light rain,8.48,None
P005,Gift Hamper,Bathinda,2025-07-01,229,20.2,43,Rain,overcast clouds,9.5,None
P005,Gift Hamper,Malout,2025-07-01,224,23.26,60,Clear,light rain,6.86,None
P005,Gift Hamper,Mohali,2025-07-01,176,39.18,51,Rain,light rain,8.48,None
P005,Gift Hamper,Rajpura,2025-07-01,260,35.93,73,Clear,light rain,4.1,None
P003,Moisturizer ,Rajpura,2025-07-01,27,35.93,73,Clear,light rain,4.1,None
P004,Pooja Articles,Patiala,2025-07-01,178,33.09,90,Clouds,moderate rain,4.19,None
P005,Gift Hamper,Patiala,2025-07-01,173,33.09,90,Clouds,moderate rain,4.19,None
P002,Sweets ,Rajpura,2025-07-01,137,35.93,73,Clear,light rain,4.1,None
P003,Moisturizer ,Bathinda,2025-07-01,37,20.2,43,Rain,overcast clouds,9.5,None
P002,Sweets ,Patiala,2025-07-01,129,33.09,90,Clouds,moderate rain,4.19,None
P002,Sweets ,Mohali,2025-07-01,121,39.18,51,Rain,light rain,8.48,None
P002,Sweets ,Malout,2025-07-01,116,23.26,60,Clear,light rain,6.86,None
P002,Sweets ,Bathinda,2025-07-01,136,20.2,43,Rain,overcast clouds,9.5,None
P001,Soft Drink ,Patiala,2025-07-01,265,33.09,90,Clouds,moderate rain,4.19,None
P001,Soft Drink ,Rajpura,2025-07-01,240,35.93,73,Clear,light rain,4.1,None
P001,Soft Drink ,Mohali,2025-07-01,274,39.18,51,Rain,light rain,8.48,None
P001,Soft Drink ,Malout,2025-07-01,250,23.26,60,Clear,light rain,6.86,None
P001,Soft Drink ,Bathinda,2025-07-01,268,20.2,43,Rain,overcast clouds,9.5,None
P003,Moisturizer ,Malout,2025-07-01,88,23.26,60,Clear,light rain,6.86,None
P004,Pooja Articles,Mohali,2025-07-02,144,33.8,60,Clouds,clear sky,9.04,None
P003,Moisturizer ,Patiala,2025-07-02,41,25.79,74,Clear,clear sky,8.07,None
P004,Pooja Articles,Bathinda,2025-07-02,162,32.75,83,Clouds,light rain,5.22,None
P004,Pooja Articles,Malout,2025-07-02,198,28.59,59,Clear,light rain,8.76,None
P004,Pooja Articles,Rajpura,2025-07-02,215,22.71,52,Rain,moderate rain,9.49,None
P003,Moisturizer ,Rajpura,2025-07-02,29,22.71,52,Rain,moderate rain,9.49,None
P005,Gift Hamper,Bathinda,2025-07-02,227,32.75,83,Clouds,light rain,5.22,None
P005,Gift Hamper,Malout,2025-07-02,194,28.59,59,Clear,light rain,8.76,None
P005,Gift Hamper,Mohali,2025-07-02,282,33.8,60,Clouds,clear sky,9.04,None
P005,Gift Hamper,Rajpura,2025-07-02,210,22.71,52,Rain,moderate rain,9.49,None
P004,Pooja Articles,Patiala,2025-07-02,231,25.79,74,Clear,clear sky,8.07,None
P003,Moisturizer ,Mohali,2025-07-02,33,33.8,60,Clouds,clear sky,9.04,None
P005,Gift Hamper,Patiala,2025-07-02,186,25.79,74,Clear,clear sky,8.07,None
P003,Moisturizer ,Bathinda,2025-07-02,65,32.75,83,Clouds,light rain,5.22,None
P001,Soft Drink ,Bathinda,2025-07-02,278,32.75,83,Clouds,light rain,5.22,None
P001,Soft Drink ,Malout,2025-07-02,273,28.59,59,Clear,light rain,8.76,None
P001,Soft Drink ,Mohali,2025-07-02,232,33.8,60,Clouds,clear sky,9.04,None
P001,Soft Drink ,Rajpura,2025-07-02,257,22.71,52,Rain,moderate rain,9.49,None
P001,Soft Drink ,Patiala,2025-07-02,276,25.79,74,Clear,clear sky,8.07,None
P003,Moisturizer ,Malout,2025-07-02,114,28.59,59,Clear,light rain,8.76,None
P002,Sweets ,Malout,2025-07-02,131,28.59,59,Clear,light rain,8.76,None
P002,Sweets ,Mohali,2025-07-02,108,33.8,60,Clouds,clear sky,9.04,None
P002,Sweets ,Rajpura,2025-07-02,150,22.71,52,Rain,moderate rain,9.49,None
P002,Sweets ,Patiala,2025-07-02,90,25.79,74,Clear,clear sky,8.07,None
P002,Sweets ,Bathinda,2025-07-02,144,32.75,83,Clouds,light rain,5.22,None
P004,Pooja Articles,Bathinda,2025-07-03,203,25.03,65,Rain,moderate rain,8.15,None
P004,Pooja Articles,Malout,2025-07-03,184,31.76,47,Clouds,light rain,7.56,None
P004,Pooja Articles,Mohali,2025-07-03,170,21.19,62,Clear,clear sky,3.91,None
P004,Pooja Articles,Rajpura,2025-07-03,208,32.49,43,Rain,scattered clouds,1.93,None
P004,Pooja Articles,Patiala,2025-07-03,194,24.62,60,Clear,overcast clouds,3.36,None
P005,Gift Hamper,Malout,2025-07-03,221,31.76,47,Clouds,light rain,7.56,None
P005,Gift Hamper,Mohali,2025-07-03,230,21.19,62,Clear,clear sky,3.91,None
P005,Gift Hamper,Rajpura,2025-07-03,245,32.49,43,Rain,scattered clouds,1.93,None
P005,Gift Hamper,Patiala,2025-07-03,216,24.62,60,Clear,overcast clouds,3.36,None
P003,Moisturizer ,Patiala,2025-07-03,30,24.62,60,Clear,overcast clouds,3.36,None
P005,Gift Hamper,Bathinda,2025-07-03,215,25.03,65,Rain,moderate rain,8.15,None
P003,Moisturizer ,Rajpura,2025-07-03,86,32.49,43,Rain,scattered clouds,1.93,None
P003,Moisturizer ,Mohali,2025-07-03,36,21.19,62,Clear,clear sky,3.91,None
P003,Moisturizer ,Malout,2025-07-03,106,31.76,47,Clouds,light rain,7.56,None
P001,Soft Drink ,Malout,2025-07-03,247,31.76,47,Clouds,light rain,7.56,None
P001,Soft Drink ,Mohali,2025-07-03,242,21.19,62,Clear,clear sky,3.91,None
P001,Soft Drink ,Rajpura,2025-07-03,258,32.49,43,Rain,scattered clouds,1.93,None
P001,Soft Drink ,Patiala,2025-07-03,252,24.62,60,Clear,overcast clouds,3.36,None
P002,Sweets ,Bathinda,2025-07-03,107,25.03,65,Rain,moderate rain,8.15,None
P001,Soft Drink ,Bathinda,2025-07-03,246,25.03,65,Rain,moderate rain,8.15,None
P002,Sweets ,Mohali,2025-07-03,117,21.19,62,Clear,clear sky,3.91,None
P002,Sweets ,Rajpura,2025-07-03,115,32.49,43,Rain,scattered clouds,1.93,None
P002,Sweets ,Patiala,2025-07-03,126,24.62,60,Clear,overcast clouds,3.36,None
P003,Moisturizer ,Bathinda,2025-07-03,88,25.03,65,Rain,moderate rain,8.15,None
P002,Sweets ,Malout,2025-07-03,152,31.76,47,Clouds,light rain,7.56,None
P003,Moisturizer ,Patiala,2025-07-04,89,37.68,75,Rain,moderate rain,4.8,None
P004,Pooja Articles,Bathinda,2025-07-04,146,38.23,59,Clear,light rain,4.38,None
P004,Pooja Articles,Malout,2025-07-04,179,31.63,79,Clouds,overcast clouds,7.11,None
P004,Pooja Articles,Mohali,2025-07-04,188,39.93,63,Clear,clear sky,4.75,None
P004,Pooja Articles,Rajpura,2025-07-04,190,31.69,73,Clouds,scattered clouds,5.45,None
P005,Gift Hamper,Bathinda,2025-07-04,219,38.23,59,Clear,light rain,4.38,None
P005,Gift Hamper,Malout,2025-07-04,233,31.63,79,Clouds,overcast clouds,7.11,None
P005,Gift Hamper,Mohali,2025-07-04,228,39.93,63,Clear,clear sky,4.75,None
P005,Gift Hamper,Rajpura,2025-07-04,229,31.69,73,Clouds,scattered clouds,5.45,None
P003,Moisturizer ,Rajpura,2025-07-04,75,31.69,73,Clouds,scattered clouds,5.45,None
P004,Pooja Articles,Patiala,2025-07-04,159,37.68,75,Rain,moderate rain,4.8,None
P003,Moisturizer ,Mohali,2025-07-04,52,39.93,63,Clear,clear sky,4.75,None
P005,Gift Hamper,Patiala,2025-07-04,222,37.68,75,Rain,moderate rain,4.8,None
P003,Moisturizer ,Bathinda,2025-07-04,55,38.23,59,Clear,light rain,4.38,None
P001,Soft Drink ,Bathinda,2025-07-04,301,38.23,59,Clear,light rain,4.38,None
P001,Soft Drink ,Malout,2025-07-04,268,31.63,79,Clouds,overcast clouds,7.11,None
P001,Soft Drink ,Mohali,2025-07-04,266,39.93,63,Clear,clear sky,4.75,None
P001,Soft Drink ,Rajpura,2025-07-04,247,31.69,73,Clouds,scattered clouds,5.45,None
P001,Soft Drink ,Patiala,2025-07-04,232,37.68,75,Rain,moderate rain,4.8,None
P003,Moisturizer ,Malout,2025-07-04,65,31.63,79,Clouds,overcast clouds,7.11,None
P002,Sweets ,Malout,2025-07-04,138,31.63,79,Clouds,overcast clouds,7.11,None
P002,Sweets ,Mohali,2025-07-04,139,39.93,63,Clear,clear sky,4.75,None
P002,Sweets ,Rajpura,2025-07-04,164,31.69,73,Clouds,scattered clouds,5.45,None
P002,Sweets ,Patiala,2025-07-04,127,37.68,75,Rain,moderate rain,4.8,None
P002,Sweets ,Bathinda,2025-07-04,154,38.23,59,Clear,light rain,4.38,None
P003,Moisturizer ,Patiala,2025-07-05,76,22.65,44,Rain,overcast clouds,1.64,None
P004,Pooja Articles,Bathinda,2025-07-05,153,37.6,58,Rain,moderate rain,1.38,None
P004,Pooja Articles,Malout,2025-07-05,197,25.59,54,Clouds,scattered clouds,7.58,None
P004,Pooja Articles,Mohali,2025-07-05,190,22.55,50,Rain,light rain,8.17,None
P004,Pooja Articles,Rajpura,2025-07-05,209,29.79,42,Clear,clear sky,6.76,None
P005,Gift Hamper,Bathinda,2025-07-05,222,37.6,58,Rain,moderate rain,1.38,None
P005,Gift Hamper,Malout,2025-07-05,216,25.59,54,Clouds,scattered clouds,7.58,None
P005,Gift Hamper,Mohali,2025-07-05,256,22.55,50,Rain,light rain,8.17,None
P005,Gift Hamper,Rajpura,2025-07-05,204,29.79,42,Clear,clear sky,6.76,None
P003,Moisturizer ,Rajpura,2025-07-05,29,29.79,42,Clear,clear sky,6.76,None
P004,Pooja Articles,Patiala,2025-07-05,150,22.65,44,Rain,overcast clouds,1.64,None
P003,Moisturizer ,Mohali,2025-07-05,25,22.55,50,Rain,light rain,8.17,None
P005,Gift Hamper,Patiala,2025-07-05,235,22.65,44,Rain,overcast clouds,1.64,None
P003,Moisturizer ,Bathinda,2025-07-05,69,37.6,58,Rain,moderate rain,1.38,None
P001,Soft Drink ,Bathinda,2025-07-05,240,37.6,58,Rain,moderate rain,1.38,None
P001,Soft Drink ,Malout,2025-07-05,246,25.59,54,Clouds,scattered clouds,7.58,None
P001,Soft Drink ,Mohali,2025-07-05,262,22.55,50,Rain,light rain,8.17,None
P001,Soft Drink ,Rajpura,2025-07-05,234,29.79,42,Clear,clear sky,6.76,None
P001,Soft Drink ,Patiala,2025-07-05,255,22.65,44,Rain,overcast clouds,1.64,None
P003,Moisturizer ,Malout,2025-07-05,43,25.59,54,Clouds,scattered clouds,7.58,None
P002,Sweets ,Malout,2025-07-05,136,25.59,54,Clouds,scattered clouds,7.58,None
P002,Sweets ,Mohali,2025-07-05,144,22.55,50,Rain,light rain,8.17,None
P002,Sweets ,Rajpura,2025-07-05,114,29.79,42,Clear,clear sky,6.76,None
P002,Sweets ,Patiala,2025-07-05,101,22.65,44,Rain,overcast clouds,1.64,None
P002,Sweets ,Bathinda,2025-07-05,147,37.6,58,Rain,moderate rain,1.38,None
P003,Moisturizer ,Patiala,2025-07-06,57,29.77,50,Clear,light rain,1.93,Muharram/Ashura
P004,Pooja Articles,Bathinda,2025-07-06,186,21.22,58,Clear,scattered clouds,5.26,Muharram/Ashura
P004,Pooja Articles,Malout,2025-07-06,171,27.22,61,Clear,moderate rain,5.32,Muharram/Ashura
P004,Pooja Articles,Mohali,2025-07-06,168,25.48,43,Clear,light rain,2.71,Muharram/Ashura
P004,Pooja Articles,Rajpura,2025-07-06,153,36.66,53,Rain,light rain,5.04,Muharram/Ashura
P005,Gift Hamper,Bathinda,2025-07-06,249,21.22,58,Clear,scattered clouds,5.26,Muharram/Ashura
P005,Gift Hamper,Malout,2025-07-06,215,27.22,61,Clear,moderate rain,5.32,Muharram/Ashura
P005,Gift Hamper,Mohali,2025-07-06,251,25.48,43,Clear,light rain,2.71,Muharram/Ashura
P005,Gift Hamper,Rajpura,2025-07-06,221,36.66,53,Rain,light rain,5.04,Muharram/Ashura
P003,Moisturizer ,Rajpura,2025-07-06,26,36.66,53,Rain,light rain,5.04,Muharram/Ashura
P004,Pooja Articles,Patiala,2025-07-06,193,29.77,50,Clear,light rain,1.93,Muharram/Ashura
P005,Gift Hamper,Patiala,2025-07-06,174,29.77,50,Clear,light rain,1.93,Muharram/Ashura
P003,Moisturizer ,Mohali,2025-07-06,105,25.48,43,Clear,light rain,2.71,Muharram/Ashura
P003,Moisturizer ,Bathinda,2025-07-06,35,21.22,58,Clear,scattered clouds,5.26,Muharram/Ashura
P003,Moisturizer ,Malout,2025-07-06,100,27.22,61,Clear,moderate rain,5.32,Muharram/Ashura
P001,Soft Drink ,Bathinda,2025-07-06,226,21.22,58,Clear,scattered clouds,5.26,Muharram/Ashura
P001,Soft Drink ,Malout,2025-07-06,256,27.22,61,Clear,moderate rain,5.32,Muharram/Ashura
P001,Soft Drink ,Rajpura,2025-07-06,261,36.66,53,Rain,light rain,5.04,Muharram/Ashura
P001,Soft Drink ,Patiala,2025-07-06,262,29.77,50,Clear,light rain,1.93,Muharram/Ashura
P001,Soft Drink ,Mohali,2025-07-06,245,25.48,43,Clear,light rain,2.71,Muharram/Ashura
P002,Sweets ,Malout,2025-07-06,136,27.22,61,Clear,moderate rain,5.32,Muharram/Ashura
P002,Sweets ,Mohali,2025-07-06,97,25.48,43,Clear,light rain,2.71,Muharram/Ashura
P002,Sweets ,Rajpura,2025-07-06,121,36.66,53,Rain,light rain,5.04,Muharram/Ashura
P002,Sweets ,Patiala,2025-07-06,79,29.77,50,Clear,light rain,1.93,Muharram/Ashura
P002,Sweets ,Bathinda,2025-07-06,87,21.22,58,Clear,scattered clouds,5.26,Muharram/Ashura
P004,Pooja Articles,Mohali,2025-07-07,159,38.31,40,Clear,clear sky,8.74,None
P003,Moisturizer ,Patiala,2025-07-07,55,38.36,75,Rain,light rain,1.22,None
P004,Pooja Articles,Bathinda,2025-07-07,219,35.81,84,Clear,scattered clouds,1.55,None
P004,Pooja Articles,Malout,2025-07-07,192,32.03,76,Clouds,scattered clouds,9.26,None
P004,Pooja Articles,Rajpura,2025-07-07,202,36.62,56,Clear,clear sky,4.52,None
P005,Gift Hamper,Patiala,2025-07-07,229,38.36,75,Rain,light rain,1.22,None
P005,Gift Hamper,Bathinda,2025-07-07,251,35.81,84,Clear,scattered clouds,1.55,None
P005,Gift Hamper,Malout,2025-07-07,187,32.03,76,Clouds,scattered clouds,9.26,None
P005,Gift Hamper,Mohali,2025-07-07,226,38.31,40,Clear,clear sky,8.74,None
P005,Gift Hamper,Rajpura,2025-07-07,242,36.62,56,Clear,clear sky,4.52,None
P004,Pooja Articles,Patiala,2025-07-07,185,38.36,75,Rain,light rain,1.22,None
P003,Moisturizer ,Rajpura,2025-07-07,59,36.62,56,Clear,clear sky,4.52,None
P003,Moisturizer ,Mohali,2025-07-07,74,38.31,40,Clear,clear sky,8.74,None
P003,Moisturizer ,Bathinda,2025-07-07,63,35.81,84,Clear,scattered clouds,1.55,None
P001,Soft Drink ,Bathinda,2025-07-07,246,35.81,84,Clear,scattered clouds,1.55,None
P001,Soft Drink ,Malout,2025-07-07,266,32.03,76,Clouds,scattered clouds,9.26,None
P001,Soft Drink ,Mohali,2025-07-07,229,38.31,40,Clear,clear sky,8.74,None
P001,Soft Drink ,Rajpura,2025-07-07,262,36.62,56,Clear,clear sky,4.52,None
P001,Soft Drink ,Patiala,2025-07-07,236,38.36,75,Rain,light rain,1.22,None
P003,Moisturizer ,Malout,2025-07-07,38,32.03,76,Clouds,scattered clouds,9.26,None
P002,Sweets ,Malout,2025-07-07,136,32.03,76,Clouds,scattered clouds,9.26,None
P002,Sweets ,Mohali,2025-07-07,147,38.31,40,Clear,clear sky,8.74,None
P002,Sweets ,Rajpura,2025-07-07,133,36.62,56,Clear,clear sky,4.52,None
P002,Sweets ,Patiala,2025-07-07,143,38.36,75,Rain,light rain,1.22,None
P002,Sweets ,Bathinda,2025-07-07,77,35.81,84,Clear,scattered clouds,1.55,None
P003,Moisturizer ,Patiala,2025-07-08,50,33.86,80,Rain,light rain,6.69,None
P004,Pooja Articles,Malout,2025-07-08,144,28.01,48,Rain,overcast clouds,6.77,None
P004,Pooja Articles,Mohali,2025-07-08,198,26.78,56,Clear,clear sky,6.7,None
P004,Pooja Articles,Rajpura,2025-07-08,226,26.82,67,Clear,light rain,2.08,None
P004,Pooja Articles,Patiala,2025-07-08,178,33.86,80,Rain,light rain,6.69,None
P005,Gift Hamper,Malout,2025-07-08,223,28.01,48,Rain,overcast clouds,6.77,None
P003,Moisturizer ,Rajpura,2025-07-08,51,26.82,67,Clear,light rain,2.08,None
P005,Gift Hamper,Mohali,2025-07-08,161,26.78,56,Clear,clear sky,6.7,None
P005,Gift Hamper,Rajpura,2025-07-08,205,26.82,67,Clear,light rain,2.08,None
P005,Gift Hamper,Patiala,2025-07-08,163,33.86,80,Rain,light rain,6.69,None
P005,Gift Hamper,Bathinda,2025-07-08,197,20.72,72,Clear,clear sky,3.14,None
P003,Moisturizer ,Mohali,2025-07-08,77,26.78,56,Clear,clear sky,6.7,None
P004,Pooja Articles,Bathinda,2025-07-08,195,20.72,72,Clear,clear sky,3.14,None
P003,Moisturizer ,Bathinda,2025-07-08,56,20.72,72,Clear,clear sky,3.14,None
P003,Moisturizer ,Malout,2025-07-08,80,28.01,48,Rain,overcast clouds,6.77,None
P001,Soft Drink ,Malout,2025-07-08,288,28.01,48,Rain,overcast clouds,6.77,None
P001,Soft Drink ,Mohali,2025-07-08,232,26.78,56,Clear,clear sky,6.7,None
P001,Soft Drink ,Rajpura,2025-07-08,282,26.82,67,Clear,light rain,2.08,None
P001,Soft Drink ,Patiala,2025-07-08,270,33.86,80,Rain,light rain,6.69,None
P001,Soft Drink ,Bathinda,2025-07-08,215,20.72,72,Clear,clear sky,3.14,None
P002,Sweets ,Malout,2025-07-08,113,28.01,48,Rain,overcast clouds,6.77,None
P002,Sweets ,Mohali,2025-07-08,120,26.78,56,Clear,clear sky,6.7,None
P002,Sweets ,Rajpura,2025-07-08,132,26.82,67,Clear,light rain,2.08,None
P002,Sweets ,Patiala,2025-07-08,136,33.86,80,Rain,light rain,6.69,None
P002,Sweets ,Bathinda,2025-07-08,55,20.72,72,Clear,clear sky,3.14,None
P003,Moisturizer ,Patiala,2025-07-09,94,28.08,56,Rain,clear sky,7.41,None
P004,Pooja Articles,Malout,2025-07-09,149,38.72,83,Rain,light rain,1.4,None
P004,Pooja Articles,Mohali,2025-07-09,208,20.76,41,Clear,moderate rain,8.56,None
P004,Pooja Articles,Rajpura,2025-07-09,170,30.98,82,Rain,scattered clouds,9.47,None
P004,Pooja Articles,Patiala,2025-07-09,147,28.08,56,Rain,clear sky,7.41,None
P005,Gift Hamper,Malout,2025-07-09,246,38.72,83,Rain,light rain,1.4,None
P005,Gift Hamper,Mohali,2025-07-09,217,20.76,41,Clear,moderate rain,8.56,None
P005,Gift Hamper,Rajpura,2025-07-09,210,30.98,82,Rain,scattered clouds,9.47,None
P005,Gift Hamper,Patiala,2025-07-09,208,28.08,56,Rain,clear sky,7.41,None
P003,Moisturizer ,Rajpura,2025-07-09,47,30.98,82,Rain,scattered clouds,9.47,None
P005,Gift Hamper,Bathinda,2025-07-09,203,36.76,77,Clouds,moderate rain,8.59,None
P003,Moisturizer ,Mohali,2025-07-09,26,20.76,41,Clear,moderate rain,8.56,None
P004,Pooja Articles,Bathinda,2025-07-09,195,36.76,77,Clouds,moderate rain,8.59,None
P003,Moisturizer ,Bathinda,2025-07-09,51,36.76,77,Clouds,moderate rain,8.59,None
P001,Soft Drink ,Malout,2025-07-09,230,38.72,83,Rain,light rain,1.4,None
P001,Soft Drink ,Mohali,2025-07-09,255,20.76,41,Clear,moderate rain,8.56,None
P001,Soft Drink ,Rajpura,2025-07-09,236,30.98,82,Rain,scattered clouds,9.47,None
P001,Soft Drink ,Patiala,2025-07-09,213,28.08,56,Rain,clear sky,7.41,None
P002,Sweets ,Bathinda,2025-07-09,133,36.76,77,Clouds,moderate rain,8.59,None
P001,Soft Drink ,Bathinda,2025-07-09,234,36.76,77,Clouds,moderate rain,8.59,None
P002,Sweets ,Mohali,2025-07-09,92,20.76,41,Clear,moderate rain,8.56,None
P002,Sweets ,Malout,2025-07-09,131,38.72,83,Rain,light rain,1.4,None
P002,Sweets ,Patiala,2025-07-09,121,28.08,56,Rain,clear sky,7.41,None
P003,Moisturizer ,Malout,2025-07-09,26,38.72,83,Rain,light rain,1.4,None
P002,Sweets ,Rajpura,2025-07-09,144,30.98,82,Rain,scattered clouds,9.47,None
P003,Moisturizer ,Rajpura,2025-07-10,82,32.42,62,Rain,clear sky,5.26,Guru Purnima
P005,Gift Hamper,Rajpura,2025-07-10,227,32.42,62,Rain,clear sky,5.26,Guru Purnima
P005,Gift Hamper,Mohali,2025-07-10,185,29.39,66,Clouds,moderate rain,7.98,Guru Purnima
P005,Gift Hamper,Malout,2025-07-10,227,34.87,62,Clear,light rain,3.61,Guru Purnima
P004,Pooja Articles,Patiala,2025-07-10,176,31.41,57,Rain,overcast clouds,9.48,Guru Purnima
P004,Pooja Articles,Rajpura,2025-07-10,171,32.42,62,Rain,clear sky,5.26,Guru Purnima
P004,Pooja Articles,Mohali,2025-07-10,161,29.39,66,Clouds,moderate rain,7.98,Guru Purnima
P004,Pooja Articles,Malout,2025-07-10,198,34.87,62,Clear,light rain,3.61,Guru Purnima
P004,Pooja Articles,Bathinda,2025-07-10,167,32.05,44,Clouds,scattered clouds,5.65,Guru Purnima
P003,Moisturizer ,Patiala,2025-07-10,20,31.41,57,Rain,overcast clouds,9.48,Guru Purnima
P005,Gift Hamper,Patiala,2025-07-10,186,31.41,57,Rain,overcast clouds,9.48,Guru Purnima
P005,Gift Hamper,Bathinda,2025-07-10,217,32.05,44,Clouds,scattered clouds,5.65,Guru Purnima
P003,Moisturizer ,Mohali,2025-07-10,36,29.39,66,Clouds,moderate rain,7.98,Guru Purnima
P003,Moisturizer ,Bathinda,2025-07-10,33,32.05,44,Clouds,scattered clouds,5.65,Guru Purnima
P003,Moisturizer ,Malout,2025-07-10,83,34.87,62,Clear,light rain,3.61,Guru Purnima
P001,Soft Drink ,Bathinda,2025-07-10,263,32.05,44,Clouds,scattered clouds,5.65,Guru Purnima
P001,Soft Drink ,Malout,2025-07-10,230,34.87,62,Clear,light rain,3.61,Guru Purnima
P001,Soft Drink ,Rajpura,2025-07-10,272,32.42,62,Rain,clear sky,5.26,Guru Purnima
P001,Soft Drink ,Patiala,2025-07-10,233,31.41,57,Rain,overcast clouds,9.48,Guru Purnima
P001,Soft Drink ,Mohali,2025-07-10,223,29.39,66,Clouds,moderate rain,7.98,Guru Purnima
P002,Sweets ,Malout,2025-07-10,137,34.87,62,Clear,light rain,3.61,Guru Purnima
P002,Sweets ,Mohali,2025-07-10,80,29.39,66,Clouds,moderate rain,7.98,Guru Purnima
P002,Sweets ,Rajpura,2025-07-10,149,32.42,62,Rain,clear sky,5.26,Guru Purnima
P002,Sweets ,Patiala,2025-07-10,136,31.41,57,Rain,overcast clouds,9.48,Guru Purnima
P002,Sweets ,Bathinda,2025-07-10,85,32.05,44,Clouds,scattered clouds,5.65,Guru Purnima
P004,Pooja Articles,Mohali,2025-07-11,202,26.17,73,Clouds,clear sky,9.85,None
P003,Moisturizer ,Patiala,2025-07-11,62,35.86,40,Rain,clear sky,1.68,None
P004,Pooja Articles,Bathinda,2025-07-11,172,21.78,85,Clouds,light rain,9.37,None
P004,Pooja Articles,Malout,2025-07-11,119,32.96,43,Clouds,clear sky,1.31,None
P004,Pooja Articles,Rajpura,2025-07-11,157,32.08,63,Clouds,scattered clouds,9.44,None
P003,Moisturizer ,Rajpura,2025-07-11,86,32.08,63,Clouds,scattered clouds,9.44,None
P005,Gift Hamper,Bathinda,2025-07-11,187,21.78,85,Clouds,light rain,9.37,None
P005,Gift Hamper,Malout,2025-07-11,203,32.96,43,Clouds,clear sky,1.31,None
P005,Gift Hamper,Mohali,2025-07-11,172,26.17,73,Clouds,clear sky,9.85,None
P005,Gift Hamper,Rajpura,2025-07-11,191,32.08,63,Clouds,scattered clouds,9.44,None
P004,Pooja Articles,Patiala,2025-07-11,176,35.86,40,Rain,clear sky,1.68,None
P003,Moisturizer ,Mohali,2025-07-11,47,26.17,73,Clouds,clear sky,9.85,None
P005,Gift Hamper,Patiala,2025-07-11,265,35.86,40,Rain,clear sky,1.68,None
P003,Moisturizer ,Bathinda,2025-07-11,35,21.78,85,Clouds,light rain,9.37,None
P001,Soft Drink ,Bathinda,2025-07-11,250,21.78,85,Clouds,light rain,9.37,None
P001,Soft Drink ,Malout,2025-07-11,199,32.96,43,Clouds,clear sky,1.31,None
P001,Soft Drink ,Mohali,2025-07-11,251,26.17,73,Clouds,clear sky,9.85,None
P001,Soft Drink ,Rajpura,2025-07-11,284,32.08,63,Clouds,scattered clouds,9.44,None
P001,Soft Drink ,Patiala,2025-07-11,234,35.86,40,Rain,clear sky,1.68,None
P003,Moisturizer ,Malout,2025-07-11,63,32.96,43,Clouds,clear sky,1.31,None
P002,Sweets ,Malout,2025-07-11,146,32.96,43,Clouds,clear sky,1.31,None
P002,Sweets ,Mohali,2025-07-11,124,26.17,73,Clouds,clear sky,9.85,None
P002,Sweets ,Rajpura,2025-07-11,123,32.08,63,Clouds,scattered clouds,9.44,None
P002,Sweets ,Patiala,2025-07-11,134,35.86,40,Rain,clear sky,1.68,None
P002,Sweets ,Bathinda,2025-07-11,83,21.78,85,Clouds,light rain,9.37,None
P004,Pooja Articles,Bathinda,2025-07-12,145,30.73,52,Clouds,light rain,8.22,None
P004,Pooja Articles,Malout,2025-07-12,227,31.78,40,Clear,moderate rain,1.25,None
P004,Pooja Articles,Mohali,2025-07-12,196,34.52,66,Clear,moderate rain,2.33,None
P004,Pooja Articles,Rajpura,2025-07-12,173,39.44,78,Clear,scattered clouds,1.06,None
P004,Pooja Articles,Patiala,2025-07-12,168,29.41,70,Clear,moderate rain,9.05,None
P005,Gift Hamper,Malout,2025-07-12,204,31.78,40,Clear,moderate rain,1.25,None
P005,Gift Hamper,Mohali,2025-07-12,188,34.52,66,Clear,moderate rain,2.33,None
P005,Gift Hamper,Rajpura,2025-07-12,222,39.44,78,Clear,scattered clouds,1.06,None
P005,Gift Hamper,Patiala,2025-07-12,236,29.41,70,Clear,moderate rain,9.05,None
P003,Moisturizer ,Patiala,2025-07-12,35,29.41,70,Clear,moderate rain,9.05,None
P005,Gift Hamper,Bathinda,2025-07-12,180,30.73,52,Clouds,light rain,8.22,None
P003,Moisturizer ,Rajpura,2025-07-12,1,39.44,78,Clear,scattered clouds,1.06,None
P001,Soft Drink ,Rajpura,2025-07-12,259,39.44,78,Clear,scattered clouds,1.06,None
P003,Moisturizer ,Malout,2025-07-12,88,31.78,40,Clear,moderate rain,1.25,None
P001,Soft Drink ,Malout,2025-07-12,251,31.78,40,Clear,moderate rain,1.25,None
P001,Soft Drink ,Mohali,2025-07-12,258,34.52,66,Clear,moderate rain,2.33,None
P003,Moisturizer ,Mohali,2025-07-12,46,34.52,66,Clear,moderate rain,2.33,None
P001,Soft Drink ,Patiala,2025-07-12,264,29.41,70,Clear,moderate rain,9.05,None
P002,Sweets ,Bathinda,2025-07-12,125,30.73,52,Clouds,light rain,8.22,None
P001,Soft Drink ,Bathinda,2025-07-12,292,30.73,52,Clouds,light rain,8.22,None
P002,Sweets ,Mohali,2025-07-12,86,34.52,66,Clear,moderate rain,2.33,None
P002,Sweets ,Rajpura,2025-07-12,120,39.44,78,Clear,scattered clouds,1.06,None
P002,Sweets ,Patiala,2025-07-12,89,29.41,70,Clear,moderate rain,9.05,None
P003,Moisturizer ,Bathinda,2025-07-12,64,30.73,52,Clouds,light rain,8.22,None
P002,Sweets ,Malout,2025-07-12,147,31.78,40,Clear,moderate rain,1.25,None
P003,Moisturizer ,Patiala,2025-07-13,34,37.2,79,Rain,clear sky,3.37,None
P004,Pooja Articles,Bathinda,2025-07-13,165,36.42,90,Clear,moderate rain,9.39,None
P004,Pooja Articles,Malout,2025-07-13,137,24.36,58,Rain,overcast clouds,4.31,None
P004,Pooja Articles,Mohali,2025-07-13,195,27.69,54,Clouds,moderate rain,8.05,None
P004,Pooja Articles,Rajpura,2025-07-13,160,35.12,74,Clouds,clear sky,2.47,None
P005,Gift Hamper,Bathinda,2025-07-13,198,36.42,90,Clear,moderate rain,9.39,None
P005,Gift Hamper,Malout,2025-07-13,241,24.36,58,Rain,overcast clouds,4.31,None
P005,Gift Hamper,Mohali,2025-07-13,244,27.69,54,Clouds,moderate rain,8.05,None
P005,Gift Hamper,Rajpura,2025-07-13,219,35.12,74,Clouds,clear sky,2.47,None
P003,Moisturizer ,Rajpura,2025-07-13,46,35.12,74,Clouds,clear sky,2.47,None
P004,Pooja Articles,Patiala,2025-07-13,198,37.2,79,Rain,clear sky,3.37,None
P003,Moisturizer ,Mohali,2025-07-13,96,27.69,54,Clouds,moderate rain,8.05,None
P005,Gift Hamper,Patiala,2025-07-13,233,37.2,79,Rain,clear sky,3.37,None
P003,Moisturizer ,Bathinda,2025-07-13,91,36.42,90,Clear,moderate rain,9.39,None
P001,Soft Drink ,Bathinda,2025-07-13,281,36.42,90,Clear,moderate rain,9.39,None
P001,Soft Drink ,Malout,2025-07-13,269,24.36,58,Rain,overcast clouds,4.31,None
P001,Soft Drink ,Mohali,2025-07-13,228,27.69,54,Clouds,moderate rain,8.05,None
P001,Soft Drink ,Rajpura,2025-07-13,271,35.12,74,Clouds,clear sky,2.47,None
P001,Soft Drink ,Patiala,2025-07-13,238,37.2,79,Rain,clear sky,3.37,None
P003,Moisturizer ,Malout,2025-07-13,85,24.36,58,Rain,overcast clouds,4.31,None
P002,Sweets ,Malout,2025-07-13,133,24.36,58,Rain,overcast clouds,4.31,None
P002,Sweets ,Mohali,2025-07-13,102,27.69,54,Clouds,moderate rain,8.05,None
P002,Sweets ,Rajpura,2025-07-13,133,35.12,74,Clouds,clear sky,2.47,None
P002,Sweets ,Patiala,2025-07-13,101,37.2,79,Rain,clear sky,3.37,None
P002,Sweets ,Bathinda,2025-07-13,71,36.42,90,Clear,moderate rain,9.39,None
P003,Moisturizer ,Patiala,2025-07-14,82,30.31,65,Clouds,clear sky,3.04,None
P005,Gift Hamper,Rajpura,2025-07-14,223,22.1,64,Rain,scattered clouds,9.07,None
P005,Gift Hamper,Mohali,2025-07-14,210,30.46,67,Clouds,overcast clouds,1.92,None
P005,Gift Hamper,Malout,2025-07-14,282,30.9,53,Rain,light rain,4.69,None
P005,Gift Hamper,Bathinda,2025-07-14,214,36.84,76,Clouds,scattered clouds,9.93,None
P004,Pooja Articles,Patiala,2025-07-14,159,30.31,65,Clouds,clear sky,3.04,None
P004,Pooja Articles,Rajpura,2025-07-14,195,22.1,64,Rain,scattered clouds,9.07,None
P004,Pooja Articles,Mohali,2025-07-14,206,30.46,67,Clouds,overcast clouds,1.92,None
P004,Pooja Articles,Malout,2025-07-14,196,30.9,53,Rain,light rain,4.69,None
P004,Pooja Articles,Bathinda,2025-07-14,162,36.84,76,Clouds,scattered clouds,9.93,None
P003,Moisturizer ,Rajpura,2025-07-14,60,22.1,64,Rain,scattered clouds,9.07,None
P005,Gift Hamper,Patiala,2025-07-14,198,30.31,65,Clouds,clear sky,3.04,None
P003,Moisturizer ,Mohali,2025-07-14,34,30.46,67,Clouds,overcast clouds,1.92,None
P001,Soft Drink ,Bathinda,2025-07-14,289,36.84,76,Clouds,scattered clouds,9.93,None
P001,Soft Drink ,Malout,2025-07-14,294,30.9,53,Rain,light rain,4.69,None
P001,Soft Drink ,Mohali,2025-07-14,256,30.46,67,Clouds,overcast clouds,1.92,None
P001,Soft Drink ,Rajpura,2025-07-14,224,22.1,64,Rain,scattered clouds,9.07,None
P001,Soft Drink ,Patiala,2025-07-14,292,30.31,65,Clouds,clear sky,3.04,None
P003,Moisturizer ,Malout,2025-07-14,78,30.9,53,Rain,light rain,4.69,None
P002,Sweets ,Malout,2025-07-14,117,30.9,53,Rain,light rain,4.69,None
P002,Sweets ,Mohali,2025-07-14,120,30.46,67,Clouds,overcast clouds,1.92,None
P002,Sweets ,Rajpura,2025-07-14,104,22.1,64,Rain,scattered clouds,9.07,None
P002,Sweets ,Patiala,2025-07-14,90,30.31,65,Clouds,clear sky,3.04,None
P003,Moisturizer ,Bathinda,2025-07-14,66,36.84,76,Clouds,scattered clouds,9.93,None
P002,Sweets ,Bathinda,2025-07-14,123,36.84,76,Clouds,scattered clouds,9.93,None
P003,Moisturizer ,Patiala,2025-07-15,25,36.47,66,Rain,scattered clouds,4.23,None
P004,Pooja Articles,Bathinda,2025-07-15,212,21.84,78,Clear,clear sky,7.25,None
P004,Pooja Articles,Malout,2025-07-15,168,38.41,67,Rain,moderate rain,6.35,None
P004,Pooja Articles,Mohali,2025-07-15,201,34.06,90,Clear,overcast clouds,4.04,None
P004,Pooja Articles,Rajpura,2025-07-15,135,32.07,51,Clear,light rain,4.63,None
P005,Gift Hamper,Malout,2025-07-15,212,38.41,67,Rain,moderate rain,6.35,None
P005,Gift Hamper,Bathinda,2025-07-15,179,21.84,78,Clear,clear sky,7.25,None
P005,Gift Hamper,Mohali,2025-07-15,197,34.06,90,Clear,overcast clouds,4.04,None
P005,Gift Hamper,Rajpura,2025-07-15,226,32.07,51,Clear,light rain,4.63,None
P003,Moisturizer ,Rajpura,2025-07-15,79,32.07,51,Clear,light rain,4.63,None
P004,Pooja Articles,Patiala,2025-07-15,189,36.47,66,Rain,scattered clouds,4.23,None
P005,Gift Hamper,Patiala,2025-07-15,210,36.47,66,Rain,scattered clouds,4.23,None
P003,Moisturizer ,Malout,2025-07-15,12,38.41,67,Rain,moderate rain,6.35,None
P003,Moisturizer ,Bathinda,2025-07-15,79,21.84,78,Clear,clear sky,7.25,None
P003,Moisturizer ,Mohali,2025-07-15,19,34.06,90,Clear,overcast clouds,4.04,None
P001,Soft Drink ,Bathinda,2025-07-15,258,21.84,78,Clear,clear sky,7.25,None
P001,Soft Drink ,Malout,2025-07-15,209,38.41,67,Rain,moderate rain,6.35,None
P001,Soft Drink ,Rajpura,2025-07-15,232,32.07,51,Clear,light rain,4.63,None
P001,Soft Drink ,Patiala,2025-07-15,226,36.47,66,Rain,scattered clouds,4.23,None
P001,Soft Drink ,Mohali,2025-07-15,236,34.06,90,Clear,overcast clouds,4.04,None
P002,Sweets ,Malout,2025-07-15,125,38.41,67,Rain,moderate rain,6.35,None
P002,Sweets ,Mohali,2025-07-15,94,34.06,90,Clear,overcast clouds,4.04,None
P002,Sweets ,Rajpura,2025-07-15,115,32.07,51,Clear,light rain,4.63,None
P002,Sweets ,Patiala,2025-07-15,123,36.47,66,Rain,scattered clouds,4.23,None
P002,Sweets ,Bathinda,2025-07-15,130,21.84,78,Clear,clear sky,7.25,None
P004,Pooja Articles,Mohali,2025-07-16,164,29.3,80,Rain,overcast clouds,5.65,None
P003,Moisturizer ,Patiala,2025-07-16,61,20.08,83,Rain,scattered clouds,1.26,None
P004,Pooja Articles,Bathinda,2025-07-16,143,31.29,76,Clear,overcast clouds,7.14,None
P004,Pooja Articles,Malout,2025-07-16,152,37.26,61,Clouds,scattered clouds,7.09,None
P004,Pooja Articles,Rajpura,2025-07-16,165,37.13,89,Clear,moderate rain,4.46,None
P003,Moisturizer ,Rajpura,2025-07-16,81,37.13,89,Clear,moderate rain,4.46,None
P005,Gift Hamper,Bathinda,2025-07-16,205,31.29,76,Clear,overcast clouds,7.14,None
P005,Gift Hamper,Malout,2025-07-16,201,37.26,61,Clouds,scattered clouds,7.09,None
P005,Gift Hamper,Mohali,2025-07-16,225,29.3,80,Rain,overcast clouds,5.65,None
P005,Gift Hamper,Rajpura,2025-07-16,202,37.13,89,Clear,moderate rain,4.46,None
P004,Pooja Articles,Patiala,2025-07-16,212,20.08,83,Rain,scattered clouds,1.26,None
P005,Gift Hamper,Patiala,2025-07-16,224,20.08,83,Rain,scattered clouds,1.26,None
P003,Moisturizer ,Mohali,2025-07-16,59,29.3,80,Rain,overcast clouds,5.65,None
P003,Moisturizer ,Bathinda,2025-07-16,20,31.29,76,Clear,overcast clouds,7.14,None
P001,Soft Drink ,Bathinda,2025-07-16,235,31.29,76,Clear,overcast clouds,7.14,None
P001,Soft Drink ,Malout,2025-07-16,209,37.26,61,Clouds,scattered clouds,7.09,None
P001,Soft Drink ,Mohali,2025-07-16,231,29.3,80,Rain,overcast clouds,5.65,None
P001,Soft Drink ,Rajpura,2025-07-16,231,37.13,89,Clear,moderate rain,4.46,None
P001,Soft Drink ,Patiala,2025-07-16,273,20.08,83,Rain,scattered clouds,1.26,None
P003,Moisturizer ,Malout,2025-07-16,5,37.26,61,Clouds,scattered clouds,7.09,None
P002,Sweets ,Malout,2025-07-16,148,37.26,61,Clouds,scattered clouds,7.09,None
P002,Sweets ,Mohali,2025-07-16,127,29.3,80,Rain,overcast clouds,5.65,None
P002,Sweets ,Rajpura,2025-07-16,100,37.13,89,Clear,moderate rain,4.46,None
P002,Sweets ,Patiala,2025-07-16,112,20.08,83,Rain,scattered clouds,1.26,None
P002,Sweets ,Bathinda,2025-07-16,123,31.29,76,Clear,overcast clouds,7.14,None
P004,Pooja Articles,Bathinda,2025-07-17,185,26.7,44,Clear,overcast clouds,8.69,None
P004,Pooja Articles,Malout,2025-07-17,204,29.95,71,Rain,light rain,4.06,None
P004,Pooja Articles,Mohali,2025-07-17,199,30.2,42,Clouds,moderate rain,7.16,None
P004,Pooja Articles,Rajpura,2025-07-17,203,33.5,49,Clouds,scattered clouds,3.47,None
P004,Pooja Articles,Patiala,2025-07-17,163,37.81,59,Clouds,moderate rain,2.53,None
P005,Gift Hamper,Malout,2025-07-17,223,29.95,71,Rain,light rain,4.06,None
P005,Gift Hamper,Mohali,2025-07-17,267,30.2,42,Clouds,moderate rain,7.16,None
P005,Gift Hamper,Rajpura,2025-07-17,249,33.5,49,Clouds,scattered clouds,3.47,None
P005,Gift Hamper,Patiala,2025-07-17,171,37.81,59,Clouds,moderate rain,2.53,None
P003,Moisturizer ,Patiala,2025-07-17,72,37.81,59,Clouds,moderate rain,2.53,None
P005,Gift Hamper,Bathinda,2025-07-17,226,26.7,44,Clear,overcast clouds,8.69,None
P003,Moisturizer ,Rajpura,2025-07-17,69,33.5,49,Clouds,scattered clouds,3.47,None
P003,Moisturizer ,Mohali,2025-07-17,50,30.2,42,Clouds,moderate rain,7.16,None
P003,Moisturizer ,Malout,2025-07-17,58,29.95,71,Rain,light rain,4.06,None
P001,Soft Drink ,Malout,2025-07-17,251,29.95,71,Rain,light rain,4.06,None
P001,Soft Drink ,Mohali,2025-07-17,244,30.2,42,Clouds,moderate rain,7.16,None
P001,Soft Drink ,Rajpura,2025-07-17,259,33.5,49,Clouds,scattered clouds,3.47,None
P001,Soft Drink ,Patiala,2025-07-17,222,37.81,59,Clouds,moderate rain,2.53,None
P002,Sweets ,Bathinda,2025-07-17,124,26.7,44,Clear,overcast clouds,8.69,None
P001,Soft Drink ,Bathinda,2025-07-17,251,26.7,44,Clear,overcast clouds,8.69,None
P002,Sweets ,Mohali,2025-07-17,135,30.2,42,Clouds,moderate rain,7.16,None
P002,Sweets ,Rajpura,2025-07-17,147,33.5,49,Clouds,scattered clouds,3.47,None
P002,Sweets ,Patiala,2025-07-17,117,37.81,59,Clouds,moderate rain,2.53,None
P003,Moisturizer ,Bathinda,2025-07-17,41,26.7,44,Clear,overcast clouds,8.69,None
P002,Sweets ,Malout,2025-07-17,142,29.95,71,Rain,light rain,4.06,None
P004,Pooja Articles,Bathinda,2025-07-18,199,36.76,66,Rain,light rain,7.09,None
P004,Pooja Articles,Malout,2025-07-18,203,27.22,50,Clouds,moderate rain,9.78,None
P004,Pooja Articles,Mohali,2025-07-18,184,20.8,40,Clouds,light rain,6.76,None
P004,Pooja Articles,Rajpura,2025-07-18,195,31.46,72,Rain,clear sky,4.94,None
P004,Pooja Articles,Patiala,2025-07-18,182,37.65,48,Rain,clear sky,4.24,None
P005,Gift Hamper,Malout,2025-07-18,243,27.22,50,Clouds,moderate rain,9.78,None
P005,Gift Hamper,Mohali,2025-07-18,196,20.8,40,Clouds,light rain,6.76,None
P005,Gift Hamper,Rajpura,2025-07-18,230,31.46,72,Rain,clear sky,4.94,None
P005,Gift Hamper,Patiala,2025-07-18,192,37.65,48,Rain,clear sky,4.24,None
P003,Moisturizer ,Patiala,2025-07-18,71,37.65,48,Rain,clear sky,4.24,None
P005,Gift Hamper,Bathinda,2025-07-18,262,36.76,66,Rain,light rain,7.09,None
P003,Moisturizer ,Rajpura,2025-07-18,60,31.46,72,Rain,clear sky,4.94,None
P003,Moisturizer ,Mohali,2025-07-18,52,20.8,40,Clouds,light rain,6.76,None
P003,Moisturizer ,Malout,2025-07-18,97,27.22,50,Clouds,moderate rain,9.78,None
P001,Soft Drink ,Malout,2025-07-18,262,27.22,50,Clouds,moderate rain,9.78,None
P001,Soft Drink ,Mohali,2025-07-18,289,20.8,40,Clouds,light rain,6.76,None
P001,Soft Drink ,Rajpura,2025-07-18,240,31.46,72,Rain,clear sky,4.94,None
P001,Soft Drink ,Patiala,2025-07-18,246,37.65,48,Rain,clear sky,4.24,None
P002,Sweets ,Bathinda,2025-07-18,55,36.76,66,Rain,light rain,7.09,None
P001,Soft Drink ,Bathinda,2025-07-18,283,36.76,66,Rain,light rain,7.09,None
P002,Sweets ,Mohali,2025-07-18,72,20.8,40,Clouds,light rain,6.76,None
P002,Sweets ,Rajpura,2025-07-18,106,31.46,72,Rain,clear sky,4.94,None
P002,Sweets ,Patiala,2025-07-18,90,37.65,48,Rain,clear sky,4.24,None
P003,Moisturizer ,Bathinda,2025-07-18,91,36.76,66,Rain,light rain,7.09,None
P002,Sweets ,Malout,2025-07-18,99,27.22,50,Clouds,moderate rain,9.78,None
P004,Pooja Articles,Bathinda,2025-07-19,145,38.81,68,Clear,light rain,8.92,None
P004,Pooja Articles,Malout,2025-07-19,220,20.24,78,Clouds,scattered clouds,7.58,None
P004,Pooja Articles,Mohali,2025-07-19,123,26.58,83,Rain,clear sky,6.87,None
P004,Pooja Articles,Rajpura,2025-07-19,158,39.82,60,Clear,scattered clouds,9.86,None
P004,Pooja Articles,Patiala,2025-07-19,173,32.29,54,Rain,scattered clouds,5.8,None
P005,Gift Hamper,Malout,2025-07-19,276,20.24,78,Clouds,scattered clouds,7.58,None
P005,Gift Hamper,Mohali,2025-07-19,212,26.58,83,Rain,clear sky,6.87,None
P005,Gift Hamper,Rajpura,2025-07-19,230,39.82,60,Clear,scattered clouds,9.86,None
P005,Gift Hamper,Patiala,2025-07-19,237,32.29,54,Rain,scattered clouds,5.8,None
P003,Moisturizer ,Patiala,2025-07-19,31,32.29,54,Rain,scattered clouds,5.8,None
P005,Gift Hamper,Bathinda,2025-07-19,264,38.81,68,Clear,light rain,8.92,None
P003,Moisturizer ,Rajpura,2025-07-19,93,39.82,60,Clear,scattered clouds,9.86,None
P003,Moisturizer ,Mohali,2025-07-19,82,26.58,83,Rain,clear sky,6.87,None
P003,Moisturizer ,Malout,2025-07-19,0,20.24,78,Clouds,scattered clouds,7.58,None
P001,Soft Drink ,Malout,2025-07-19,270,20.24,78,Clouds,scattered clouds,7.58,None
P001,Soft Drink ,Mohali,2025-07-19,264,26.58,83,Rain,clear sky,6.87,None
P001,Soft Drink ,Rajpura,2025-07-19,285,39.82,60,Clear,scattered clouds,9.86,None
P001,Soft Drink ,Patiala,2025-07-19,246,32.29,54,Rain,scattered clouds,5.8,None
P002,Sweets ,Bathinda,2025-07-19,135,38.81,68,Clear,light rain,8.92,None
P001,Soft Drink ,Bathinda,2025-07-19,243,38.81,68,Clear,light rain,8.92,None
P002,Sweets ,Mohali,2025-07-19,110,26.58,83,Rain,clear sky,6.87,None
P002,Sweets ,Rajpura,2025-07-19,123,39.82,60,Clear,scattered clouds,9.86,None
P002,Sweets ,Patiala,2025-07-19,76,32.29,54,Rain,scattered clouds,5.8,None
P003,Moisturizer ,Bathinda,2025-07-19,88,38.81,68,Clear,light rain,8.92,None
P002,Sweets ,Malout,2025-07-19,141,20.24,78,Clouds,scattered clouds,7.58,None
P003,Moisturizer ,Patiala,2025-07-20,46,36.65,82,Clear,moderate rain,9.77,None
P004,Pooja Articles,Bathinda,2025-07-20,142,24.91,75,Rain,scattered clouds,2.82,None
P004,Pooja Articles,Malout,2025-07-20,172,39.4,69,Clear,clear sky,7.88,None
P004,Pooja Articles,Mohali,2025-07-20,173,29.52,86,Clouds,light rain,8.13,None
P004,Pooja Articles,Rajpura,2025-07-20,181,25.67,69,Clouds,moderate rain,6.7,None
P005,Gift Hamper,Bathinda,2025-07-20,274,24.91,75,Rain,scattered clouds,2.82,None
P005,Gift Hamper,Malout,2025-07-20,250,39.4,69,Clear,clear sky,7.88,None
P005,Gift Hamper,Mohali,2025-07-20,196,29.52,86,Clouds,light rain,8.13,None
P005,Gift Hamper,Rajpura,2025-07-20,269,25.67,69,Clouds,moderate rain,6.7,None
P003,Moisturizer ,Rajpura,2025-07-20,46,25.67,69,Clouds,moderate rain,6.7,None
P004,Pooja Articles,Patiala,2025-07-20,174,36.65,82,Clear,moderate rain,9.77,None
P003,Moisturizer ,Mohali,2025-07-20,118,29.52,86,Clouds,light rain,8.13,None
P005,Gift Hamper,Patiala,2025-07-20,235,36.65,82,Clear,moderate rain,9.77,None
P003,Moisturizer ,Bathinda,2025-07-20,69,24.91,75,Rain,scattered clouds,2.82,None
P001,Soft Drink ,Bathinda,2025-07-20,261,24.91,75,Rain,scattered clouds,2.82,None
P001,Soft Drink ,Malout,2025-07-20,259,39.4,69,Clear,clear sky,7.88,None
P001,Soft Drink ,Mohali,2025-07-20,252,29.52,86,Clouds,light rain,8.13,None
P001,Soft Drink ,Rajpura,2025-07-20,237,25.67,69,Clouds,moderate rain,6.7,None
P001,Soft Drink ,Patiala,2025-07-20,248,36.65,82,Clear,moderate rain,9.77,None
P003,Moisturizer ,Malout,2025-07-20,104,39.4,69,Clear,clear sky,7.88,None
P002,Sweets ,Malout,2025-07-20,106,39.4,69,Clear,clear sky,7.88,None
P002,Sweets ,Mohali,2025-07-20,129,29.52,86,Clouds,light rain,8.13,None
P002,Sweets ,Rajpura,2025-07-20,98,25.67,69,Clouds,moderate rain,6.7,None
P002,Sweets ,Patiala,2025-07-20,132,36.65,82,Clear,moderate rain,9.77,None
P002,Sweets ,Bathinda,2025-07-20,136,24.91,75,Rain,scattered clouds,2.82,None
P004,Pooja Articles,Bathinda,2025-07-21,197,26.66,69,Clouds,scattered clouds,8.97,None
P004,Pooja Articles,Malout,2025-07-21,195,33.16,72,Clouds,overcast clouds,5.21,None
P004,Pooja Articles,Mohali,2025-07-21,180,20.57,87,Rain,clear sky,3.06,None
P004,Pooja Articles,Rajpura,2025-07-21,210,22.81,70,Clear,moderate rain,5.36,None
P004,Pooja Articles,Patiala,2025-07-21,188,37.46,75,Clouds,moderate rain,4.06,None
P005,Gift Hamper,Malout,2025-07-21,234,33.16,72,Clouds,overcast clouds,5.21,None
P005,Gift Hamper,Mohali,2025-07-21,229,20.57,87,Rain,clear sky,3.06,None
P005,Gift Hamper,Rajpura,2025-07-21,210,22.81,70,Clear,moderate rain,5.36,None
P005,Gift Hamper,Patiala,2025-07-21,213,37.46,75,Clouds,moderate rain,4.06,None
P003,Moisturizer ,Patiala,2025-07-21,35,37.46,75,Clouds,moderate rain,4.06,None
P005,Gift Hamper,Bathinda,2025-07-21,235,26.66,69,Clouds,scattered clouds,8.97,None
P003,Moisturizer ,Rajpura,2025-07-21,99,22.81,70,Clear,moderate rain,5.36,None
P003,Moisturizer ,Mohali,2025-07-21,55,20.57,87,Rain,clear sky,3.06,None
P003,Moisturizer ,Malout,2025-07-21,58,33.16,72,Clouds,overcast clouds,5.21,None
P001,Soft Drink ,Malout,2025-07-21,247,33.16,72,Clouds,overcast clouds,5.21,None
P001,Soft Drink ,Mohali,2025-07-21,286,20.57,87,Rain,clear sky,3.06,None
P001,Soft Drink ,Rajpura,2025-07-21,254,22.81,70,Clear,moderate rain,5.36,None
P001,Soft Drink ,Patiala,2025-07-21,229,37.46,75,Clouds,moderate rain,4.06,None
P002,Sweets ,Bathinda,2025-07-21,133,26.66,69,Clouds,scattered clouds,8.97,None
P001,Soft Drink ,Bathinda,2025-07-21,255,26.66,69,Clouds,scattered clouds,8.97,None
P002,Sweets ,Mohali,2025-07-21,165,20.57,87,Rain,clear sky,3.06,None
P002,Sweets ,Rajpura,2025-07-21,142,22.81,70,Clear,moderate rain,5.36,None
P002,Sweets ,Patiala,2025-07-21,112,37.46,75,Clouds,moderate rain,4.06,None
P003,Moisturizer ,Bathinda,2025-07-21,20,26.66,69,Clouds,scattered clouds,8.97,None
P002,Sweets ,Malout,2025-07-21,105,33.16,72,Clouds,overcast clouds,5.21,None
P003,Moisturizer ,Patiala,2025-07-22,70,38.89,58,Clouds,scattered clouds,3.88,None
P004,Pooja Articles,Bathinda,2025-07-22,162,36.62,73,Rain,clear sky,7.03,None
P004,Pooja Articles,Malout,2025-07-22,170,38.51,77,Clouds,clear sky,9.13,None
P004,Pooja Articles,Mohali,2025-07-22,203,32.47,80,Clouds,scattered clouds,4.07,None
P004,Pooja Articles,Rajpura,2025-07-22,199,36.38,56,Clear,overcast clouds,7.16,None
P005,Gift Hamper,Bathinda,2025-07-22,216,36.62,73,Rain,clear sky,7.03,None
P005,Gift Hamper,Malout,2025-07-22,229,38.51,77,Clouds,clear sky,9.13,None
P005,Gift Hamper,Mohali,2025-07-22,203,32.47,80,Clouds,scattered clouds,4.07,None
P005,Gift Hamper,Rajpura,2025-07-22,212,36.38,56,Clear,overcast clouds,7.16,None
P003,Moisturizer ,Rajpura,2025-07-22,60,36.38,56,Clear,overcast clouds,7.16,None
P004,Pooja Articles,Patiala,2025-07-22,241,38.89,58,Clouds,scattered clouds,3.88,None
P003,Moisturizer ,Mohali,2025-07-22,76,32.47,80,Clouds,scattered clouds,4.07,None
P005,Gift Hamper,Patiala,2025-07-22,215,38.89,58,Clouds,scattered clouds,3.88,None
P003,Moisturizer ,Bathinda,2025-07-22,60,36.62,73,Rain,clear sky,7.03,None
P001,Soft Drink ,Bathinda,2025-07-22,241,36.62,73,Rain,clear sky,7.03,None
P001,Soft Drink ,Malout,2025-07-22,267,38.51,77,Clouds,clear sky,9.13,None
P001,Soft Drink ,Mohali,2025-07-22,215,32.47,80,Clouds,scattered clouds,4.07,None
P001,Soft Drink ,Rajpura,2025-07-22,249,36.38,56,Clear,overcast clouds,7.16,None
P001,Soft Drink ,Patiala,2025-07-22,273,38.89,58,Clouds,scattered clouds,3.88,None
P003,Moisturizer ,Malout,2025-07-22,18,38.51,77,Clouds,clear sky,9.13,None
P002,Sweets ,Malout,2025-07-22,92,38.51,77,Clouds,clear sky,9.13,None
P002,Sweets ,Mohali,2025-07-22,130,32.47,80,Clouds,scattered clouds,4.07,None
P002,Sweets ,Rajpura,2025-07-22,150,36.38,56,Clear,overcast clouds,7.16,None
P002,Sweets ,Patiala,2025-07-22,100,38.89,58,Clouds,scattered clouds,3.88,None
P002,Sweets ,Bathinda,2025-07-22,110,36.62,73,Rain,clear sky,7.03,None
P003,Moisturizer ,Patiala,2025-07-23,74,23.67,48,Clear,scattered clouds,5.18,None
P004,Pooja Articles,Bathinda,2025-07-23,157,29.35,59,Clear,overcast clouds,9.88,None
P004,Pooja Articles,Malout,2025-07-23,209,30.34,50,Rain,moderate rain,5.0,None
P004,Pooja Articles,Mohali,2025-07-23,162,25.68,76,Rain,moderate rain,5.28,None
P004,Pooja Articles,Rajpura,2025-07-23,163,26.05,75,Clear,overcast clouds,4.22,None
P005,Gift Hamper,Bathinda,2025-07-23,221,29.35,59,Clear,overcast clouds,9.88,None
P005,Gift Hamper,Malout,2025-07-23,237,30.34,50,Rain,moderate rain,5.0,None
P005,Gift Hamper,Mohali,2025-07-23,256,25.68,76,Rain,moderate rain,5.28,None
P005,Gift Hamper,Rajpura,2025-07-23,292,26.05,75,Clear,overcast clouds,4.22,None
P003,Moisturizer ,Rajpura,2025-07-23,23,26.05,75,Clear,overcast clouds,4.22,None
P004,Pooja Articles,Patiala,2025-07-23,178,23.67,48,Clear,scattered clouds,5.18,None
P003,Moisturizer ,Mohali,2025-07-23,75,25.68,76,Rain,moderate rain,5.28,None
P005,Gift Hamper,Patiala,2025-07-23,185,23.67,48,Clear,scattered clouds,5.18,None
P003,Moisturizer ,Bathinda,2025-07-23,51,29.35,59,Clear,overcast clouds,9.88,None
P001,Soft Drink ,Bathinda,2025-07-23,272,29.35,59,Clear,overcast clouds,9.88,None
P001,Soft Drink ,Malout,2025-07-23,241,30.34,50,Rain,moderate rain,5.0,None
P001,Soft Drink ,Mohali,2025-07-23,238,25.68,76,Rain,moderate rain,5.28,None
P001,Soft Drink ,Rajpura,2025-07-23,237,26.05,75,Clear,overcast clouds,4.22,None
P001,Soft Drink ,Patiala,2025-07-23,250,23.67,48,Clear,scattered clouds,5.18,None
P003,Moisturizer ,Malout,2025-07-23,23,30.34,50,Rain,moderate rain,5.0,None
P002,Sweets ,Malout,2025-07-23,101,30.34,50,Rain,moderate rain,5.0,None
P002,Sweets ,Mohali,2025-07-23,158,25.68,76,Rain,moderate rain,5.28,None
P002,Sweets ,Rajpura,2025-07-23,128,26.05,75,Clear,overcast clouds,4.22,None
P002,Sweets ,Patiala,2025-07-23,144,23.67,48,Clear,scattered clouds,5.18,None
P002,Sweets ,Bathinda,2025-07-23,181,29.35,59,Clear,overcast clouds,9.88,None
P003,Moisturizer ,Patiala,2025-07-24,81,25.29,45,Clouds,light rain,7.54,None
P004,Pooja Articles,Bathinda,2025-07-24,173,24.85,68,Clouds,scattered clouds,1.9,None
P004,Pooja Articles,Malout,2025-07-24,211,25.67,80,Clouds,scattered clouds,8.61,None
P004,Pooja Articles,Mohali,2025-07-24,155,23.59,49,Clear,scattered clouds,4.37,None
P004,Pooja Articles,Rajpura,2025-07-24,180,37.03,58,Clear,moderate rain,7.56,None
P005,Gift Hamper,Bathinda,2025-07-24,221,24.85,68,Clouds,scattered clouds,1.9,None
P005,Gift Hamper,Malout,2025-07-24,238,25.67,80,Clouds,scattered clouds,8.61,None
P005,Gift Hamper,Mohali,2025-07-24,227,23.59,49,Clear,scattered clouds,4.37,None
P005,Gift Hamper,Rajpura,2025-07-24,240,37.03,58,Clear,moderate rain,7.56,None
P003,Moisturizer ,Rajpura,2025-07-24,96,37.03,58,Clear,moderate rain,7.56,None
P004,Pooja Articles,Patiala,2025-07-24,135,25.29,45,Clouds,light rain,7.54,None
P005,Gift Hamper,Patiala,2025-07-24,250,25.29,45,Clouds,light rain,7.54,None
P003,Moisturizer ,Mohali,2025-07-24,39,23.59,49,Clear,scattered clouds,4.37,None
P003,Moisturizer ,Bathinda,2025-07-24,64,24.85,68,Clouds,scattered clouds,1.9,None
P003,Moisturizer ,Malout,2025-07-24,39,25.67,80,Clouds,scattered clouds,8.61,None
P001,Soft Drink ,Bathinda,2025-07-24,249,24.85,68,Clouds,scattered clouds,1.9,None
P001,Soft Drink ,Malout,2025-07-24,286,25.67,80,Clouds,scattered clouds,8.61,None
P001,Soft Drink ,Rajpura,2025-07-24,242,37.03,58,Clear,moderate rain,7.56,None
P001,Soft Drink ,Patiala,2025-07-24,229,25.29,45,Clouds,light rain,7.54,None
P001,Soft Drink ,Mohali,2025-07-24,295,23.59,49,Clear,scattered clouds,4.37,None
P002,Sweets ,Malout,2025-07-24,122,25.67,80,Clouds,scattered clouds,8.61,None
P002,Sweets ,Mohali,2025-07-24,138,23.59,49,Clear,scattered clouds,4.37,None
P002,Sweets ,Rajpura,2025-07-24,127,37.03,58,Clear,moderate rain,7.56,None
P002,Sweets ,Patiala,2025-07-24,128,25.29,45,Clouds,light rain,7.54,None
P002,Sweets ,Bathinda,2025-07-24,104,24.85,68,Clouds,scattered clouds,1.9,None
P004,Pooja Articles,Rajpura,2025-07-25,143,34.89,48,Rain,light rain,4.43,None
P004,Pooja Articles,Bathinda,2025-07-25,174,31.16,75,Clouds,moderate rain,3.57,None
P004,Pooja Articles,Malout,2025-07-25,181,35.54,69,Clear,scattered clouds,2.87,None
P004,Pooja Articles,Mohali,2025-07-25,200,33.38,57,Clouds,scattered clouds,7.71,None
P004,Pooja Articles,Patiala,2025-07-25,162,29.38,52,Clear,clear sky,8.94,None
P003,Moisturizer ,Patiala,2025-07-25,85,29.38,52,Clear,clear sky,8.94,None
P005,Gift Hamper,Malout,2025-07-25,251,35.54,69,Clear,scattered clouds,2.87,None
P005,Gift Hamper,Mohali,2025-07-25,253,33.38,57,Clouds,scattered clouds,7.71,None
P005,Gift Hamper,Rajpura,2025-07-25,186,34.89,48,Rain,light rain,4.43,None
P005,Gift Hamper,Patiala,2025-07-25,227,29.38,52,Clear,clear sky,8.94,None
P005,Gift Hamper,Bathinda,2025-07-25,216,31.16,75,Clouds,moderate rain,3.57,None
P003,Moisturizer ,Rajpura,2025-07-25,87,34.89,48,Rain,light rain,4.43,None
P002,Sweets ,Malout,2025-07-25,154,35.54,69,Clear,scattered clouds,2.87,None
P003,Moisturizer ,Malout,2025-07-25,71,35.54,69,Clear,scattered clouds,2.87,None
P001,Soft Drink ,Malout,2025-07-25,253,35.54,69,Clear,scattered clouds,2.87,None
P001,Soft Drink ,Mohali,2025-07-25,230,33.38,57,Clouds,scattered clouds,7.71,None
P001,Soft Drink ,Rajpura,2025-07-25,233,34.89,48,Rain,light rain,4.43,None
P001,Soft Drink ,Patiala,2025-07-25,224,29.38,52,Clear,clear sky,8.94,None
P002,Sweets ,Bathinda,2025-07-25,132,31.16,75,Clouds,moderate rain,3.57,None
P001,Soft Drink ,Bathinda,2025-07-25,217,31.16,75,Clouds,moderate rain,3.57,None
P002,Sweets ,Mohali,2025-07-25,107,33.38,57,Clouds,scattered clouds,7.71,None
P002,Sweets ,Rajpura,2025-07-25,118,34.89,48,Rain,light rain,4.43,None
P002,Sweets ,Patiala,2025-07-25,103,29.38,52,Clear,clear sky,8.94,None
P003,Moisturizer ,Bathinda,2025-07-25,68,31.16,75,Clouds,moderate rain,3.57,None
P003,Moisturizer ,Mohali,2025-07-25,36,33.38,57,Clouds,scattered clouds,7.71,None
P004,Pooja Articles,Bathinda,2025-07-26,187,29.94,75,Clear,light rain,2.1,None
P004,Pooja Articles,Malout,2025-07-26,171,21.47,48,Rain,scattered clouds,8.58,None
P004,Pooja Articles,Mohali,2025-07-26,241,37.19,82,Clear,scattered clouds,5.81,None
P004,Pooja Articles,Rajpura,2025-07-26,152,31.9,78,Clear,moderate rain,7.31,None
P004,Pooja Articles,Patiala,2025-07-26,116,37.93,74,Clouds,light rain,7.15,None
P005,Gift Hamper,Malout,2025-07-26,199,21.47,48,Rain,scattered clouds,8.58,None
P005,Gift Hamper,Mohali,2025-07-26,219,37.19,82,Clear,scattered clouds,5.81,None
P005,Gift Hamper,Rajpura,2025-07-26,261,31.9,78,Clear,moderate rain,7.31,None
P005,Gift Hamper,Patiala,2025-07-26,237,37.93,74,Clouds,light rain,7.15,None
P003,Moisturizer ,Patiala,2025-07-26,29,37.93,74,Clouds,light rain,7.15,None
P005,Gift Hamper,Bathinda,2025-07-26,219,29.94,75,Clear,light rain,2.1,None
P003,Moisturizer ,Rajpura,2025-07-26,111,31.9,78,Clear,moderate rain,7.31,None
P003,Moisturizer ,Mohali,2025-07-26,68,37.19,82,Clear,scattered clouds,5.81,None
P003,Moisturizer ,Malout,2025-07-26,29,21.47,48,Rain,scattered clouds,8.58,None
P001,Soft Drink ,Malout,2025-07-26,294,21.47,48,Rain,scattered clouds,8.58,None
P001,Soft Drink ,Mohali,2025-07-26,279,37.19,82,Clear,scattered clouds,5.81,None
P001,Soft Drink ,Rajpura,2025-07-26,279,31.9,78,Clear,moderate rain,7.31,None
P001,Soft Drink ,Patiala,2025-07-26,264,37.93,74,Clouds,light rain,7.15,None
P002,Sweets ,Bathinda,2025-07-26,124,29.94,75,Clear,light rain,2.1,None
P001,Soft Drink ,Bathinda,2025-07-26,273,29.94,75,Clear,light rain,2.1,None
P002,Sweets ,Mohali,2025-07-26,165,37.19,82,Clear,scattered clouds,5.81,None
P002,Sweets ,Rajpura,2025-07-26,125,31.9,78,Clear,moderate rain,7.31,None
P002,Sweets ,Patiala,2025-07-26,121,37.93,74,Clouds,light rain,7.15,None
P003,Moisturizer ,Bathinda,2025-07-26,0,29.94,75,Clear,light rain,2.1,None
P002,Sweets ,Malout,2025-07-26,145,21.47,48,Rain,scattered clouds,8.58,None
P004,Pooja Articles,Bathinda,2025-07-27,172,28.22,54,Clear,clear sky,9.02,None
P004,Pooja Articles,Malout,2025-07-27,159,24.22,56,Clear,overcast clouds,6.6,None
P004,Pooja Articles,Mohali,2025-07-27,186,33.04,67,Clear,moderate rain,4.0,None
P004,Pooja Articles,Rajpura,2025-07-27,199,33.82,79,Clear,overcast clouds,3.16,None
P004,Pooja Articles,Patiala,2025-07-27,188,23.55,41,Clouds,clear sky,4.99,None
P005,Gift Hamper,Malout,2025-07-27,214,24.22,56,Clear,overcast clouds,6.6,None
P005,Gift Hamper,Mohali,2025-07-27,216,33.04,67,Clear,moderate rain,4.0,None
P005,Gift Hamper,Rajpura,2025-07-27,191,33.82,79,Clear,overcast clouds,3.16,None
P005,Gift Hamper,Patiala,2025-07-27,219,23.55,41,Clouds,clear sky,4.99,None
P003,Moisturizer ,Patiala,2025-07-27,0,23.55,41,Clouds,clear sky,4.99,None
P005,Gift Hamper,Bathinda,2025-07-27,265,28.22,54,Clear,clear sky,9.02,None
P003,Moisturizer ,Rajpura,2025-07-27,35,33.82,79,Clear,overcast clouds,3.16,None
P003,Moisturizer ,Mohali,2025-07-27,59,33.04,67,Clear,moderate rain,4.0,None
P003,Moisturizer ,Malout,2025-07-27,69,24.22,56,Clear,overcast clouds,6.6,None
P001,Soft Drink ,Malout,2025-07-27,247,24.22,56,Clear,overcast clouds,6.6,None
P001,Soft Drink ,Mohali,2025-07-27,233,33.04,67,Clear,moderate rain,4.0,None
P001,Soft Drink ,Rajpura,2025-07-27,208,33.82,79,Clear,overcast clouds,3.16,None
P001,Soft Drink ,Patiala,2025-07-27,283,23.55,41,Clouds,clear sky,4.99,None
P002,Sweets ,Bathinda,2025-07-27,104,28.22,54,Clear,clear sky,9.02,None
P001,Soft Drink ,Bathinda,2025-07-27,209,28.22,54,Clear,clear sky,9.02,None
P002,Sweets ,Mohali,2025-07-27,84,33.04,67,Clear,moderate rain,4.0,None
P002,Sweets ,Rajpura,2025-07-27,72,33.82,79,Clear,overcast clouds,3.16,None
P002,Sweets ,Patiala,2025-07-27,162,23.55,41,Clouds,clear sky,4.99,None
P003,Moisturizer ,Bathinda,2025-07-27,41,28.22,54,Clear,clear sky,9.02,None
P002,Sweets ,Malout,2025-07-27,122,24.22,56,Clear,overcast clouds,6.6,None
P004,Pooja Articles,Bathinda,2025-07-28,213,34.17,55,Rain,clear sky,9.02,None
P004,Pooja Articles,Malout,2025-07-28,172,28.16,82,Clouds,scattered clouds,3.0,None
P004,Pooja Articles,Mohali,2025-07-28,178,32.41,45,Clear,moderate rain,9.78,None
P004,Pooja Articles,Rajpura,2025-07-28,176,30.37,66,Clear,scattered clouds,4.94,None
P004,Pooja Articles,Patiala,2025-07-28,181,30.59,59,Clear,moderate rain,8.21,None
P005,Gift Hamper,Malout,2025-07-28,208,28.16,82,Clouds,scattered clouds,3.0,None
P005,Gift Hamper,Mohali,2025-07-28,224,32.41,45,Clear,moderate rain,9.78,None
P005,Gift Hamper,Rajpura,2025-07-28,235,30.37,66,Clear,scattered clouds,4.94,None
P005,Gift Hamper,Patiala,2025-07-28,212,30.59,59,Clear,moderate rain,8.21,None
P003,Moisturizer ,Patiala,2025-07-28,79,30.59,59,Clear,moderate rain,8.21,None
P005,Gift Hamper,Bathinda,2025-07-28,173,34.17,55,Rain,clear sky,9.02,None
P003,Moisturizer ,Rajpura,2025-07-28,88,30.37,66,Clear,scattered clouds,4.94,None
P003,Moisturizer ,Mohali,2025-07-28,91,32.41,45,Clear,moderate rain,9.78,None
P003,Moisturizer ,Malout,2025-07-28,40,28.16,82,Clouds,scattered clouds,3.0,None
P001,Soft Drink ,Malout,2025-07-28,259,28.16,82,Clouds,scattered clouds,3.0,None
P001,Soft Drink ,Mohali,2025-07-28,245,32.41,45,Clear,moderate rain,9.78,None
P001,Soft Drink ,Rajpura,2025-07-28,270,30.37,66,Clear,scattered clouds,4.94,None
P001,Soft Drink ,Patiala,2025-07-28,244,30.59,59,Clear,moderate rain,8.21,None
P002,Sweets ,Bathinda,2025-07-28,131,34.17,55,Rain,clear sky,9.02,None
P001,Soft Drink ,Bathinda,2025-07-28,242,34.17,55,Rain,clear sky,9.02,None
P002,Sweets ,Mohali,2025-07-28,123,32.41,45,Clear,moderate rain,9.78,None
P002,Sweets ,Rajpura,2025-07-28,124,30.37,66,Clear,scattered clouds,4.94,None
P002,Sweets ,Patiala,2025-07-28,162,30.59,59,Clear,moderate rain,8.21,None
P003,Moisturizer ,Bathinda,2025-07-28,15,34.17,55,Rain,clear sky,9.02,None
P002,Sweets ,Malout,2025-07-28,100,28.16,82,Clouds,scattered clouds,3.0,None
P004,Pooja Articles,Bathinda,2025-07-29,114,20.31,54,Rain,clear sky,5.04,None
P004,Pooja Articles,Malout,2025-07-29,190,22.74,66,Clear,light rain,3.66,None
P004,Pooja Articles,Mohali,2025-07-29,191,23.34,68,Clear,scattered clouds,7.78,None
P004,Pooja Articles,Rajpura,2025-07-29,186,34.73,65,Clouds,clear sky,6.57,None
P004,Pooja Articles,Patiala,2025-07-29,188,25.91,77,Clear,overcast clouds,1.42,None
P005,Gift Hamper,Malout,2025-07-29,208,22.74,66,Clear,light rain,3.66,None
P005,Gift Hamper,Mohali,2025-07-29,190,23.34,68,Clear,scattered clouds,7.78,None
P005,Gift Hamper,Rajpura,2025-07-29,252,34.73,65,Clouds,clear sky,6.57,None
P005,Gift Hamper,Patiala,2025-07-29,203,25.91,77,Clear,overcast clouds,1.42,None
P003,Moisturizer ,Patiala,2025-07-29,85,25.91,77,Clear,overcast clouds,1.42,None
P005,Gift Hamper,Bathinda,2025-07-29,231,20.31,54,Rain,clear sky,5.04,None
P003,Moisturizer ,Rajpura,2025-07-29,16,34.73,65,Clouds,clear sky,6.57,None
P003,Moisturizer ,Mohali,2025-07-29,52,23.34,68,Clear,scattered clouds,7.78,None
P003,Moisturizer ,Malout,2025-07-29,78,22.74,66,Clear,light rain,3.66,None
P001,Soft Drink ,Malout,2025-07-29,270,22.74,66,Clear,light rain,3.66,None
P001,Soft Drink ,Mohali,2025-07-29,219,23.34,68,Clear,scattered clouds,7.78,None
P001,Soft Drink ,Rajpura,2025-07-29,238,34.73,65,Clouds,clear sky,6.57,None
P001,Soft Drink ,Patiala,2025-07-29,268,25.91,77,Clear,overcast clouds,1.42,None
P002,Sweets ,Bathinda,2025-07-29,145,20.31,54,Rain,clear sky,5.04,None
P001,Soft Drink ,Bathinda,2025-07-29,269,20.31,54,Rain,clear sky,5.04,None
P002,Sweets ,Mohali,2025-07-29,118,23.34,68,Clear,scattered clouds,7.78,None
P002,Sweets ,Rajpura,2025-07-29,96,34.73,65,Clouds,clear sky,6.57,None
P002,Sweets ,Patiala,2025-07-29,124,25.91,77,Clear,overcast clouds,1.42,None
P003,Moisturizer ,Bathinda,2025-07-29,31,20.31,54,Rain,clear sky,5.04,None
P002,Sweets ,Malout,2025-07-29,77,22.74,66,Clear,light rain,3.66,None
P004,Pooja Articles,Bathinda,2025-07-30,201,33.8,49,Clouds,overcast clouds,1.96,None
P004,Pooja Articles,Malout,2025-07-30,134,23.52,53,Clouds,scattered clouds,8.85,None
P004,Pooja Articles,Mohali,2025-07-30,164,35.59,82,Clouds,light rain,7.39,None
P004,Pooja Articles,Rajpura,2025-07-30,179,36.4,82,Rain,clear sky,1.54,None
P004,Pooja Articles,Patiala,2025-07-30,196,20.05,58,Clouds,light rain,8.17,None
P005,Gift Hamper,Malout,2025-07-30,188,23.52,53,Clouds,scattered clouds,8.85,None
P005,Gift Hamper,Mohali,2025-07-30,211,35.59,82,Clouds,light rain,7.39,None
P005,Gift Hamper,Rajpura,2025-07-30,225,36.4,82,Rain,clear sky,1.54,None
P005,Gift Hamper,Patiala,2025-07-30,218,20.05,58,Clouds,light rain,8.17,None
P003,Moisturizer ,Patiala,2025-07-30,51,20.05,58,Clouds,light rain,8.17,None
P005,Gift Hamper,Bathinda,2025-07-30,173,33.8,49,Clouds,overcast clouds,1.96,None
P003,Moisturizer ,Rajpura,2025-07-30,43,36.4,82,Rain,clear sky,1.54,None
P003,Moisturizer ,Mohali,2025-07-30,59,35.59,82,Clouds,light rain,7.39,None
P003,Moisturizer ,Malout,2025-07-30,68,23.52,53,Clouds,scattered clouds,8.85,None
P001,Soft Drink ,Malout,2025-07-30,244,23.52,53,Clouds,scattered clouds,8.85,None
P001,Soft Drink ,Mohali,2025-07-30,301,35.59,82,Clouds,light rain,7.39,None
P001,Soft Drink ,Rajpura,2025-07-30,237,36.4,82,Rain,clear sky,1.54,None
P001,Soft Drink ,Patiala,2025-07-30,207,20.05,58,Clouds,light rain,8.17,None
P002,Sweets ,Bathinda,2025-07-30,161,33.8,49,Clouds,overcast clouds,1.96,None
P001,Soft Drink ,Bathinda,2025-07-30,253,33.8,49,Clouds,overcast clouds,1.96,None
P002,Sweets ,Mohali,2025-07-30,116,35.59,82,Clouds,light rain,7.39,None
P002,Sweets ,Rajpura,2025-07-30,97,36.4,82,Rain,clear sky,1.54,None
P002,Sweets ,Patiala,2025-07-30,133,20.05,58,Clouds,light rain,8.17,None
P003,Moisturizer ,Bathinda,2025-07-30,85,33.8,49,Clouds,overcast clouds,1.96,None
P002,Sweets ,Malout,2025-07-30,133,23.52,53,Clouds,scattered clouds,8.85,None
P004,Pooja Articles,Bathinda,2025-07-31,157,22.22,42,Clear,clear sky,9.33,None
P004,Pooja Articles,Malout,2025-07-31,168,22.25,40,Rain,clear sky,7.73,None
P004,Pooja Articles,Mohali,2025-07-31,111,21.12,83,Clouds,moderate rain,5.64,None
P004,Pooja Articles,Rajpura,2025-07-31,189,29.12,60,Clouds,clear sky,4.98,None
P004,Pooja Articles,Patiala,2025-07-31,164,25.71,88,Clouds,overcast clouds,1.72,None
P005,Gift Hamper,Malout,2025-07-31,221,22.25,40,Rain,clear sky,7.73,None
P005,Gift Hamper,Mohali,2025-07-31,239,21.12,83,Clouds,moderate rain,5.64,None
P005,Gift Hamper,Rajpura,2025-07-31,270,29.12,60,Clouds,clear sky,4.98,None
P005,Gift Hamper,Patiala,2025-07-31,265,25.71,88,Clouds,overcast clouds,1.72,None
P003,Moisturizer ,Patiala,2025-07-31,22,25.71,88,Clouds,overcast clouds,1.72,None
P005,Gift Hamper,Bathinda,2025-07-31,210,22.22,42,Clear,clear sky,9.33,None
P003,Moisturizer ,Rajpura,2025-07-31,90,29.12,60,Clouds,clear sky,4.98,None
P003,Moisturizer ,Mohali,2025-07-31,92,21.12,83,Clouds,moderate rain,5.64,None
P003,Moisturizer ,Malout,2025-07-31,40,22.25,40,Rain,clear sky,7.73,None
P001,Soft Drink ,Malout,2025-07-31,240,22.25,40,Rain,clear sky,7.73,None
P001,Soft Drink ,Mohali,2025-07-31,247,21.12,83,Clouds,moderate rain,5.64,None
P001,Soft Drink ,Rajpura,2025-07-31,282,29.12,60,Clouds,clear sky,4.98,None
P001,Soft Drink ,Patiala,2025-07-31,241,25.71,88,Clouds,overcast clouds,1.72,None
P002,Sweets ,Bathinda,2025-07-31,128,22.22,42,Clear,clear sky,9.33,None
P001,Soft Drink ,Bathinda,2025-07-31,229,22.22,42,Clear,clear sky,9.33,None
P002,Sweets ,Mohali,2025-07-31,95,21.12,83,Clouds,moderate rain,5.64,None
P002,Sweets ,Rajpura,2025-07-31,115,29.12,60,Clouds,clear sky,4.98,None
P002,Sweets ,Patiala,2025-07-31,140,25.71,88,Clouds,overcast clouds,1.72,None
P003,Moisturizer ,Bathinda,2025-07-31,63,22.22,42,Clear,clear sky,9.33,None
P002,Sweets ,Malout,2025-07-31,118,22.25,40,Rain,clear sky,7.73,None
P004,Pooja Articles,Bathinda,2025-08-01,185,33.47,67,Clouds,moderate rain,2.0,None
P004,Pooja Articles,Malout,2025-08-01,165,30.75,68,Rain,light rain,5.55,None
P004,Pooja Articles,Mohali,2025-08-01,151,25.97,50,Clouds,clear sky,3.41,None
P004,Pooja Articles,Rajpura,2025-08-01,163,32.3,40,Clouds,overcast clouds,6.64,None
P004,Pooja Articles,Patiala,2025-08-01,172,37.78,47,Clouds,clear sky,4.88,None
P005,Gift Hamper,Malout,2025-08-01,232,30.75,68,Rain,light rain,5.55,None
P005,Gift Hamper,Mohali,2025-08-01,234,25.97,50,Clouds,clear sky,3.41,None
P005,Gift Hamper,Rajpura,2025-08-01,198,32.3,40,Clouds,overcast clouds,6.64,None
P005,Gift Hamper,Patiala,2025-08-01,224,37.78,47,Clouds,clear sky,4.88,None
P003,Moisturizer ,Patiala,2025-08-01,50,37.78,47,Clouds,clear sky,4.88,None
P005,Gift Hamper,Bathinda,2025-08-01,255,33.47,67,Clouds,moderate rain,2.0,None
P003,Moisturizer ,Rajpura,2025-08-01,41,32.3,40,Clouds,overcast clouds,6.64,None
P003,Moisturizer ,Mohali,2025-08-01,60,25.97,50,Clouds,clear sky,3.41,None
P003,Moisturizer ,Malout,2025-08-01,44,30.75,68,Rain,light rain,5.55,None
P001,Soft Drink ,Malout,2025-08-01,248,30.75,68,Rain,light rain,5.55,None
P001,Soft Drink ,Mohali,2025-08-01,266,25.97,50,Clouds,clear sky,3.41,None
P001,Soft Drink ,Rajpura,2025-08-01,297,32.3,40,Clouds,overcast clouds,6.64,None
P001,Soft Drink ,Patiala,2025-08-01,258,37.78,47,Clouds,clear sky,4.88,None
P002,Sweets ,Bathinda,2025-08-01,211,33.47,67,Clouds,moderate rain,2.0,None
P001,Soft Drink ,Bathinda,2025-08-01,217,33.47,67,Clouds,moderate rain,2.0,None
P002,Sweets ,Mohali,2025-08-01,179,25.97,50,Clouds,clear sky,3.41,None
P002,Sweets ,Rajpura,2025-08-01,177,32.3,40,Clouds,overcast clouds,6.64,None
P002,Sweets ,Patiala,2025-08-01,200,37.78,47,Clouds,clear sky,4.88,None
P003,Moisturizer ,Bathinda,2025-08-01,63,33.47,67,Clouds,moderate rain,2.0,None
P002,Sweets ,Malout,2025-08-01,161,30.75,68,Rain,light rain,5.55,None
P003,Moisturizer ,Patiala,2025-08-02,48,34.39,50,Clouds,moderate rain,7.63,None
P004,Pooja Articles,Bathinda,2025-08-02,179,26.2,63,Clouds,light rain,7.11,None
P004,Pooja Articles,Malout,2025-08-02,157,28.04,71,Rain,moderate rain,1.32,None
P004,Pooja Articles,Mohali,2025-08-02,196,26.45,71,Rain,moderate rain,9.38,None
P004,Pooja Articles,Rajpura,2025-08-02,202,29.71,60,Clouds,overcast clouds,6.94,None
P005,Gift Hamper,Bathinda,2025-08-02,216,26.2,63,Clouds,light rain,7.11,None
P005,Gift Hamper,Malout,2025-08-02,223,28.04,71,Rain,moderate rain,1.32,None
P005,Gift Hamper,Mohali,2025-08-02,241,26.45,71,Rain,moderate rain,9.38,None
P005,Gift Hamper,Rajpura,2025-08-02,188,29.71,60,Clouds,overcast clouds,6.94,None
P003,Moisturizer ,Rajpura,2025-08-02,70,29.71,60,Clouds,overcast clouds,6.94,None
P004,Pooja Articles,Patiala,2025-08-02,177,34.39,50,Clouds,moderate rain,7.63,None
P003,Moisturizer ,Mohali,2025-08-02,52,26.45,71,Rain,moderate rain,9.38,None
P005,Gift Hamper,Patiala,2025-08-02,243,34.39,50,Clouds,moderate rain,7.63,None
P003,Moisturizer ,Bathinda,2025-08-02,47,26.2,63,Clouds,light rain,7.11,None
P001,Soft Drink ,Bathinda,2025-08-02,240,26.2,63,Clouds,light rain,7.11,None
P001,Soft Drink ,Malout,2025-08-02,249,28.04,71,Rain,moderate rain,1.32,None
P001,Soft Drink ,Mohali,2025-08-02,259,26.45,71,Rain,moderate rain,9.38,None
P001,Soft Drink ,Rajpura,2025-08-02,265,29.71,60,Clouds,overcast clouds,6.94,None
P001,Soft Drink ,Patiala,2025-08-02,277,34.39,50,Clouds,moderate rain,7.63,None
P003,Moisturizer ,Malout,2025-08-02,56,28.04,71,Rain,moderate rain,1.32,None
P002,Sweets ,Malout,2025-08-02,195,28.04,71,Rain,moderate rain,1.32,None
P002,Sweets ,Mohali,2025-08-02,185,26.45,71,Rain,moderate rain,9.38,None
P002,Sweets ,Rajpura,2025-08-02,189,29.71,60,Clouds,overcast clouds,6.94,None
P002,Sweets ,Patiala,2025-08-02,162,34.39,50,Clouds,moderate rain,7.63,None
P002,Sweets ,Bathinda,2025-08-02,211,26.2,63,Clouds,light rain,7.11,None
P004,Pooja Articles,Bathinda,2025-08-03,166,26.23,56,Rain,overcast clouds,4.36,Friendship Day
P004,Pooja Articles,Malout,2025-08-03,183,37.0,65,Rain,overcast clouds,6.18,Friendship Day
P004,Pooja Articles,Mohali,2025-08-03,175,28.26,77,Clouds,moderate rain,5.33,Friendship Day
P004,Pooja Articles,Rajpura,2025-08-03,152,27.53,41,Rain,light rain,5.2,Friendship Day
P004,Pooja Articles,Patiala,2025-08-03,182,30.6,64,Clouds,overcast clouds,5.26,Friendship Day
P005,Gift Hamper,Malout,2025-08-03,229,37.0,65,Rain,overcast clouds,6.18,Friendship Day
P005,Gift Hamper,Mohali,2025-08-03,232,28.26,77,Clouds,moderate rain,5.33,Friendship Day
P005,Gift Hamper,Rajpura,2025-08-03,226,27.53,41,Rain,light rain,5.2,Friendship Day
P005,Gift Hamper,Patiala,2025-08-03,229,30.6,64,Clouds,overcast clouds,5.26,Friendship Day
P003,Moisturizer ,Patiala,2025-08-03,35,30.6,64,Clouds,overcast clouds,5.26,Friendship Day
P005,Gift Hamper,Bathinda,2025-08-03,174,26.23,56,Rain,overcast clouds,4.36,Friendship Day
P003,Moisturizer ,Rajpura,2025-08-03,57,27.53,41,Rain,light rain,5.2,Friendship Day
P003,Moisturizer ,Mohali,2025-08-03,59,28.26,77,Clouds,moderate rain,5.33,Friendship Day
P003,Moisturizer ,Malout,2025-08-03,39,37.0,65,Rain,overcast clouds,6.18,Friendship Day
P001,Soft Drink ,Malout,2025-08-03,211,37.0,65,Rain,overcast clouds,6.18,Friendship Day
P001,Soft Drink ,Mohali,2025-08-03,246,28.26,77,Clouds,moderate rain,5.33,Friendship Day
P001,Soft Drink ,Rajpura,2025-08-03,272,27.53,41,Rain,light rain,5.2,Friendship Day
P001,Soft Drink ,Patiala,2025-08-03,230,30.6,64,Clouds,overcast clouds,5.26,Friendship Day
P002,Sweets ,Bathinda,2025-08-03,279,26.23,56,Rain,overcast clouds,4.36,Friendship Day
P001,Soft Drink ,Bathinda,2025-08-03,208,26.23,56,Rain,overcast clouds,4.36,Friendship Day
P002,Sweets ,Mohali,2025-08-03,197,28.26,77,Clouds,moderate rain,5.33,Friendship Day
P002,Sweets ,Rajpura,2025-08-03,186,27.53,41,Rain,light rain,5.2,Friendship Day
P002,Sweets ,Patiala,2025-08-03,234,30.6,64,Clouds,overcast clouds,5.26,Friendship Day
P003,Moisturizer ,Bathinda,2025-08-03,59,26.23,56,Rain,overcast clouds,4.36,Friendship Day
P002,Sweets ,Malout,2025-08-03,184,37.0,65,Rain,overcast clouds,6.18,Friendship Day
P004,Pooja Articles,Bathinda,2025-08-04,178,30.31,76,Rain,light rain,9.09,None
P004,Pooja Articles,Malout,2025-08-04,128,30.39,43,Rain,scattered clouds,8.68,None
P004,Pooja Articles,Mohali,2025-08-04,128,31.98,77,Clear,moderate rain,6.18,None
P004,Pooja Articles,Rajpura,2025-08-04,185,26.64,79,Clouds,light rain,1.89,None
P004,Pooja Articles,Patiala,2025-08-04,182,27.54,81,Clouds,clear sky,1.91,None
P005,Gift Hamper,Malout,2025-08-04,267,30.39,43,Rain,scattered clouds,8.68,None
P005,Gift Hamper,Mohali,2025-08-04,246,31.98,77,Clear,moderate rain,6.18,None
P005,Gift Hamper,Rajpura,2025-08-04,217,26.64,79,Clouds,light rain,1.89,None
P005,Gift Hamper,Patiala,2025-08-04,229,27.54,81,Clouds,clear sky,1.91,None
P003,Moisturizer ,Patiala,2025-08-04,18,27.54,81,Clouds,clear sky,1.91,None
P005,Gift Hamper,Bathinda,2025-08-04,208,30.31,76,Rain,light rain,9.09,None
P003,Moisturizer ,Rajpura,2025-08-04,30,26.64,79,Clouds,light rain,1.89,None
P003,Moisturizer ,Mohali,2025-08-04,44,31.98,77,Clear,moderate rain,6.18,None
P003,Moisturizer ,Malout,2025-08-04,46,30.39,43,Rain,scattered clouds,8.68,None
P001,Soft Drink ,Malout,2025-08-04,220,30.39,43,Rain,scattered clouds,8.68,None
P001,Soft Drink ,Mohali,2025-08-04,252,31.98,77,Clear,moderate rain,6.18,None
P001,Soft Drink ,Rajpura,2025-08-04,266,26.64,79,Clouds,light rain,1.89,None
P001,Soft Drink ,Patiala,2025-08-04,227,27.54,81,Clouds,clear sky,1.91,None
P002,Sweets ,Bathinda,2025-08-04,225,30.31,76,Rain,light rain,9.09,None
P001,Soft Drink ,Bathinda,2025-08-04,275,30.31,76,Rain,light rain,9.09,None
P002,Sweets ,Mohali,2025-08-04,174,31.98,77,Clear,moderate rain,6.18,None
P002,Sweets ,Rajpura,2025-08-04,248,26.64,79,Clouds,light rain,1.89,None
P002,Sweets ,Patiala,2025-08-04,237,27.54,81,Clouds,clear sky,1.91,None
P003,Moisturizer ,Bathinda,2025-08-04,41,30.31,76,Rain,light rain,9.09,None
P002,Sweets ,Malout,2025-08-04,159,30.39,43,Rain,scattered clouds,8.68,None
P004,Pooja Articles,Bathinda,2025-08-05,168,21.02,78,Rain,light rain,7.04,None
P004,Pooja Articles,Malout,2025-08-05,164,38.67,64,Clear,moderate rain,7.34,None
P004,Pooja Articles,Mohali,2025-08-05,166,33.37,89,Clouds,clear sky,8.81,None
P004,Pooja Articles,Rajpura,2025-08-05,173,23.31,81,Clear,overcast clouds,1.87,None
P004,Pooja Articles,Patiala,2025-08-05,214,25.0,79,Clouds,moderate rain,2.76,None
P005,Gift Hamper,Malout,2025-08-05,208,38.67,64,Clear,moderate rain,7.34,None
P005,Gift Hamper,Mohali,2025-08-05,216,33.37,89,Clouds,clear sky,8.81,None
P005,Gift Hamper,Rajpura,2025-08-05,203,23.31,81,Clear,overcast clouds,1.87,None
P005,Gift Hamper,Patiala,2025-08-05,250,25.0,79,Clouds,moderate rain,2.76,None
P003,Moisturizer ,Patiala,2025-08-05,66,25.0,79,Clouds,moderate rain,2.76,None
P005,Gift Hamper,Bathinda,2025-08-05,232,21.02,78,Rain,light rain,7.04,None
P003,Moisturizer ,Rajpura,2025-08-05,25,23.31,81,Clear,overcast clouds,1.87,None
P003,Moisturizer ,Mohali,2025-08-05,52,33.37,89,Clouds,clear sky,8.81,None
P003,Moisturizer ,Malout,2025-08-05,18,38.67,64,Clear,moderate rain,7.34,None
P001,Soft Drink ,Malout,2025-08-05,235,38.67,64,Clear,moderate rain,7.34,None
P001,Soft Drink ,Mohali,2025-08-05,280,33.37,89,Clouds,clear sky,8.81,None
P001,Soft Drink ,Rajpura,2025-08-05,237,23.31,81,Clear,overcast clouds,1.87,None
P001,Soft Drink ,Patiala,2025-08-05,240,25.0,79,Clouds,moderate rain,2.76,None
P002,Sweets ,Bathinda,2025-08-05,197,21.02,78,Rain,light rain,7.04,None
P001,Soft Drink ,Bathinda,2025-08-05,227,21.02,78,Rain,light rain,7.04,None
P002,Sweets ,Mohali,2025-08-05,230,33.37,89,Clouds,clear sky,8.81,None
P002,Sweets ,Rajpura,2025-08-05,196,23.31,81,Clear,overcast clouds,1.87,None
P002,Sweets ,Patiala,2025-08-05,184,25.0,79,Clouds,moderate rain,2.76,None
P003,Moisturizer ,Bathinda,2025-08-05,100,21.02,78,Rain,light rain,7.04,None
P002,Sweets ,Malout,2025-08-05,219,38.67,64,Clear,moderate rain,7.34,None
P003,Moisturizer ,Patiala,2025-08-06,47,37.13,60,Clear,scattered clouds,5.12,None
P004,Pooja Articles,Bathinda,2025-08-06,197,26.54,45,Clouds,light rain,3.71,None
P004,Pooja Articles,Malout,2025-08-06,218,31.39,82,Clouds,clear sky,9.33,None
P004,Pooja Articles,Mohali,2025-08-06,153,29.86,64,Clear,overcast clouds,4.43,None
P004,Pooja Articles,Rajpura,2025-08-06,166,29.72,41,Clear,light rain,8.08,None
P005,Gift Hamper,Bathinda,2025-08-06,212,26.54,45,Clouds,light rain,3.71,None
P005,Gift Hamper,Malout,2025-08-06,224,31.39,82,Clouds,clear sky,9.33,None
P005,Gift Hamper,Mohali,2025-08-06,214,29.86,64,Clear,overcast clouds,4.43,None
P005,Gift Hamper,Rajpura,2025-08-06,231,29.72,41,Clear,light rain,8.08,None
P003,Moisturizer ,Rajpura,2025-08-06,43,29.72,41,Clear,light rain,8.08,None
P004,Pooja Articles,Patiala,2025-08-06,193,37.13,60,Clear,scattered clouds,5.12,None
P003,Moisturizer ,Mohali,2025-08-06,44,29.86,64,Clear,overcast clouds,4.43,None
P005,Gift Hamper,Patiala,2025-08-06,186,37.13,60,Clear,scattered clouds,5.12,None
P003,Moisturizer ,Bathinda,2025-08-06,42,26.54,45,Clouds,light rain,3.71,None
P001,Soft Drink ,Bathinda,2025-08-06,204,26.54,45,Clouds,light rain,3.71,None
P001,Soft Drink ,Malout,2025-08-06,253,31.39,82,Clouds,clear sky,9.33,None
P001,Soft Drink ,Mohali,2025-08-06,252,29.86,64,Clear,overcast clouds,4.43,None
P001,Soft Drink ,Rajpura,2025-08-06,167,29.72,41,Clear,light rain,8.08,None
P001,Soft Drink ,Patiala,2025-08-06,265,37.13,60,Clear,scattered clouds,5.12,None
P003,Moisturizer ,Malout,2025-08-06,94,31.39,82,Clouds,clear sky,9.33,None
P002,Sweets ,Malout,2025-08-06,202,31.39,82,Clouds,clear sky,9.33,None
P002,Sweets ,Mohali,2025-08-06,204,29.86,64,Clear,overcast clouds,4.43,None
P002,Sweets ,Rajpura,2025-08-06,179,29.72,41,Clear,light rain,8.08,None
P002,Sweets ,Patiala,2025-08-06,153,37.13,60,Clear,scattered clouds,5.12,None
P002,Sweets ,Bathinda,2025-08-06,143,26.54,45,Clouds,light rain,3.71,None
P004,Pooja Articles,Bathinda,2025-08-07,155,39.68,45,Rain,clear sky,7.25,None
P004,Pooja Articles,Malout,2025-08-07,200,23.58,77,Clear,scattered clouds,9.39,None
P004,Pooja Articles,Mohali,2025-08-07,170,23.27,77,Rain,moderate rain,8.77,None
P004,Pooja Articles,Rajpura,2025-08-07,148,36.31,44,Clear,overcast clouds,6.66,None
P004,Pooja Articles,Patiala,2025-08-07,193,37.67,85,Rain,clear sky,8.27,None
P005,Gift Hamper,Malout,2025-08-07,259,23.58,77,Clear,scattered clouds,9.39,None
P005,Gift Hamper,Mohali,2025-08-07,233,23.27,77,Rain,moderate rain,8.77,None
P005,Gift Hamper,Rajpura,2025-08-07,226,36.31,44,Clear,overcast clouds,6.66,None
P005,Gift Hamper,Patiala,2025-08-07,223,37.67,85,Rain,clear sky,8.27,None
P003,Moisturizer ,Patiala,2025-08-07,41,37.67,85,Rain,clear sky,8.27,None
P005,Gift Hamper,Bathinda,2025-08-07,218,39.68,45,Rain,clear sky,7.25,None
P003,Moisturizer ,Rajpura,2025-08-07,17,36.31,44,Clear,overcast clouds,6.66,None
P003,Moisturizer ,Mohali,2025-08-07,51,23.27,77,Rain,moderate rain,8.77,None
P003,Moisturizer ,Malout,2025-08-07,82,23.58,77,Clear,scattered clouds,9.39,None
P001,Soft Drink ,Malout,2025-08-07,304,23.58,77,Clear,scattered clouds,9.39,None
P001,Soft Drink ,Mohali,2025-08-07,266,23.27,77,Rain,moderate rain,8.77,None
P001,Soft Drink ,Rajpura,2025-08-07,200,36.31,44,Clear,overcast clouds,6.66,None
P001,Soft Drink ,Patiala,2025-08-07,260,37.67,85,Rain,clear sky,8.27,None
P002,Sweets ,Bathinda,2025-08-07,193,39.68,45,Rain,clear sky,7.25,None
P001,Soft Drink ,Bathinda,2025-08-07,248,39.68,45,Rain,clear sky,7.25,None
P002,Sweets ,Mohali,2025-08-07,211,23.27,77,Rain,moderate rain,8.77,None
P002,Sweets ,Rajpura,2025-08-07,173,36.31,44,Clear,overcast clouds,6.66,None
P002,Sweets ,Patiala,2025-08-07,161,37.67,85,Rain,clear sky,8.27,None
P003,Moisturizer ,Bathinda,2025-08-07,88,39.68,45,Rain,clear sky,7.25,None
P002,Sweets ,Malout,2025-08-07,220,23.58,77,Clear,scattered clouds,9.39,None
P003,Moisturizer ,Patiala,2025-08-08,70,22.6,43,Rain,moderate rain,6.61,None
P004,Pooja Articles,Bathinda,2025-08-08,196,23.93,66,Clouds,clear sky,4.29,None
P004,Pooja Articles,Malout,2025-08-08,202,21.78,70,Clear,scattered clouds,3.42,None
P004,Pooja Articles,Mohali,2025-08-08,204,31.2,88,Clear,scattered clouds,3.17,None
P004,Pooja Articles,Rajpura,2025-08-08,217,36.34,63,Clouds,light rain,7.04,None
P005,Gift Hamper,Bathinda,2025-08-08,240,23.93,66,Clouds,clear sky,4.29,None
P005,Gift Hamper,Malout,2025-08-08,259,21.78,70,Clear,scattered clouds,3.42,None
P005,Gift Hamper,Mohali,2025-08-08,188,31.2,88,Clear,scattered clouds,3.17,None
P005,Gift Hamper,Rajpura,2025-08-08,242,36.34,63,Clouds,light rain,7.04,None
P003,Moisturizer ,Rajpura,2025-08-08,110,36.34,63,Clouds,light rain,7.04,None
P004,Pooja Articles,Patiala,2025-08-08,186,22.6,43,Rain,moderate rain,6.61,None
P003,Moisturizer ,Mohali,2025-08-08,54,31.2,88,Clear,scattered clouds,3.17,None
P005,Gift Hamper,Patiala,2025-08-08,215,22.6,43,Rain,moderate rain,6.61,None
P003,Moisturizer ,Bathinda,2025-08-08,47,23.93,66,Clouds,clear sky,4.29,None
P001,Soft Drink ,Bathinda,2025-08-08,295,23.93,66,Clouds,clear sky,4.29,None
P001,Soft Drink ,Malout,2025-08-08,242,21.78,70,Clear,scattered clouds,3.42,None
P001,Soft Drink ,Mohali,2025-08-08,221,31.2,88,Clear,scattered clouds,3.17,None
P001,Soft Drink ,Rajpura,2025-08-08,240,36.34,63,Clouds,light rain,7.04,None
P001,Soft Drink ,Patiala,2025-08-08,251,22.6,43,Rain,moderate rain,6.61,None
P003,Moisturizer ,Malout,2025-08-08,75,21.78,70,Clear,scattered clouds,3.42,None
P002,Sweets ,Malout,2025-08-08,185,21.78,70,Clear,scattered clouds,3.42,None
P002,Sweets ,Mohali,2025-08-08,187,31.2,88,Clear,scattered clouds,3.17,None
P002,Sweets ,Rajpura,2025-08-08,197,36.34,63,Clouds,light rain,7.04,None
P002,Sweets ,Patiala,2025-08-08,184,22.6,43,Rain,moderate rain,6.61,None
P002,Sweets ,Bathinda,2025-08-08,196,23.93,66,Clouds,clear sky,4.29,None
P003,Moisturizer ,Patiala,2025-08-09,50,29.64,82,Clouds,moderate rain,2.82,Raksha Bandhan (Rakhi)
P004,Pooja Articles,Bathinda,2025-08-09,178,31.96,81,Clouds,moderate rain,8.65,Raksha Bandhan (Rakhi)
P004,Pooja Articles,Malout,2025-08-09,170,35.79,65,Clear,overcast clouds,8.55,Raksha Bandhan (Rakhi)
P004,Pooja Articles,Mohali,2025-08-09,161,35.27,74,Clouds,light rain,2.21,Raksha Bandhan (Rakhi)
P004,Pooja Articles,Rajpura,2025-08-09,181,37.79,55,Clear,moderate rain,5.75,Raksha Bandhan (Rakhi)
P005,Gift Hamper,Bathinda,2025-08-09,191,31.96,81,Clouds,moderate rain,8.65,Raksha Bandhan (Rakhi)
P005,Gift Hamper,Malout,2025-08-09,220,35.79,65,Clear,overcast clouds,8.55,Raksha Bandhan (Rakhi)
P005,Gift Hamper,Mohali,2025-08-09,209,35.27,74,Clouds,light rain,2.21,Raksha Bandhan (Rakhi)
P005,Gift Hamper,Rajpura,2025-08-09,282,37.79,55,Clear,moderate rain,5.75,Raksha Bandhan (Rakhi)
P003,Moisturizer ,Rajpura,2025-08-09,70,37.79,55,Clear,moderate rain,5.75,Raksha Bandhan (Rakhi)
P004,Pooja Articles,Patiala,2025-08-09,150,29.64,82,Clouds,moderate rain,2.82,Raksha Bandhan (Rakhi)
P003,Moisturizer ,Mohali,2025-08-09,37,35.27,74,Clouds,light rain,2.21,Raksha Bandhan (Rakhi)
P005,Gift Hamper,Patiala,2025-08-09,188,29.64,82,Clouds,moderate rain,2.82,Raksha Bandhan (Rakhi)
P003,Moisturizer ,Bathinda,2025-08-09,13,31.96,81,Clouds,moderate rain,8.65,Raksha Bandhan (Rakhi)
P001,Soft Drink ,Bathinda,2025-08-09,272,31.96,81,Clouds,moderate rain,8.65,Raksha Bandhan (Rakhi)
P001,Soft Drink ,Malout,2025-08-09,250,35.79,65,Clear,overcast clouds,8.55,Raksha Bandhan (Rakhi)
P001,Soft Drink ,Mohali,2025-08-09,237,35.27,74,Clouds,light rain,2.21,Raksha Bandhan (Rakhi)
P001,Soft Drink ,Rajpura,2025-08-09,244,37.79,55,Clear,moderate rain,5.75,Raksha Bandhan (Rakhi)
P001,Soft Drink ,Patiala,2025-08-09,240,29.64,82,Clouds,moderate rain,2.82,Raksha Bandhan (Rakhi)
P003,Moisturizer ,Malout,2025-08-09,60,35.79,65,Clear,overcast clouds,8.55,Raksha Bandhan (Rakhi)
P002,Sweets ,Malout,2025-08-09,235,35.79,65,Clear,overcast clouds,8.55,Raksha Bandhan (Rakhi)
P002,Sweets ,Mohali,2025-08-09,241,35.27,74,Clouds,light rain,2.21,Raksha Bandhan (Rakhi)
P002,Sweets ,Rajpura,2025-08-09,185,37.79,55,Clear,moderate rain,5.75,Raksha Bandhan (Rakhi)
P002,Sweets ,Patiala,2025-08-09,164,29.64,82,Clouds,moderate rain,2.82,Raksha Bandhan (Rakhi)
P002,Sweets ,Bathinda,2025-08-09,211,31.96,81,Clouds,moderate rain,8.65,Raksha Bandhan (Rakhi)
P003,Moisturizer ,Patiala,2025-08-10,28,39.12,86,Clouds,clear sky,2.12,None
P004,Pooja Articles,Bathinda,2025-08-10,159,32.04,60,Clouds,scattered clouds,7.5,None
P004,Pooja Articles,Malout,2025-08-10,184,38.72,53,Rain,moderate rain,3.14,None
P004,Pooja Articles,Mohali,2025-08-10,197,24.07,87,Rain,light rain,2.71,None
P004,Pooja Articles,Rajpura,2025-08-10,160,25.81,45,Clouds,clear sky,3.26,None
P005,Gift Hamper,Bathinda,2025-08-10,240,32.04,60,Clouds,scattered clouds,7.5,None
P005,Gift Hamper,Malout,2025-08-10,225,38.72,53,Rain,moderate rain,3.14,None
P005,Gift Hamper,Mohali,2025-08-10,218,24.07,87,Rain,light rain,2.71,None
P005,Gift Hamper,Rajpura,2025-08-10,228,25.81,45,Clouds,clear sky,3.26,None
P003,Moisturizer ,Rajpura,2025-08-10,40,25.81,45,Clouds,clear sky,3.26,None
P004,Pooja Articles,Patiala,2025-08-10,184,39.12,86,Clouds,clear sky,2.12,None
P005,Gift Hamper,Patiala,2025-08-10,215,39.12,86,Clouds,clear sky,2.12,None
P003,Moisturizer ,Mohali,2025-08-10,72,24.07,87,Rain,light rain,2.71,None
P003,Moisturizer ,Bathinda,2025-08-10,80,32.04,60,Clouds,scattered clouds,7.5,None
P003,Moisturizer ,Malout,2025-08-10,110,38.72,53,Rain,moderate rain,3.14,None
P001,Soft Drink ,Bathinda,2025-08-10,305,32.04,60,Clouds,scattered clouds,7.5,None
P001,Soft Drink ,Malout,2025-08-10,258,38.72,53,Rain,moderate rain,3.14,None
P001,Soft Drink ,Rajpura,2025-08-10,230,25.81,45,Clouds,clear sky,3.26,None
P001,Soft Drink ,Patiala,2025-08-10,204,39.12,86,Clouds,clear sky,2.12,None
P001,Soft Drink ,Mohali,2025-08-10,238,24.07,87,Rain,light rain,2.71,None
P002,Sweets ,Malout,2025-08-10,220,38.72,53,Rain,moderate rain,3.14,None
P002,Sweets ,Mohali,2025-08-10,186,24.07,87,Rain,light rain,2.71,None
P002,Sweets ,Rajpura,2025-08-10,162,25.81,45,Clouds,clear sky,3.26,None
P002,Sweets ,Patiala,2025-08-10,202,39.12,86,Clouds,clear sky,2.12,None
P002,Sweets ,Bathinda,2025-08-10,179,32.04,60,Clouds,scattered clouds,7.5,None
P004,Pooja Articles,Mohali,2025-08-11,197,39.13,52,Rain,moderate rain,1.06,None
P003,Moisturizer ,Patiala,2025-08-11,106,20.34,61,Rain,clear sky,5.81,None
P004,Pooja Articles,Bathinda,2025-08-11,144,23.56,43,Rain,moderate rain,8.11,None
P004,Pooja Articles,Malout,2025-08-11,202,34.76,65,Clouds,light rain,3.46,None
P004,Pooja Articles,Rajpura,2025-08-11,160,33.74,70,Clear,clear sky,1.02,None
P003,Moisturizer ,Rajpura,2025-08-11,79,33.74,70,Clear,clear sky,1.02,None
P005,Gift Hamper,Bathinda,2025-08-11,217,23.56,43,Rain,moderate rain,8.11,None
P005,Gift Hamper,Malout,2025-08-11,214,34.76,65,Clouds,light rain,3.46,None
P005,Gift Hamper,Mohali,2025-08-11,230,39.13,52,Rain,moderate rain,1.06,None
P005,Gift Hamper,Rajpura,2025-08-11,189,33.74,70,Clear,clear sky,1.02,None
P004,Pooja Articles,Patiala,2025-08-11,188,20.34,61,Rain,clear sky,5.81,None
P003,Moisturizer ,Mohali,2025-08-11,129,39.13,52,Rain,moderate rain,1.06,None
P005,Gift Hamper,Patiala,2025-08-11,211,20.34,61,Rain,clear sky,5.81,None
P003,Moisturizer ,Bathinda,2025-08-11,0,23.56,43,Rain,moderate rain,8.11,None
P001,Soft Drink ,Bathinda,2025-08-11,213,23.56,43,Rain,moderate rain,8.11,None
P001,Soft Drink ,Malout,2025-08-11,199,34.76,65,Clouds,light rain,3.46,None
P001,Soft Drink ,Mohali,2025-08-11,228,39.13,52,Rain,moderate rain,1.06,None
P001,Soft Drink ,Rajpura,2025-08-11,233,33.74,70,Clear,clear sky,1.02,None
P001,Soft Drink ,Patiala,2025-08-11,240,20.34,61,Rain,clear sky,5.81,None
P003,Moisturizer ,Malout,2025-08-11,57,34.76,65,Clouds,light rain,3.46,None
P002,Sweets ,Malout,2025-08-11,219,34.76,65,Clouds,light rain,3.46,None
P002,Sweets ,Mohali,2025-08-11,241,39.13,52,Rain,moderate rain,1.06,None
P002,Sweets ,Rajpura,2025-08-11,220,33.74,70,Clear,clear sky,1.02,None
P002,Sweets ,Patiala,2025-08-11,198,20.34,61,Rain,clear sky,5.81,None
P002,Sweets ,Bathinda,2025-08-11,252,23.56,43,Rain,moderate rain,8.11,None
P003,Moisturizer ,Patiala,2025-08-12,45,36.89,66,Rain,light rain,2.16,None
P004,Pooja Articles,Malout,2025-08-12,192,32.29,80,Clouds,clear sky,9.26,None
P004,Pooja Articles,Mohali,2025-08-12,150,31.18,66,Clear,scattered clouds,1.88,None
P004,Pooja Articles,Rajpura,2025-08-12,181,30.59,68,Rain,overcast clouds,1.0,None
P004,Pooja Articles,Patiala,2025-08-12,194,36.89,66,Rain,light rain,2.16,None
P005,Gift Hamper,Malout,2025-08-12,201,32.29,80,Clouds,clear sky,9.26,None
P003,Moisturizer ,Rajpura,2025-08-12,81,30.59,68,Rain,overcast clouds,1.0,None
P005,Gift Hamper,Mohali,2025-08-12,245,31.18,66,Clear,scattered clouds,1.88,None
P005,Gift Hamper,Rajpura,2025-08-12,232,30.59,68,Rain,overcast clouds,1.0,None
P005,Gift Hamper,Patiala,2025-08-12,218,36.89,66,Rain,light rain,2.16,None
P005,Gift Hamper,Bathinda,2025-08-12,211,35.75,41,Clear,light rain,3.97,None
P003,Moisturizer ,Mohali,2025-08-12,65,31.18,66,Clear,scattered clouds,1.88,None
P004,Pooja Articles,Bathinda,2025-08-12,188,35.75,41,Clear,light rain,3.97,None
P003,Moisturizer ,Bathinda,2025-08-12,23,35.75,41,Clear,light rain,3.97,None
P003,Moisturizer ,Malout,2025-08-12,64,32.29,80,Clouds,clear sky,9.26,None
P001,Soft Drink ,Malout,2025-08-12,253,32.29,80,Clouds,clear sky,9.26,None
P001,Soft Drink ,Mohali,2025-08-12,263,31.18,66,Clear,scattered clouds,1.88,None
P001,Soft Drink ,Rajpura,2025-08-12,259,30.59,68,Rain,overcast clouds,1.0,None
P001,Soft Drink ,Patiala,2025-08-12,285,36.89,66,Rain,light rain,2.16,None
P001,Soft Drink ,Bathinda,2025-08-12,240,35.75,41,Clear,light rain,3.97,None
P002,Sweets ,Malout,2025-08-12,239,32.29,80,Clouds,clear sky,9.26,None
P002,Sweets ,Mohali,2025-08-12,175,31.18,66,Clear,scattered clouds,1.88,None
P002,Sweets ,Rajpura,2025-08-12,221,30.59,68,Rain,overcast clouds,1.0,None
P002,Sweets ,Patiala,2025-08-12,163,36.89,66,Rain,light rain,2.16,None
P002,Sweets ,Bathinda,2025-08-12,183,35.75,41,Clear,light rain,3.97,None
P004,Pooja Articles,Bathinda,2025-08-13,166,25.13,40,Clear,moderate rain,6.88,None
P004,Pooja Articles,Malout,2025-08-13,189,34.0,82,Clouds,scattered clouds,4.82,None
P004,Pooja Articles,Mohali,2025-08-13,178,26.12,85,Rain,scattered clouds,4.15,None
P004,Pooja Articles,Rajpura,2025-08-13,170,32.06,43,Clear,overcast clouds,2.55,None
P004,Pooja Articles,Patiala,2025-08-13,193,38.03,60,Clear,light rain,5.35,None
P005,Gift Hamper,Malout,2025-08-13,265,34.0,82,Clouds,scattered clouds,4.82,None
P005,Gift Hamper,Mohali,2025-08-13,177,26.12,85,Rain,scattered clouds,4.15,None
P005,Gift Hamper,Rajpura,2025-08-13,247,32.06,43,Clear,overcast clouds,2.55,None
P005,Gift Hamper,Patiala,2025-08-13,189,38.03,60,Clear,light rain,5.35,None
P003,Moisturizer ,Patiala,2025-08-13,64,38.03,60,Clear,light rain,5.35,None
P005,Gift Hamper,Bathinda,2025-08-13,184,25.13,40,Clear,moderate rain,6.88,None
P003,Moisturizer ,Rajpura,2025-08-13,18,32.06,43,Clear,overcast clouds,2.55,None
P001,Soft Drink ,Rajpura,2025-08-13,224,32.06,43,Clear,overcast clouds,2.55,None
P003,Moisturizer ,Malout,2025-08-13,42,34.0,82,Clouds,scattered clouds,4.82,None
P003,Moisturizer ,Mohali,2025-08-13,32,26.12,85,Rain,scattered clouds,4.15,None
P001,Soft Drink ,Malout,2025-08-13,216,34.0,82,Clouds,scattered clouds,4.82,None
P001,Soft Drink ,Mohali,2025-08-13,268,26.12,85,Rain,scattered clouds,4.15,None
P001,Soft Drink ,Patiala,2025-08-13,265,38.03,60,Clear,light rain,5.35,None
P002,Sweets ,Bathinda,2025-08-13,190,25.13,40,Clear,moderate rain,6.88,None
P001,Soft Drink ,Bathinda,2025-08-13,213,25.13,40,Clear,moderate rain,6.88,None
P002,Sweets ,Mohali,2025-08-13,275,26.12,85,Rain,scattered clouds,4.15,None
P002,Sweets ,Rajpura,2025-08-13,200,32.06,43,Clear,overcast clouds,2.55,None
P002,Sweets ,Patiala,2025-08-13,226,38.03,60,Clear,light rain,5.35,None
P003,Moisturizer ,Bathinda,2025-08-13,51,25.13,40,Clear,moderate rain,6.88,None
P002,Sweets ,Malout,2025-08-13,223,34.0,82,Clouds,scattered clouds,4.82,None
P004,Pooja Articles,Bathinda,2025-08-14,211,32.26,40,Rain,scattered clouds,6.17,None
P004,Pooja Articles,Malout,2025-08-14,137,32.79,53,Clear,overcast clouds,6.59,None
P004,Pooja Articles,Mohali,2025-08-14,210,30.02,42,Clear,light rain,3.62,None
P004,Pooja Articles,Rajpura,2025-08-14,148,36.28,60,Clouds,moderate rain,1.7,None
P004,Pooja Articles,Patiala,2025-08-14,216,27.97,47,Clouds,light rain,1.04,None
P005,Gift Hamper,Malout,2025-08-14,215,32.79,53,Clear,overcast clouds,6.59,None
P005,Gift Hamper,Mohali,2025-08-14,202,30.02,42,Clear,light rain,3.62,None
P005,Gift Hamper,Rajpura,2025-08-14,215,36.28,60,Clouds,moderate rain,1.7,None
P005,Gift Hamper,Patiala,2025-08-14,205,27.97,47,Clouds,light rain,1.04,None
P003,Moisturizer ,Patiala,2025-08-14,16,27.97,47,Clouds,light rain,1.04,None
P005,Gift Hamper,Bathinda,2025-08-14,242,32.26,40,Rain,scattered clouds,6.17,None
P003,Moisturizer ,Rajpura,2025-08-14,78,36.28,60,Clouds,moderate rain,1.7,None
P001,Soft Drink ,Rajpura,2025-08-14,274,36.28,60,Clouds,moderate rain,1.7,None
P003,Moisturizer ,Malout,2025-08-14,68,32.79,53,Clear,overcast clouds,6.59,None
P003,Moisturizer ,Mohali,2025-08-14,102,30.02,42,Clear,light rain,3.62,None
P001,Soft Drink ,Bathinda,2025-08-14,203,32.26,40,Rain,scattered clouds,6.17,None
P001,Soft Drink ,Malout,2025-08-14,299,32.79,53,Clear,overcast clouds,6.59,None
P001,Soft Drink ,Patiala,2025-08-14,250,27.97,47,Clouds,light rain,1.04,None
P002,Sweets ,Bathinda,2025-08-14,182,32.26,40,Rain,scattered clouds,6.17,None
P001,Soft Drink ,Mohali,2025-08-14,269,30.02,42,Clear,light rain,3.62,None
P002,Sweets ,Mohali,2025-08-14,194,30.02,42,Clear,light rain,3.62,None
P002,Sweets ,Rajpura,2025-08-14,265,36.28,60,Clouds,moderate rain,1.7,None
P002,Sweets ,Patiala,2025-08-14,146,27.97,47,Clouds,light rain,1.04,None
P003,Moisturizer ,Bathinda,2025-08-14,43,32.26,40,Rain,scattered clouds,6.17,None
P002,Sweets ,Malout,2025-08-14,216,32.79,53,Clear,overcast clouds,6.59,None
P004,Pooja Articles,Mohali,2025-08-15,168,36.58,56,Clear,clear sky,7.78,Parsi New Year
P004,Pooja Articles,Malout,2025-08-15,177,28.83,77,Clear,moderate rain,6.86,Independence Day
P004,Pooja Articles,Mohali,2025-08-15,168,36.58,56,Clear,clear sky,7.78,Janmashtami (Smarta)
P004,Pooja Articles,Mohali,2025-08-15,168,36.58,56,Clear,clear sky,7.78,Independence Day
P004,Pooja Articles,Malout,2025-08-15,177,28.83,77,Clear,moderate rain,6.86,Parsi New Year
P004,Pooja Articles,Malout,2025-08-15,177,28.83,77,Clear,moderate rain,6.86,Janmashtami (Smarta)
P004,Pooja Articles,Bathinda,2025-08-15,177,27.12,73,Rain,clear sky,2.77,Parsi New Year
P003,Moisturizer ,Patiala,2025-08-15,43,23.56,43,Clear,light rain,8.27,Janmashtami (Smarta)
P005,Gift Hamper,Patiala,2025-08-15,196,23.56,43,Clear,light rain,8.27,Parsi New Year
P004,Pooja Articles,Bathinda,2025-08-15,177,27.12,73,Rain,clear sky,2.77,Independence Day
P003,Moisturizer ,Patiala,2025-08-15,43,23.56,43,Clear,light rain,8.27,Parsi New Year
P004,Pooja Articles,Rajpura,2025-08-15,184,25.45,54,Clouds,scattered clouds,3.84,Independence Day
P003,Moisturizer ,Patiala,2025-08-15,43,23.56,43,Clear,light rain,8.27,Independence Day
P003,Moisturizer ,Rajpura,2025-08-15,83,25.45,54,Clouds,scattered clouds,3.84,Parsi New Year
P003,Moisturizer ,Rajpura,2025-08-15,83,25.45,54,Clouds,scattered clouds,3.84,Janmashtami (Smarta)
P004,Pooja Articles,Bathinda,2025-08-15,177,27.12,73,Rain,clear sky,2.77,Janmashtami (Smarta)
P004,Pooja Articles,Rajpura,2025-08-15,184,25.45,54,Clouds,scattered clouds,3.84,Janmashtami (Smarta)
P005,Gift Hamper,Bathinda,2025-08-15,229,27.12,73,Rain,clear sky,2.77,Janmashtami (Smarta)
P004,Pooja Articles,Patiala,2025-08-15,173,23.56,43,Clear,light rain,8.27,Independence Day
P003,Moisturizer ,Rajpura,2025-08-15,83,25.45,54,Clouds,scattered clouds,3.84,Independence Day
P005,Gift Hamper,Patiala,2025-08-15,196,23.56,43,Clear,light rain,8.27,Janmashtami (Smarta)
P005,Gift Hamper,Patiala,2025-08-15,196,23.56,43,Clear,light rain,8.27,Independence Day
P005,Gift Hamper,Rajpura,2025-08-15,216,25.45,54,Clouds,scattered clouds,3.84,Parsi New Year
P005,Gift Hamper,Rajpura,2025-08-15,216,25.45,54,Clouds,scattered clouds,3.84,Janmashtami (Smarta)
P005,Gift Hamper,Rajpura,2025-08-15,216,25.45,54,Clouds,scattered clouds,3.84,Independence Day
P005,Gift Hamper,Mohali,2025-08-15,256,36.58,56,Clear,clear sky,7.78,Parsi New Year
P004,Pooja Articles,Rajpura,2025-08-15,184,25.45,54,Clouds,scattered clouds,3.84,Parsi New Year
P005,Gift Hamper,Mohali,2025-08-15,256,36.58,56,Clear,clear sky,7.78,Janmashtami (Smarta)
P005,Gift Hamper,Malout,2025-08-15,240,28.83,77,Clear,moderate rain,6.86,Parsi New Year
P005,Gift Hamper,Malout,2025-08-15,240,28.83,77,Clear,moderate rain,6.86,Janmashtami (Smarta)
P005,Gift Hamper,Malout,2025-08-15,240,28.83,77,Clear,moderate rain,6.86,Independence Day
P005,Gift Hamper,Bathinda,2025-08-15,229,27.12,73,Rain,clear sky,2.77,Parsi New Year
P005,Gift Hamper,Bathinda,2025-08-15,229,27.12,73,Rain,clear sky,2.77,Independence Day
P004,Pooja Articles,Patiala,2025-08-15,173,23.56,43,Clear,light rain,8.27,Parsi New Year
P004,Pooja Articles,Patiala,2025-08-15,173,23.56,43,Clear,light rain,8.27,Janmashtami (Smarta)
P005,Gift Hamper,Mohali,2025-08-15,256,36.58,56,Clear,clear sky,7.78,Independence Day
P003,Moisturizer ,Mohali,2025-08-15,76,36.58,56,Clear,clear sky,7.78,Parsi New Year
P002,Sweets ,Patiala,2025-08-15,182,23.56,43,Clear,light rain,8.27,Janmashtami (Smarta)
P003,Moisturizer ,Mohali,2025-08-15,76,36.58,56,Clear,clear sky,7.78,Independence Day
P001,Soft Drink ,Patiala,2025-08-15,289,23.56,43,Clear,light rain,8.27,Parsi New Year
P001,Soft Drink ,Patiala,2025-08-15,289,23.56,43,Clear,light rain,8.27,Janmashtami (Smarta)
P001,Soft Drink ,Patiala,2025-08-15,289,23.56,43,Clear,light rain,8.27,Independence Day
P001,Soft Drink ,Rajpura,2025-08-15,286,25.45,54,Clouds,scattered clouds,3.84,Parsi New Year
P001,Soft Drink ,Rajpura,2025-08-15,286,25.45,54,Clouds,scattered clouds,3.84,Janmashtami (Smarta)
P001,Soft Drink ,Rajpura,2025-08-15,286,25.45,54,Clouds,scattered clouds,3.84,Independence Day
P001,Soft Drink ,Mohali,2025-08-15,293,36.58,56,Clear,clear sky,7.78,Parsi New Year
P002,Sweets ,Bathinda,2025-08-15,196,27.12,73,Rain,clear sky,2.77,Independence Day
P001,Soft Drink ,Mohali,2025-08-15,293,36.58,56,Clear,clear sky,7.78,Janmashtami (Smarta)
P001,Soft Drink ,Malout,2025-08-15,233,28.83,77,Clear,moderate rain,6.86,Parsi New Year
P001,Soft Drink ,Malout,2025-08-15,233,28.83,77,Clear,moderate rain,6.86,Janmashtami (Smarta)
P001,Soft Drink ,Malout,2025-08-15,233,28.83,77,Clear,moderate rain,6.86,Independence Day
P001,Soft Drink ,Bathinda,2025-08-15,209,27.12,73,Rain,clear sky,2.77,Parsi New Year
P001,Soft Drink ,Bathinda,2025-08-15,209,27.12,73,Rain,clear sky,2.77,Janmashtami (Smarta)
P001,Soft Drink ,Bathinda,2025-08-15,209,27.12,73,Rain,clear sky,2.77,Independence Day
P003,Moisturizer ,Mohali,2025-08-15,76,36.58,56,Clear,clear sky,7.78,Janmashtami (Smarta)
P001,Soft Drink ,Mohali,2025-08-15,293,36.58,56,Clear,clear sky,7.78,Independence Day
P002,Sweets ,Bathinda,2025-08-15,196,27.12,73,Rain,clear sky,2.77,Janmashtami (Smarta)
P002,Sweets ,Rajpura,2025-08-15,188,25.45,54,Clouds,scattered clouds,3.84,Independence Day
P002,Sweets ,Malout,2025-08-15,204,28.83,77,Clear,moderate rain,6.86,Independence Day
P002,Sweets ,Bathinda,2025-08-15,196,27.12,73,Rain,clear sky,2.77,Parsi New Year
P003,Moisturizer ,Malout,2025-08-15,69,28.83,77,Clear,moderate rain,6.86,Janmashtami (Smarta)
P003,Moisturizer ,Malout,2025-08-15,69,28.83,77,Clear,moderate rain,6.86,Independence Day
P003,Moisturizer ,Bathinda,2025-08-15,66,27.12,73,Rain,clear sky,2.77,Janmashtami (Smarta)
P003,Moisturizer ,Bathinda,2025-08-15,66,27.12,73,Rain,clear sky,2.77,Independence Day
P002,Sweets ,Patiala,2025-08-15,182,23.56,43,Clear,light rain,8.27,Parsi New Year
P002,Sweets ,Patiala,2025-08-15,182,23.56,43,Clear,light rain,8.27,Independence Day
P003,Moisturizer ,Bathinda,2025-08-15,66,27.12,73,Rain,clear sky,2.77,Parsi New Year
P002,Sweets ,Rajpura,2025-08-15,188,25.45,54,Clouds,scattered clouds,3.84,Janmashtami (Smarta)
P002,Sweets ,Rajpura,2025-08-15,188,25.45,54,Clouds,scattered clouds,3.84,Parsi New Year
P002,Sweets ,Malout,2025-08-15,204,28.83,77,Clear,moderate rain,6.86,Janmashtami (Smarta)
P002,Sweets ,Malout,2025-08-15,204,28.83,77,Clear,moderate rain,6.86,Parsi New Year
P002,Sweets ,Mohali,2025-08-15,194,36.58,56,Clear,clear sky,7.78,Independence Day
P003,Moisturizer ,Malout,2025-08-15,69,28.83,77,Clear,moderate rain,6.86,Parsi New Year
P002,Sweets ,Mohali,2025-08-15,194,36.58,56,Clear,clear sky,7.78,Janmashtami (Smarta)
P002,Sweets ,Mohali,2025-08-15,194,36.58,56,Clear,clear sky,7.78,Parsi New Year
P005,Gift Hamper,Rajpura,2025-08-16,196,37.73,69,Rain,clear sky,9.11,Janmashtami
P005,Gift Hamper,Patiala,2025-08-16,261,20.94,49,Clouds,light rain,7.79,Janmashtami
P005,Gift Hamper,Bathinda,2025-08-16,217,23.07,75,Rain,light rain,1.1,Janmashtami
P004,Pooja Articles,Patiala,2025-08-16,216,20.94,49,Clouds,light rain,7.79,Janmashtami
P004,Pooja Articles,Rajpura,2025-08-16,179,37.73,69,Rain,clear sky,9.11,Janmashtami
P004,Pooja Articles,Mohali,2025-08-16,183,29.98,55,Clear,clear sky,4.78,Janmashtami
P004,Pooja Articles,Malout,2025-08-16,136,37.09,46,Clear,moderate rain,8.46,Janmashtami
P004,Pooja Articles,Bathinda,2025-08-16,199,23.07,75,Rain,light rain,1.1,Janmashtami
P003,Moisturizer ,Patiala,2025-08-16,38,20.94,49,Clouds,light rain,7.79,Janmashtami
P003,Moisturizer ,Rajpura,2025-08-16,33,37.73,69,Rain,clear sky,9.11,Janmashtami
P005,Gift Hamper,Malout,2025-08-16,237,37.09,46,Clear,moderate rain,8.46,Janmashtami
P005,Gift Hamper,Mohali,2025-08-16,240,29.98,55,Clear,clear sky,4.78,Janmashtami
P003,Moisturizer ,Bathinda,2025-08-16,82,23.07,75,Rain,light rain,1.1,Janmashtami
P003,Moisturizer ,Malout,2025-08-16,63,37.09,46,Clear,moderate rain,8.46,Janmashtami
P001,Soft Drink ,Bathinda,2025-08-16,244,23.07,75,Rain,light rain,1.1,Janmashtami
P001,Soft Drink ,Malout,2025-08-16,244,37.09,46,Clear,moderate rain,8.46,Janmashtami
P001,Soft Drink ,Mohali,2025-08-16,243,29.98,55,Clear,clear sky,4.78,Janmashtami
P001,Soft Drink ,Rajpura,2025-08-16,277,37.73,69,Rain,clear sky,9.11,Janmashtami
P003,Moisturizer ,Mohali,2025-08-16,86,29.98,55,Clear,clear sky,4.78,Janmashtami
P002,Sweets ,Bathinda,2025-08-16,186,23.07,75,Rain,light rain,1.1,Janmashtami
P001,Soft Drink ,Patiala,2025-08-16,248,20.94,49,Clouds,light rain,7.79,Janmashtami
P002,Sweets ,Rajpura,2025-08-16,219,37.73,69,Rain,clear sky,9.11,Janmashtami
P002,Sweets ,Patiala,2025-08-16,197,20.94,49,Clouds,light rain,7.79,Janmashtami
P002,Sweets ,Malout,2025-08-16,192,37.09,46,Clear,moderate rain,8.46,Janmashtami
P002,Sweets ,Mohali,2025-08-16,164,29.98,55,Clear,clear sky,4.78,Janmashtami
P005,Gift Hamper,Patiala,2025-08-17,229,24.25,46,Rain,moderate rain,5.6,None
P005,Gift Hamper,Rajpura,2025-08-17,213,35.11,73,Clear,moderate rain,1.38,None
P005,Gift Hamper,Mohali,2025-08-17,240,26.63,83,Clouds,moderate rain,9.79,None
P005,Gift Hamper,Malout,2025-08-17,240,32.79,76,Clouds,light rain,1.71,None
P003,Moisturizer ,Mohali,2025-08-17,47,26.63,83,Clouds,moderate rain,9.79,None
P004,Pooja Articles,Patiala,2025-08-17,168,24.25,46,Rain,moderate rain,5.6,None
P004,Pooja Articles,Rajpura,2025-08-17,212,35.11,73,Clear,moderate rain,1.38,None
P004,Pooja Articles,Mohali,2025-08-17,194,26.63,83,Clouds,moderate rain,9.79,None
P004,Pooja Articles,Malout,2025-08-17,175,32.79,76,Clouds,light rain,1.71,None
P003,Moisturizer ,Patiala,2025-08-17,54,24.25,46,Rain,moderate rain,5.6,None
P003,Moisturizer ,Rajpura,2025-08-17,101,35.11,73,Clear,moderate rain,1.38,None
P005,Gift Hamper,Bathinda,2025-08-17,172,28.14,64,Clear,light rain,3.11,None
P004,Pooja Articles,Bathinda,2025-08-17,209,28.14,64,Clear,light rain,3.11,None
P002,Sweets ,Patiala,2025-08-17,215,24.25,46,Rain,moderate rain,5.6,None
P003,Moisturizer ,Bathinda,2025-08-17,61,28.14,64,Clear,light rain,3.11,None
P001,Soft Drink ,Bathinda,2025-08-17,265,28.14,64,Clear,light rain,3.11,None
P001,Soft Drink ,Malout,2025-08-17,273,32.79,76,Clouds,light rain,1.71,None
P001,Soft Drink ,Mohali,2025-08-17,267,26.63,83,Clouds,moderate rain,9.79,None
P001,Soft Drink ,Rajpura,2025-08-17,277,35.11,73,Clear,moderate rain,1.38,None
P003,Moisturizer ,Malout,2025-08-17,28,32.79,76,Clouds,light rain,1.71,None
P002,Sweets ,Bathinda,2025-08-17,196,28.14,64,Clear,light rain,3.11,None
P002,Sweets ,Malout,2025-08-17,196,32.79,76,Clouds,light rain,1.71,None
P002,Sweets ,Mohali,2025-08-17,206,26.63,83,Clouds,moderate rain,9.79,None
P002,Sweets ,Rajpura,2025-08-17,222,35.11,73,Clear,moderate rain,1.38,None
P001,Soft Drink ,Patiala,2025-08-17,268,24.25,46,Rain,moderate rain,5.6,None
P003,Moisturizer ,Patiala,2025-08-18,58,39.37,86,Clear,clear sky,8.02,None
P004,Pooja Articles,Bathinda,2025-08-18,174,36.81,72,Clear,light rain,5.22,None
P004,Pooja Articles,Malout,2025-08-18,191,30.52,56,Clouds,scattered clouds,9.54,None
P004,Pooja Articles,Mohali,2025-08-18,170,28.9,79,Clouds,scattered clouds,4.18,None
P004,Pooja Articles,Rajpura,2025-08-18,210,27.65,59,Clouds,overcast clouds,9.04,None
P005,Gift Hamper,Bathinda,2025-08-18,200,36.81,72,Clear,light rain,5.22,None
P005,Gift Hamper,Malout,2025-08-18,229,30.52,56,Clouds,scattered clouds,9.54,None
P005,Gift Hamper,Mohali,2025-08-18,220,28.9,79,Clouds,scattered clouds,4.18,None
P005,Gift Hamper,Rajpura,2025-08-18,232,27.65,59,Clouds,overcast clouds,9.04,None
P003,Moisturizer ,Rajpura,2025-08-18,41,27.65,59,Clouds,overcast clouds,9.04,None
P004,Pooja Articles,Patiala,2025-08-18,216,39.37,86,Clear,clear sky,8.02,None
P005,Gift Hamper,Patiala,2025-08-18,230,39.37,86,Clear,clear sky,8.02,None
P003,Moisturizer ,Mohali,2025-08-18,80,28.9,79,Clouds,scattered clouds,4.18,None
P003,Moisturizer ,Bathinda,2025-08-18,33,36.81,72,Clear,light rain,5.22,None
P001,Soft Drink ,Bathinda,2025-08-18,240,36.81,72,Clear,light rain,5.22,None
P001,Soft Drink ,Malout,2025-08-18,268,30.52,56,Clouds,scattered clouds,9.54,None
P001,Soft Drink ,Mohali,2025-08-18,228,28.9,79,Clouds,scattered clouds,4.18,None
P001,Soft Drink ,Rajpura,2025-08-18,206,27.65,59,Clouds,overcast clouds,9.04,None
P001,Soft Drink ,Patiala,2025-08-18,249,39.37,86,Clear,clear sky,8.02,None
P003,Moisturizer ,Malout,2025-08-18,44,30.52,56,Clouds,scattered clouds,9.54,None
P002,Sweets ,Malout,2025-08-18,196,30.52,56,Clouds,scattered clouds,9.54,None
P002,Sweets ,Mohali,2025-08-18,187,28.9,79,Clouds,scattered clouds,4.18,None
P002,Sweets ,Rajpura,2025-08-18,163,27.65,59,Clouds,overcast clouds,9.04,None
P002,Sweets ,Patiala,2025-08-18,180,39.37,86,Clear,clear sky,8.02,None
P002,Sweets ,Bathinda,2025-08-18,178,36.81,72,Clear,light rain,5.22,None
P004,Pooja Articles,Bathinda,2025-08-19,198,30.48,60,Rain,moderate rain,4.67,None
P004,Pooja Articles,Malout,2025-08-19,183,21.07,79,Clear,light rain,2.5,None
P004,Pooja Articles,Mohali,2025-08-19,166,30.34,68,Clouds,moderate rain,9.07,None
P004,Pooja Articles,Rajpura,2025-08-19,192,32.9,47,Clouds,light rain,7.26,None
P004,Pooja Articles,Patiala,2025-08-19,178,33.43,72,Clouds,moderate rain,1.36,None
P005,Gift Hamper,Malout,2025-08-19,164,21.07,79,Clear,light rain,2.5,None
P005,Gift Hamper,Mohali,2025-08-19,201,30.34,68,Clouds,moderate rain,9.07,None
P005,Gift Hamper,Rajpura,2025-08-19,238,32.9,47,Clouds,light rain,7.26,None
P005,Gift Hamper,Patiala,2025-08-19,211,33.43,72,Clouds,moderate rain,1.36,None
P003,Moisturizer ,Patiala,2025-08-19,81,33.43,72,Clouds,moderate rain,1.36,None
P005,Gift Hamper,Bathinda,2025-08-19,235,30.48,60,Rain,moderate rain,4.67,None
P003,Moisturizer ,Rajpura,2025-08-19,35,32.9,47,Clouds,light rain,7.26,None
P003,Moisturizer ,Mohali,2025-08-19,57,30.34,68,Clouds,moderate rain,9.07,None
P003,Moisturizer ,Malout,2025-08-19,67,21.07,79,Clear,light rain,2.5,None
P001,Soft Drink ,Malout,2025-08-19,271,21.07,79,Clear,light rain,2.5,None
P001,Soft Drink ,Mohali,2025-08-19,257,30.34,68,Clouds,moderate rain,9.07,None
P001,Soft Drink ,Rajpura,2025-08-19,238,32.9,47,Clouds,light rain,7.26,None
P001,Soft Drink ,Patiala,2025-08-19,231,33.43,72,Clouds,moderate rain,1.36,None
P002,Sweets ,Bathinda,2025-08-19,244,30.48,60,Rain,moderate rain,4.67,None
P001,Soft Drink ,Bathinda,2025-08-19,238,30.48,60,Rain,moderate rain,4.67,None
P002,Sweets ,Mohali,2025-08-19,178,30.34,68,Clouds,moderate rain,9.07,None
P002,Sweets ,Rajpura,2025-08-19,168,32.9,47,Clouds,light rain,7.26,None
P002,Sweets ,Patiala,2025-08-19,212,33.43,72,Clouds,moderate rain,1.36,None
P003,Moisturizer ,Bathinda,2025-08-19,104,30.48,60,Rain,moderate rain,4.67,None
P002,Sweets ,Malout,2025-08-19,229,21.07,79,Clear,light rain,2.5,None
P004,Pooja Articles,Bathinda,2025-08-20,173,32.63,83,Rain,overcast clouds,2.36,None
P004,Pooja Articles,Malout,2025-08-20,227,20.13,83,Rain,overcast clouds,9.55,None
P004,Pooja Articles,Mohali,2025-08-20,205,33.34,71,Rain,clear sky,4.55,None
P004,Pooja Articles,Rajpura,2025-08-20,149,37.77,82,Clouds,moderate rain,5.05,None
P004,Pooja Articles,Patiala,2025-08-20,129,20.3,68,Clear,clear sky,3.68,None
P005,Gift Hamper,Malout,2025-08-20,213,20.13,83,Rain,overcast clouds,9.55,None
P005,Gift Hamper,Mohali,2025-08-20,203,33.34,71,Rain,clear sky,4.55,None
P005,Gift Hamper,Rajpura,2025-08-20,262,37.77,82,Clouds,moderate rain,5.05,None
P005,Gift Hamper,Patiala,2025-08-20,273,20.3,68,Clear,clear sky,3.68,None
P003,Moisturizer ,Patiala,2025-08-20,66,20.3,68,Clear,clear sky,3.68,None
P005,Gift Hamper,Bathinda,2025-08-20,216,32.63,83,Rain,overcast clouds,2.36,None
P003,Moisturizer ,Rajpura,2025-08-20,48,37.77,82,Clouds,moderate rain,5.05,None
P003,Moisturizer ,Mohali,2025-08-20,125,33.34,71,Rain,clear sky,4.55,None
P003,Moisturizer ,Malout,2025-08-20,55,20.13,83,Rain,overcast clouds,9.55,None
P001,Soft Drink ,Malout,2025-08-20,263,20.13,83,Rain,overcast clouds,9.55,None
P001,Soft Drink ,Mohali,2025-08-20,212,33.34,71,Rain,clear sky,4.55,None
P001,Soft Drink ,Rajpura,2025-08-20,201,37.77,82,Clouds,moderate rain,5.05,None
P001,Soft Drink ,Patiala,2025-08-20,276,20.3,68,Clear,clear sky,3.68,None
P002,Sweets ,Bathinda,2025-08-20,139,32.63,83,Rain,overcast clouds,2.36,None
P001,Soft Drink ,Bathinda,2025-08-20,246,32.63,83,Rain,overcast clouds,2.36,None
P002,Sweets ,Mohali,2025-08-20,224,33.34,71,Rain,clear sky,4.55,None
P002,Sweets ,Rajpura,2025-08-20,203,37.77,82,Clouds,moderate rain,5.05,None
P002,Sweets ,Patiala,2025-08-20,230,20.3,68,Clear,clear sky,3.68,None
P003,Moisturizer ,Bathinda,2025-08-20,71,32.63,83,Rain,overcast clouds,2.36,None
P002,Sweets ,Malout,2025-08-20,185,20.13,83,Rain,overcast clouds,9.55,None
P004,Pooja Articles,Bathinda,2025-08-21,149,26.53,72,Rain,overcast clouds,4.12,None
P004,Pooja Articles,Malout,2025-08-21,189,26.77,43,Clear,overcast clouds,5.58,None
P004,Pooja Articles,Mohali,2025-08-21,145,23.33,89,Clouds,overcast clouds,7.8,None
P004,Pooja Articles,Rajpura,2025-08-21,172,36.57,64,Clouds,moderate rain,3.03,None
P004,Pooja Articles,Patiala,2025-08-21,177,27.09,40,Clouds,light rain,4.05,None
P005,Gift Hamper,Malout,2025-08-21,215,26.77,43,Clear,overcast clouds,5.58,None
P005,Gift Hamper,Mohali,2025-08-21,260,23.33,89,Clouds,overcast clouds,7.8,None
P005,Gift Hamper,Rajpura,2025-08-21,209,36.57,64,Clouds,moderate rain,3.03,None
P005,Gift Hamper,Patiala,2025-08-21,253,27.09,40,Clouds,light rain,4.05,None
P003,Moisturizer ,Patiala,2025-08-21,101,27.09,40,Clouds,light rain,4.05,None
P005,Gift Hamper,Bathinda,2025-08-21,227,26.53,72,Rain,overcast clouds,4.12,None
P003,Moisturizer ,Rajpura,2025-08-21,66,36.57,64,Clouds,moderate rain,3.03,None
P003,Moisturizer ,Mohali,2025-08-21,34,23.33,89,Clouds,overcast clouds,7.8,None
P003,Moisturizer ,Malout,2025-08-21,55,26.77,43,Clear,overcast clouds,5.58,None
P001,Soft Drink ,Malout,2025-08-21,249,26.77,43,Clear,overcast clouds,5.58,None
P001,Soft Drink ,Mohali,2025-08-21,316,23.33,89,Clouds,overcast clouds,7.8,None
P001,Soft Drink ,Rajpura,2025-08-21,254,36.57,64,Clouds,moderate rain,3.03,None
P001,Soft Drink ,Patiala,2025-08-21,254,27.09,40,Clouds,light rain,4.05,None
P002,Sweets ,Bathinda,2025-08-21,210,26.53,72,Rain,overcast clouds,4.12,None
P001,Soft Drink ,Bathinda,2025-08-21,286,26.53,72,Rain,overcast clouds,4.12,None
P002,Sweets ,Mohali,2025-08-21,171,23.33,89,Clouds,overcast clouds,7.8,None
P002,Sweets ,Rajpura,2025-08-21,198,36.57,64,Clouds,moderate rain,3.03,None
P002,Sweets ,Patiala,2025-08-21,159,27.09,40,Clouds,light rain,4.05,None
P003,Moisturizer ,Bathinda,2025-08-21,38,26.53,72,Rain,overcast clouds,4.12,None
P002,Sweets ,Malout,2025-08-21,214,26.77,43,Clear,overcast clouds,5.58,None
P003,Moisturizer ,Patiala,2025-08-22,91,35.38,45,Clear,overcast clouds,4.12,None
P004,Pooja Articles,Bathinda,2025-08-22,184,35.87,83,Rain,clear sky,4.76,None
P004,Pooja Articles,Malout,2025-08-22,182,34.47,53,Clouds,overcast clouds,1.18,None
P004,Pooja Articles,Mohali,2025-08-22,167,20.68,66,Rain,light rain,2.57,None
P004,Pooja Articles,Rajpura,2025-08-22,189,35.77,69,Rain,clear sky,9.55,None
P005,Gift Hamper,Bathinda,2025-08-22,197,35.87,83,Rain,clear sky,4.76,None
P005,Gift Hamper,Malout,2025-08-22,257,34.47,53,Clouds,overcast clouds,1.18,None
P005,Gift Hamper,Mohali,2025-08-22,192,20.68,66,Rain,light rain,2.57,None
P005,Gift Hamper,Rajpura,2025-08-22,205,35.77,69,Rain,clear sky,9.55,None
P003,Moisturizer ,Rajpura,2025-08-22,91,35.77,69,Rain,clear sky,9.55,None
P004,Pooja Articles,Patiala,2025-08-22,203,35.38,45,Clear,overcast clouds,4.12,None
P003,Moisturizer ,Mohali,2025-08-22,70,20.68,66,Rain,light rain,2.57,None
P005,Gift Hamper,Patiala,2025-08-22,220,35.38,45,Clear,overcast clouds,4.12,None
P003,Moisturizer ,Bathinda,2025-08-22,92,35.87,83,Rain,clear sky,4.76,None
P001,Soft Drink ,Bathinda,2025-08-22,245,35.87,83,Rain,clear sky,4.76,None
P001,Soft Drink ,Malout,2025-08-22,231,34.47,53,Clouds,overcast clouds,1.18,None
P001,Soft Drink ,Mohali,2025-08-22,256,20.68,66,Rain,light rain,2.57,None
P001,Soft Drink ,Rajpura,2025-08-22,255,35.77,69,Rain,clear sky,9.55,None
P001,Soft Drink ,Patiala,2025-08-22,257,35.38,45,Clear,overcast clouds,4.12,None
P003,Moisturizer ,Malout,2025-08-22,102,34.47,53,Clouds,overcast clouds,1.18,None
P002,Sweets ,Malout,2025-08-22,206,34.47,53,Clouds,overcast clouds,1.18,None
P002,Sweets ,Mohali,2025-08-22,174,20.68,66,Rain,light rain,2.57,None
P002,Sweets ,Rajpura,2025-08-22,202,35.77,69,Rain,clear sky,9.55,None
P002,Sweets ,Patiala,2025-08-22,153,35.38,45,Clear,overcast clouds,4.12,None
P002,Sweets ,Bathinda,2025-08-22,165,35.87,83,Rain,clear sky,4.76,None
P004,Pooja Articles,Bathinda,2025-08-23,197,23.88,80,Clouds,light rain,7.38,None
P004,Pooja Articles,Malout,2025-08-23,190,22.22,46,Clouds,scattered clouds,1.59,None
P004,Pooja Articles,Mohali,2025-08-23,136,36.97,53,Clear,overcast clouds,3.86,None
P004,Pooja Articles,Rajpura,2025-08-23,154,38.9,62,Clouds,moderate rain,7.1,None
P004,Pooja Articles,Patiala,2025-08-23,196,39.19,71,Rain,scattered clouds,9.49,None
P005,Gift Hamper,Malout,2025-08-23,246,22.22,46,Clouds,scattered clouds,1.59,None
P005,Gift Hamper,Mohali,2025-08-23,165,36.97,53,Clear,overcast clouds,3.86,None
P005,Gift Hamper,Rajpura,2025-08-23,220,38.9,62,Clouds,moderate rain,7.1,None
P005,Gift Hamper,Patiala,2025-08-23,189,39.19,71,Rain,scattered clouds,9.49,None
P003,Moisturizer ,Patiala,2025-08-23,49,39.19,71,Rain,scattered clouds,9.49,None
P005,Gift Hamper,Bathinda,2025-08-23,210,23.88,80,Clouds,light rain,7.38,None
P003,Moisturizer ,Rajpura,2025-08-23,67,38.9,62,Clouds,moderate rain,7.1,None
P003,Moisturizer ,Mohali,2025-08-23,97,36.97,53,Clear,overcast clouds,3.86,None
P003,Moisturizer ,Malout,2025-08-23,65,22.22,46,Clouds,scattered clouds,1.59,None
P001,Soft Drink ,Malout,2025-08-23,232,22.22,46,Clouds,scattered clouds,1.59,None
P001,Soft Drink ,Mohali,2025-08-23,251,36.97,53,Clear,overcast clouds,3.86,None
P001,Soft Drink ,Rajpura,2025-08-23,235,38.9,62,Clouds,moderate rain,7.1,None
P001,Soft Drink ,Patiala,2025-08-23,236,39.19,71,Rain,scattered clouds,9.49,None
P002,Sweets ,Bathinda,2025-08-23,206,23.88,80,Clouds,light rain,7.38,None
P001,Soft Drink ,Bathinda,2025-08-23,235,23.88,80,Clouds,light rain,7.38,None
P002,Sweets ,Mohali,2025-08-23,218,36.97,53,Clear,overcast clouds,3.86,None
P002,Sweets ,Rajpura,2025-08-23,199,38.9,62,Clouds,moderate rain,7.1,None
P002,Sweets ,Patiala,2025-08-23,210,39.19,71,Rain,scattered clouds,9.49,None
P003,Moisturizer ,Bathinda,2025-08-23,0,23.88,80,Clouds,light rain,7.38,None
P002,Sweets ,Malout,2025-08-23,179,22.22,46,Clouds,scattered clouds,1.59,None
P003,Moisturizer ,Patiala,2025-08-24,70,26.94,70,Clear,moderate rain,5.09,None
P004,Pooja Articles,Bathinda,2025-08-24,124,21.59,55,Clouds,clear sky,3.62,None
P004,Pooja Articles,Malout,2025-08-24,217,29.73,77,Rain,overcast clouds,5.17,None
P004,Pooja Articles,Mohali,2025-08-24,134,26.13,41,Rain,light rain,8.39,None
P004,Pooja Articles,Rajpura,2025-08-24,219,22.51,50,Clear,light rain,3.08,None
P005,Gift Hamper,Bathinda,2025-08-24,292,21.59,55,Clouds,clear sky,3.62,None
P005,Gift Hamper,Malout,2025-08-24,221,29.73,77,Rain,overcast clouds,5.17,None
P005,Gift Hamper,Mohali,2025-08-24,203,26.13,41,Rain,light rain,8.39,None
P005,Gift Hamper,Rajpura,2025-08-24,221,22.51,50,Clear,light rain,3.08,None
P003,Moisturizer ,Rajpura,2025-08-24,60,22.51,50,Clear,light rain,3.08,None
P004,Pooja Articles,Patiala,2025-08-24,204,26.94,70,Clear,moderate rain,5.09,None
P003,Moisturizer ,Mohali,2025-08-24,64,26.13,41,Rain,light rain,8.39,None
P005,Gift Hamper,Patiala,2025-08-24,233,26.94,70,Clear,moderate rain,5.09,None
P003,Moisturizer ,Bathinda,2025-08-24,44,21.59,55,Clouds,clear sky,3.62,None
P001,Soft Drink ,Bathinda,2025-08-24,196,21.59,55,Clouds,clear sky,3.62,None
P001,Soft Drink ,Malout,2025-08-24,266,29.73,77,Rain,overcast clouds,5.17,None
P001,Soft Drink ,Mohali,2025-08-24,300,26.13,41,Rain,light rain,8.39,None
P001,Soft Drink ,Rajpura,2025-08-24,298,22.51,50,Clear,light rain,3.08,None
P001,Soft Drink ,Patiala,2025-08-24,257,26.94,70,Clear,moderate rain,5.09,None
P003,Moisturizer ,Malout,2025-08-24,134,29.73,77,Rain,overcast clouds,5.17,None
P002,Sweets ,Malout,2025-08-24,208,29.73,77,Rain,overcast clouds,5.17,None
P002,Sweets ,Mohali,2025-08-24,211,26.13,41,Rain,light rain,8.39,None
P002,Sweets ,Rajpura,2025-08-24,199,22.51,50,Clear,light rain,3.08,None
P002,Sweets ,Patiala,2025-08-24,183,26.94,70,Clear,moderate rain,5.09,None
P002,Sweets ,Bathinda,2025-08-24,243,21.59,55,Clouds,clear sky,3.62,None
P003,Moisturizer ,Patiala,2025-08-25,22,28.13,55,Rain,light rain,1.72,None
P004,Pooja Articles,Bathinda,2025-08-25,150,27.1,43,Rain,moderate rain,2.83,None
P004,Pooja Articles,Malout,2025-08-25,185,28.93,62,Clear,light rain,2.18,None
P004,Pooja Articles,Mohali,2025-08-25,182,37.07,53,Clear,scattered clouds,2.65,None
P004,Pooja Articles,Rajpura,2025-08-25,205,33.47,63,Rain,moderate rain,8.36,None
P005,Gift Hamper,Bathinda,2025-08-25,247,27.1,43,Rain,moderate rain,2.83,None
P005,Gift Hamper,Malout,2025-08-25,209,28.93,62,Clear,light rain,2.18,None
P005,Gift Hamper,Mohali,2025-08-25,263,37.07,53,Clear,scattered clouds,2.65,None
P005,Gift Hamper,Rajpura,2025-08-25,237,33.47,63,Rain,moderate rain,8.36,None
P003,Moisturizer ,Rajpura,2025-08-25,34,33.47,63,Rain,moderate rain,8.36,None
P004,Pooja Articles,Patiala,2025-08-25,186,28.13,55,Rain,light rain,1.72,None
P003,Moisturizer ,Mohali,2025-08-25,64,37.07,53,Clear,scattered clouds,2.65,None
P005,Gift Hamper,Patiala,2025-08-25,241,28.13,55,Rain,light rain,1.72,None
P003,Moisturizer ,Bathinda,2025-08-25,75,27.1,43,Rain,moderate rain,2.83,None
P001,Soft Drink ,Bathinda,2025-08-25,274,27.1,43,Rain,moderate rain,2.83,None
P001,Soft Drink ,Malout,2025-08-25,240,28.93,62,Clear,light rain,2.18,None
P001,Soft Drink ,Mohali,2025-08-25,268,37.07,53,Clear,scattered clouds,2.65,None
P001,Soft Drink ,Rajpura,2025-08-25,220,33.47,63,Rain,moderate rain,8.36,None
P001,Soft Drink ,Patiala,2025-08-25,275,28.13,55,Rain,light rain,1.72,None
P003,Moisturizer ,Malout,2025-08-25,83,28.93,62,Clear,light rain,2.18,None
P002,Sweets ,Malout,2025-08-25,198,28.93,62,Clear,light rain,2.18,None
P002,Sweets ,Mohali,2025-08-25,183,37.07,53,Clear,scattered clouds,2.65,None
P002,Sweets ,Rajpura,2025-08-25,197,33.47,63,Rain,moderate rain,8.36,None
P002,Sweets ,Patiala,2025-08-25,205,28.13,55,Rain,light rain,1.72,None
P002,Sweets ,Bathinda,2025-08-25,164,27.1,43,Rain,moderate rain,2.83,None
P003,Moisturizer ,Patiala,2025-08-26,64,36.28,66,Rain,moderate rain,5.98,None
P004,Pooja Articles,Bathinda,2025-08-26,124,30.65,74,Clear,light rain,2.67,None
P004,Pooja Articles,Malout,2025-08-26,126,26.92,44,Rain,scattered clouds,9.8,None
P004,Pooja Articles,Mohali,2025-08-26,178,39.48,86,Clouds,light rain,8.7,None
P004,Pooja Articles,Rajpura,2025-08-26,175,27.87,86,Rain,overcast clouds,8.37,None
P005,Gift Hamper,Bathinda,2025-08-26,228,30.65,74,Clear,light rain,2.67,None
P005,Gift Hamper,Malout,2025-08-26,145,26.92,44,Rain,scattered clouds,9.8,None
P005,Gift Hamper,Mohali,2025-08-26,178,39.48,86,Clouds,light rain,8.7,None
P005,Gift Hamper,Rajpura,2025-08-26,192,27.87,86,Rain,overcast clouds,8.37,None
P003,Moisturizer ,Rajpura,2025-08-26,71,27.87,86,Rain,overcast clouds,8.37,None
P004,Pooja Articles,Patiala,2025-08-26,189,36.28,66,Rain,moderate rain,5.98,None
P005,Gift Hamper,Patiala,2025-08-26,188,36.28,66,Rain,moderate rain,5.98,None
P003,Moisturizer ,Mohali,2025-08-26,37,39.48,86,Clouds,light rain,8.7,None
P003,Moisturizer ,Bathinda,2025-08-26,43,30.65,74,Clear,light rain,2.67,None
P003,Moisturizer ,Malout,2025-08-26,50,26.92,44,Rain,scattered clouds,9.8,None
P001,Soft Drink ,Bathinda,2025-08-26,257,30.65,74,Clear,light rain,2.67,None
P001,Soft Drink ,Malout,2025-08-26,274,26.92,44,Rain,scattered clouds,9.8,None
P001,Soft Drink ,Rajpura,2025-08-26,247,27.87,86,Rain,overcast clouds,8.37,None
P001,Soft Drink ,Patiala,2025-08-26,226,36.28,66,Rain,moderate rain,5.98,None
P001,Soft Drink ,Mohali,2025-08-26,275,39.48,86,Clouds,light rain,8.7,None
P002,Sweets ,Malout,2025-08-26,189,26.92,44,Rain,scattered clouds,9.8,None
P002,Sweets ,Mohali,2025-08-26,221,39.48,86,Clouds,light rain,8.7,None
P002,Sweets ,Rajpura,2025-08-26,212,27.87,86,Rain,overcast clouds,8.37,None
P002,Sweets ,Patiala,2025-08-26,212,36.28,66,Rain,moderate rain,5.98,None
P002,Sweets ,Bathinda,2025-08-26,215,30.65,74,Clear,light rain,2.67,None
P004,Pooja Articles,Mohali,2025-08-27,118,23.06,65,Clouds,moderate rain,6.31,Ganesh Chaturthi/Vinayaka Chaturthi
P003,Moisturizer ,Patiala,2025-08-27,48,32.75,82,Clear,overcast clouds,2.5,Ganesh Chaturthi/Vinayaka Chaturthi
P004,Pooja Articles,Bathinda,2025-08-27,166,38.46,81,Rain,moderate rain,9.82,Ganesh Chaturthi/Vinayaka Chaturthi
P004,Pooja Articles,Malout,2025-08-27,205,21.46,75,Clear,overcast clouds,2.57,Ganesh Chaturthi/Vinayaka Chaturthi
P005,Gift Hamper,Patiala,2025-08-27,213,32.75,82,Clear,overcast clouds,2.5,Ganesh Chaturthi/Vinayaka Chaturthi
P003,Moisturizer ,Rajpura,2025-08-27,64,38.13,69,Rain,clear sky,3.46,Ganesh Chaturthi/Vinayaka Chaturthi
P005,Gift Hamper,Bathinda,2025-08-27,235,38.46,81,Rain,moderate rain,9.82,Ganesh Chaturthi/Vinayaka Chaturthi
P005,Gift Hamper,Malout,2025-08-27,209,21.46,75,Clear,overcast clouds,2.57,Ganesh Chaturthi/Vinayaka Chaturthi
P005,Gift Hamper,Mohali,2025-08-27,197,23.06,65,Clouds,moderate rain,6.31,Ganesh Chaturthi/Vinayaka Chaturthi
P005,Gift Hamper,Rajpura,2025-08-27,221,38.13,69,Rain,clear sky,3.46,Ganesh Chaturthi/Vinayaka Chaturthi
P004,Pooja Articles,Patiala,2025-08-27,179,32.75,82,Clear,overcast clouds,2.5,Ganesh Chaturthi/Vinayaka Chaturthi
P003,Moisturizer ,Mohali,2025-08-27,44,23.06,65,Clouds,moderate rain,6.31,Ganesh Chaturthi/Vinayaka Chaturthi
P004,Pooja Articles,Rajpura,2025-08-27,167,38.13,69,Rain,clear sky,3.46,Ganesh Chaturthi/Vinayaka Chaturthi
P003,Moisturizer ,Bathinda,2025-08-27,2,38.46,81,Rain,moderate rain,9.82,Ganesh Chaturthi/Vinayaka Chaturthi
P001,Soft Drink ,Bathinda,2025-08-27,239,38.46,81,Rain,moderate rain,9.82,Ganesh Chaturthi/Vinayaka Chaturthi
P001,Soft Drink ,Malout,2025-08-27,201,21.46,75,Clear,overcast clouds,2.57,Ganesh Chaturthi/Vinayaka Chaturthi
P001,Soft Drink ,Mohali,2025-08-27,235,23.06,65,Clouds,moderate rain,6.31,Ganesh Chaturthi/Vinayaka Chaturthi
P001,Soft Drink ,Rajpura,2025-08-27,254,38.13,69,Rain,clear sky,3.46,Ganesh Chaturthi/Vinayaka Chaturthi
P001,Soft Drink ,Patiala,2025-08-27,264,32.75,82,Clear,overcast clouds,2.5,Ganesh Chaturthi/Vinayaka Chaturthi
P003,Moisturizer ,Malout,2025-08-27,24,21.46,75,Clear,overcast clouds,2.57,Ganesh Chaturthi/Vinayaka Chaturthi
P002,Sweets ,Malout,2025-08-27,184,21.46,75,Clear,overcast clouds,2.57,Ganesh Chaturthi/Vinayaka Chaturthi
P002,Sweets ,Mohali,2025-08-27,212,23.06,65,Clouds,moderate rain,6.31,Ganesh Chaturthi/Vinayaka Chaturthi
P002,Sweets ,Rajpura,2025-08-27,250,38.13,69,Rain,clear sky,3.46,Ganesh Chaturthi/Vinayaka Chaturthi
P002,Sweets ,Patiala,2025-08-27,223,32.75,82,Clear,overcast clouds,2.5,Ganesh Chaturthi/Vinayaka Chaturthi
P002,Sweets ,Bathinda,2025-08-27,197,38.46,81,Rain,moderate rain,9.82,Ganesh Chaturthi/Vinayaka Chaturthi
P004,Pooja Articles,Bathinda,2025-08-28,177,26.61,65,Clear,scattered clouds,8.12,None
P004,Pooja Articles,Malout,2025-08-28,142,33.39,69,Rain,clear sky,8.7,None
P004,Pooja Articles,Mohali,2025-08-28,157,31.89,42,Rain,scattered clouds,2.57,None
P004,Pooja Articles,Rajpura,2025-08-28,158,34.33,52,Clear,clear sky,2.76,None
P004,Pooja Articles,Patiala,2025-08-28,142,23.15,67,Rain,light rain,9.59,None
P005,Gift Hamper,Malout,2025-08-28,243,33.39,69,Rain,clear sky,8.7,None
P005,Gift Hamper,Mohali,2025-08-28,260,31.89,42,Rain,scattered clouds,2.57,None
P005,Gift Hamper,Rajpura,2025-08-28,203,34.33,52,Clear,clear sky,2.76,None
P005,Gift Hamper,Patiala,2025-08-28,202,23.15,67,Rain,light rain,9.59,None
P003,Moisturizer ,Patiala,2025-08-28,72,23.15,67,Rain,light rain,9.59,None
P005,Gift Hamper,Bathinda,2025-08-28,231,26.61,65,Clear,scattered clouds,8.12,None
P003,Moisturizer ,Rajpura,2025-08-28,49,34.33,52,Clear,clear sky,2.76,None
P003,Moisturizer ,Mohali,2025-08-28,66,31.89,42,Rain,scattered clouds,2.57,None
P003,Moisturizer ,Malout,2025-08-28,61,33.39,69,Rain,clear sky,8.7,None
P001,Soft Drink ,Malout,2025-08-28,225,33.39,69,Rain,clear sky,8.7,None
P001,Soft Drink ,Mohali,2025-08-28,245,31.89,42,Rain,scattered clouds,2.57,None
P001,Soft Drink ,Rajpura,2025-08-28,258,34.33,52,Clear,clear sky,2.76,None
P001,Soft Drink ,Patiala,2025-08-28,250,23.15,67,Rain,light rain,9.59,None
P002,Sweets ,Bathinda,2025-08-28,244,26.61,65,Clear,scattered clouds,8.12,None
P001,Soft Drink ,Bathinda,2025-08-28,233,26.61,65,Clear,scattered clouds,8.12,None
P002,Sweets ,Mohali,2025-08-28,201,31.89,42,Rain,scattered clouds,2.57,None
P002,Sweets ,Rajpura,2025-08-28,192,34.33,52,Clear,clear sky,2.76,None
P002,Sweets ,Patiala,2025-08-28,200,23.15,67,Rain,light rain,9.59,None
P003,Moisturizer ,Bathinda,2025-08-28,54,26.61,65,Clear,scattered clouds,8.12,None
P002,Sweets ,Malout,2025-08-28,182,33.39,69,Rain,clear sky,8.7,None
P003,Moisturizer ,Patiala,2025-08-29,61,24.65,75,Clear,scattered clouds,1.12,None
P004,Pooja Articles,Bathinda,2025-08-29,152,23.37,70,Clouds,moderate rain,8.82,None
P004,Pooja Articles,Malout,2025-08-29,227,27.58,82,Clear,light rain,4.61,None
P004,Pooja Articles,Mohali,2025-08-29,169,20.31,85,Clouds,clear sky,1.83,None
P004,Pooja Articles,Rajpura,2025-08-29,210,24.97,73,Rain,scattered clouds,3.31,None
P005,Gift Hamper,Bathinda,2025-08-29,225,23.37,70,Clouds,moderate rain,8.82,None
P005,Gift Hamper,Malout,2025-08-29,236,27.58,82,Clear,light rain,4.61,None
P005,Gift Hamper,Mohali,2025-08-29,270,20.31,85,Clouds,clear sky,1.83,None
P005,Gift Hamper,Rajpura,2025-08-29,229,24.97,73,Rain,scattered clouds,3.31,None
P003,Moisturizer ,Rajpura,2025-08-29,71,24.97,73,Rain,scattered clouds,3.31,None
P004,Pooja Articles,Patiala,2025-08-29,137,24.65,75,Clear,scattered clouds,1.12,None
P003,Moisturizer ,Mohali,2025-08-29,38,20.31,85,Clouds,clear sky,1.83,None
P005,Gift Hamper,Patiala,2025-08-29,233,24.65,75,Clear,scattered clouds,1.12,None
P003,Moisturizer ,Bathinda,2025-08-29,20,23.37,70,Clouds,moderate rain,8.82,None
P001,Soft Drink ,Bathinda,2025-08-29,241,23.37,70,Clouds,moderate rain,8.82,None
P001,Soft Drink ,Malout,2025-08-29,252,27.58,82,Clear,light rain,4.61,None
P001,Soft Drink ,Mohali,2025-08-29,240,20.31,85,Clouds,clear sky,1.83,None
P001,Soft Drink ,Rajpura,2025-08-29,190,24.97,73,Rain,scattered clouds,3.31,None
P001,Soft Drink ,Patiala,2025-08-29,227,24.65,75,Clear,scattered clouds,1.12,None
P003,Moisturizer ,Malout,2025-08-29,39,27.58,82,Clear,light rain,4.61,None
P002,Sweets ,Malout,2025-08-29,175,27.58,82,Clear,light rain,4.61,None
P002,Sweets ,Mohali,2025-08-29,201,20.31,85,Clouds,clear sky,1.83,None
P002,Sweets ,Rajpura,2025-08-29,217,24.97,73,Rain,scattered clouds,3.31,None
P002,Sweets ,Patiala,2025-08-29,182,24.65,75,Clear,scattered clouds,1.12,None
P002,Sweets ,Bathinda,2025-08-29,221,23.37,70,Clouds,moderate rain,8.82,None
P003,Moisturizer ,Patiala,2025-08-30,31,34.33,41,Clouds,scattered clouds,6.35,None
P004,Pooja Articles,Bathinda,2025-08-30,159,33.92,84,Rain,light rain,6.32,None
P004,Pooja Articles,Malout,2025-08-30,195,30.11,53,Clouds,overcast clouds,5.84,None
P004,Pooja Articles,Mohali,2025-08-30,161,39.94,69,Rain,moderate rain,3.52,None
P004,Pooja Articles,Rajpura,2025-08-30,150,33.39,41,Clear,overcast clouds,9.42,None
P005,Gift Hamper,Bathinda,2025-08-30,224,33.92,84,Rain,light rain,6.32,None
P005,Gift Hamper,Malout,2025-08-30,204,30.11,53,Clouds,overcast clouds,5.84,None
P005,Gift Hamper,Mohali,2025-08-30,211,39.94,69,Rain,moderate rain,3.52,None
P005,Gift Hamper,Rajpura,2025-08-30,190,33.39,41,Clear,overcast clouds,9.42,None
P003,Moisturizer ,Rajpura,2025-08-30,52,33.39,41,Clear,overcast clouds,9.42,None
P004,Pooja Articles,Patiala,2025-08-30,171,34.33,41,Clouds,scattered clouds,6.35,None
P003,Moisturizer ,Mohali,2025-08-30,70,39.94,69,Rain,moderate rain,3.52,None
P005,Gift Hamper,Patiala,2025-08-30,206,34.33,41,Clouds,scattered clouds,6.35,None
P003,Moisturizer ,Bathinda,2025-08-30,42,33.92,84,Rain,light rain,6.32,None
P001,Soft Drink ,Bathinda,2025-08-30,288,33.92,84,Rain,light rain,6.32,None
P001,Soft Drink ,Malout,2025-08-30,243,30.11,53,Clouds,overcast clouds,5.84,None
P001,Soft Drink ,Mohali,2025-08-30,292,39.94,69,Rain,moderate rain,3.52,None
P001,Soft Drink ,Rajpura,2025-08-30,255,33.39,41,Clear,overcast clouds,9.42,None
P001,Soft Drink ,Patiala,2025-08-30,271,34.33,41,Clouds,scattered clouds,6.35,None
P003,Moisturizer ,Malout,2025-08-30,48,30.11,53,Clouds,overcast clouds,5.84,None
P002,Sweets ,Malout,2025-08-30,238,30.11,53,Clouds,overcast clouds,5.84,None
P002,Sweets ,Mohali,2025-08-30,154,39.94,69,Rain,moderate rain,3.52,None
P002,Sweets ,Rajpura,2025-08-30,172,33.39,41,Clear,overcast clouds,9.42,None
P002,Sweets ,Patiala,2025-08-30,227,34.33,41,Clouds,scattered clouds,6.35,None
P002,Sweets ,Bathinda,2025-08-30,229,33.92,84,Rain,light rain,6.32,None
P003,Moisturizer ,Patiala,2025-08-31,62,27.24,56,Clouds,scattered clouds,6.38,None
P004,Pooja Articles,Bathinda,2025-08-31,179,22.17,67,Clear,light rain,5.96,None
P004,Pooja Articles,Malout,2025-08-31,158,24.94,76,Clear,overcast clouds,1.97,None
P004,Pooja Articles,Mohali,2025-08-31,205,32.17,44,Rain,clear sky,7.01,None
P004,Pooja Articles,Rajpura,2025-08-31,162,22.81,46,Clear,scattered clouds,9.18,None
P005,Gift Hamper,Bathinda,2025-08-31,209,22.17,67,Clear,light rain,5.96,None
P005,Gift Hamper,Malout,2025-08-31,192,24.94,76,Clear,overcast clouds,1.97,None
P005,Gift Hamper,Mohali,2025-08-31,213,32.17,44,Rain,clear sky,7.01,None
P005,Gift Hamper,Rajpura,2025-08-31,231,22.81,46,Clear,scattered clouds,9.18,None
P003,Moisturizer ,Rajpura,2025-08-31,41,22.81,46,Clear,scattered clouds,9.18,None
P004,Pooja Articles,Patiala,2025-08-31,136,27.24,56,Clouds,scattered clouds,6.38,None
P005,Gift Hamper,Patiala,2025-08-31,263,27.24,56,Clouds,scattered clouds,6.38,None
P003,Moisturizer ,Mohali,2025-08-31,63,32.17,44,Rain,clear sky,7.01,None
P003,Moisturizer ,Bathinda,2025-08-31,43,22.17,67,Clear,light rain,5.96,None
P003,Moisturizer ,Malout,2025-08-31,53,24.94,76,Clear,overcast clouds,1.97,None
P001,Soft Drink ,Bathinda,2025-08-31,288,22.17,67,Clear,light rain,5.96,None
P001,Soft Drink ,Malout,2025-08-31,217,24.94,76,Clear,overcast clouds,1.97,None
P001,Soft Drink ,Rajpura,2025-08-31,250,22.81,46,Clear,scattered clouds,9.18,None
P001,Soft Drink ,Patiala,2025-08-31,279,27.24,56,Clouds,scattered clouds,6.38,None
P001,Soft Drink ,Mohali,2025-08-31,225,32.17,44,Rain,clear sky,7.01,None
P002,Sweets ,Malout,2025-08-31,167,24.94,76,Clear,overcast clouds,1.97,None
P002,Sweets ,Mohali,2025-08-31,223,32.17,44,Rain,clear sky,7.01,None
P002,Sweets ,Rajpura,2025-08-31,212,22.81,46,Clear,scattered clouds,9.18,None
P002,Sweets ,Patiala,2025-08-31,221,27.24,56,Clouds,scattered clouds,6.38,None
P002,Sweets ,Bathinda,2025-08-31,220,22.17,67,Clear,light rain,5.96,None
P004,Pooja Articles,Rajpura,2025-09-01,154,23.78,46,Rain,overcast clouds,9.93,None
P004,Pooja Articles,Bathinda,2025-09-01,138,27.1,56,Clear,clear sky,1.89,None
P004,Pooja Articles,Malout,2025-09-01,139,21.71,50,Rain,overcast clouds,2.62,None
P004,Pooja Articles,Mohali,2025-09-01,142,34.13,51,Clear,moderate rain,9.73,None
P004,Pooja Articles,Patiala,2025-09-01,141,32.48,90,Rain,moderate rain,9.89,None
P003,Moisturizer ,Patiala,2025-09-01,132,32.48,90,Rain,moderate rain,9.89,None
P005,Gift Hamper,Malout,2025-09-01,201,21.71,50,Rain,overcast clouds,2.62,None
P005,Gift Hamper,Mohali,2025-09-01,230,34.13,51,Clear,moderate rain,9.73,None
P005,Gift Hamper,Rajpura,2025-09-01,224,23.78,46,Rain,overcast clouds,9.93,None
P005,Gift Hamper,Patiala,2025-09-01,220,32.48,90,Rain,moderate rain,9.89,None
P005,Gift Hamper,Bathinda,2025-09-01,169,27.1,56,Clear,clear sky,1.89,None
P003,Moisturizer ,Rajpura,2025-09-01,94,23.78,46,Rain,overcast clouds,9.93,None
P002,Sweets ,Malout,2025-09-01,153,21.71,50,Rain,overcast clouds,2.62,None
P003,Moisturizer ,Malout,2025-09-01,87,21.71,50,Rain,overcast clouds,2.62,None
P001,Soft Drink ,Malout,2025-09-01,214,21.71,50,Rain,overcast clouds,2.62,None
P001,Soft Drink ,Mohali,2025-09-01,184,34.13,51,Clear,moderate rain,9.73,None
P001,Soft Drink ,Rajpura,2025-09-01,176,23.78,46,Rain,overcast clouds,9.93,None
P001,Soft Drink ,Patiala,2025-09-01,182,32.48,90,Rain,moderate rain,9.89,None
P002,Sweets ,Bathinda,2025-09-01,131,27.1,56,Clear,clear sky,1.89,None
P001,Soft Drink ,Bathinda,2025-09-01,139,27.1,56,Clear,clear sky,1.89,None
P002,Sweets ,Mohali,2025-09-01,81,34.13,51,Clear,moderate rain,9.73,None
P002,Sweets ,Rajpura,2025-09-01,111,23.78,46,Rain,overcast clouds,9.93,None
P002,Sweets ,Patiala,2025-09-01,134,32.48,90,Rain,moderate rain,9.89,None
P003,Moisturizer ,Bathinda,2025-09-01,93,27.1,56,Clear,clear sky,1.89,None
P003,Moisturizer ,Mohali,2025-09-01,149,34.13,51,Clear,moderate rain,9.73,None
P004,Pooja Articles,Bathinda,2025-09-02,94,39.65,89,Rain,light rain,1.02,None
P004,Pooja Articles,Malout,2025-09-02,158,30.51,43,Clear,light rain,3.49,None
P004,Pooja Articles,Mohali,2025-09-02,146,30.21,68,Rain,clear sky,6.83,None
P004,Pooja Articles,Rajpura,2025-09-02,169,37.61,45,Clear,light rain,3.18,None
P004,Pooja Articles,Patiala,2025-09-02,198,35.24,71,Clear,scattered clouds,7.47,None
P005,Gift Hamper,Malout,2025-09-02,217,30.51,43,Clear,light rain,3.49,None
P005,Gift Hamper,Mohali,2025-09-02,224,30.21,68,Rain,clear sky,6.83,None
P005,Gift Hamper,Rajpura,2025-09-02,229,37.61,45,Clear,light rain,3.18,None
P005,Gift Hamper,Patiala,2025-09-02,154,35.24,71,Clear,scattered clouds,7.47,None
P003,Moisturizer ,Patiala,2025-09-02,140,35.24,71,Clear,scattered clouds,7.47,None
P005,Gift Hamper,Bathinda,2025-09-02,228,39.65,89,Rain,light rain,1.02,None
P003,Moisturizer ,Rajpura,2025-09-02,139,37.61,45,Clear,light rain,3.18,None
P003,Moisturizer ,Mohali,2025-09-02,108,30.21,68,Rain,clear sky,6.83,None
P003,Moisturizer ,Malout,2025-09-02,109,30.51,43,Clear,light rain,3.49,None
P001,Soft Drink ,Malout,2025-09-02,128,30.51,43,Clear,light rain,3.49,None
P001,Soft Drink ,Mohali,2025-09-02,159,30.21,68,Rain,clear sky,6.83,None
P001,Soft Drink ,Rajpura,2025-09-02,227,37.61,45,Clear,light rain,3.18,None
P001,Soft Drink ,Patiala,2025-09-02,200,35.24,71,Clear,scattered clouds,7.47,None
P002,Sweets ,Bathinda,2025-09-02,136,39.65,89,Rain,light rain,1.02,None
P001,Soft Drink ,Bathinda,2025-09-02,110,39.65,89,Rain,light rain,1.02,None
P002,Sweets ,Mohali,2025-09-02,108,30.21,68,Rain,clear sky,6.83,None
P002,Sweets ,Rajpura,2025-09-02,107,37.61,45,Clear,light rain,3.18,None
P002,Sweets ,Patiala,2025-09-02,118,35.24,71,Clear,scattered clouds,7.47,None
P003,Moisturizer ,Bathinda,2025-09-02,124,39.65,89,Rain,light rain,1.02,None
P002,Sweets ,Malout,2025-09-02,152,30.51,43,Clear,light rain,3.49,None
P003,Moisturizer ,Patiala,2025-09-03,53,35.44,53,Clear,light rain,3.15,None
P004,Pooja Articles,Bathinda,2025-09-03,188,32.08,76,Clouds,clear sky,4.72,None
P004,Pooja Articles,Malout,2025-09-03,146,34.26,62,Clear,light rain,6.78,None
P004,Pooja Articles,Mohali,2025-09-03,120,26.89,70,Clouds,clear sky,1.38,None
P005,Gift Hamper,Patiala,2025-09-03,206,35.44,53,Clear,light rain,3.15,None
P005,Gift Hamper,Bathinda,2025-09-03,225,32.08,76,Clouds,clear sky,4.72,None
P005,Gift Hamper,Malout,2025-09-03,232,34.26,62,Clear,light rain,6.78,None
P005,Gift Hamper,Mohali,2025-09-03,258,26.89,70,Clouds,clear sky,1.38,None
P005,Gift Hamper,Rajpura,2025-09-03,244,32.4,58,Clouds,light rain,3.74,None
P003,Moisturizer ,Rajpura,2025-09-03,118,32.4,58,Clouds,light rain,3.74,None
P004,Pooja Articles,Patiala,2025-09-03,139,35.44,53,Clear,light rain,3.15,None
P003,Moisturizer ,Mohali,2025-09-03,103,26.89,70,Clouds,clear sky,1.38,None
P004,Pooja Articles,Rajpura,2025-09-03,123,32.4,58,Clouds,light rain,3.74,None
P003,Moisturizer ,Bathinda,2025-09-03,104,32.08,76,Clouds,clear sky,4.72,None
P002,Sweets ,Patiala,2025-09-03,108,35.44,53,Clear,light rain,3.15,None
P002,Sweets ,Rajpura,2025-09-03,102,32.4,58,Clouds,light rain,3.74,None
P002,Sweets ,Mohali,2025-09-03,91,26.89,70,Clouds,clear sky,1.38,None
P002,Sweets ,Malout,2025-09-03,144,34.26,62,Clear,light rain,6.78,None
P002,Sweets ,Bathinda,2025-09-03,133,32.08,76,Clouds,clear sky,4.72,None
P001,Soft Drink ,Patiala,2025-09-03,239,35.44,53,Clear,light rain,3.15,None
P001,Soft Drink ,Rajpura,2025-09-03,178,32.4,58,Clouds,light rain,3.74,None
P001,Soft Drink ,Mohali,2025-09-03,181,26.89,70,Clouds,clear sky,1.38,None
P001,Soft Drink ,Malout,2025-09-03,210,34.26,62,Clear,light rain,6.78,None
P001,Soft Drink ,Bathinda,2025-09-03,141,32.08,76,Clouds,clear sky,4.72,None
P003,Moisturizer ,Malout,2025-09-03,93,34.26,62,Clear,light rain,6.78,None
P003,Moisturizer ,Patiala,2025-09-04,134,29.79,49,Rain,clear sky,1.6,None
P004,Pooja Articles,Bathinda,2025-09-04,162,33.05,84,Rain,light rain,3.45,None
P004,Pooja Articles,Malout,2025-09-04,192,22.01,88,Clouds,scattered clouds,8.09,None
P004,Pooja Articles,Mohali,2025-09-04,144,35.88,85,Clouds,moderate rain,4.35,None
P005,Gift Hamper,Patiala,2025-09-04,216,29.79,49,Rain,clear sky,1.6,None
P005,Gift Hamper,Bathinda,2025-09-04,231,33.05,84,Rain,light rain,3.45,None
P005,Gift Hamper,Malout,2025-09-04,234,22.01,88,Clouds,scattered clouds,8.09,None
P005,Gift Hamper,Mohali,2025-09-04,206,35.88,85,Clouds,moderate rain,4.35,None
P005,Gift Hamper,Rajpura,2025-09-04,261,38.65,57,Clear,clear sky,4.85,None
P003,Moisturizer ,Rajpura,2025-09-04,115,38.65,57,Clear,clear sky,4.85,None
P004,Pooja Articles,Patiala,2025-09-04,164,29.79,49,Rain,clear sky,1.6,None
P003,Moisturizer ,Mohali,2025-09-04,108,35.88,85,Clouds,moderate rain,4.35,None
P004,Pooja Articles,Rajpura,2025-09-04,154,38.65,57,Clear,clear sky,4.85,None
P003,Moisturizer ,Bathinda,2025-09-04,112,33.05,84,Rain,light rain,3.45,None
P002,Sweets ,Patiala,2025-09-04,64,29.79,49,Rain,clear sky,1.6,None
P002,Sweets ,Rajpura,2025-09-04,152,38.65,57,Clear,clear sky,4.85,None
P002,Sweets ,Mohali,2025-09-04,150,35.88,85,Clouds,moderate rain,4.35,None
P002,Sweets ,Malout,2025-09-04,112,22.01,88,Clouds,scattered clouds,8.09,None
P002,Sweets ,Bathinda,2025-09-04,126,33.05,84,Rain,light rain,3.45,None
P001,Soft Drink ,Patiala,2025-09-04,182,29.79,49,Rain,clear sky,1.6,None
P001,Soft Drink ,Rajpura,2025-09-04,201,38.65,57,Clear,clear sky,4.85,None
P001,Soft Drink ,Mohali,2025-09-04,160,35.88,85,Clouds,moderate rain,4.35,None
P001,Soft Drink ,Malout,2025-09-04,182,22.01,88,Clouds,scattered clouds,8.09,None
P001,Soft Drink ,Bathinda,2025-09-04,133,33.05,84,Rain,light rain,3.45,None
P003,Moisturizer ,Malout,2025-09-04,73,22.01,88,Clouds,scattered clouds,8.09,None
P004,Pooja Articles,Mohali,2025-09-05,165,25.67,66,Rain,scattered clouds,5.32,Onam
P004,Pooja Articles,Mohali,2025-09-05,165,25.67,66,Rain,scattered clouds,5.32,Milad un-Nabi/Id-e-Milad
P004,Pooja Articles,Malout,2025-09-05,102,32.37,85,Clear,light rain,9.17,Onam
P004,Pooja Articles,Malout,2025-09-05,102,32.37,85,Clear,light rain,9.17,Milad un-Nabi/Id-e-Milad
P003,Moisturizer ,Rajpura,2025-09-05,114,33.02,52,Rain,overcast clouds,5.87,Onam
P004,Pooja Articles,Bathinda,2025-09-05,157,20.37,60,Rain,overcast clouds,6.76,Milad un-Nabi/Id-e-Milad
P003,Moisturizer ,Patiala,2025-09-05,114,36.42,65,Clouds,moderate rain,9.44,Onam
P003,Moisturizer ,Patiala,2025-09-05,114,36.42,65,Clouds,moderate rain,9.44,Milad un-Nabi/Id-e-Milad
P004,Pooja Articles,Rajpura,2025-09-05,145,33.02,52,Rain,overcast clouds,5.87,Milad un-Nabi/Id-e-Milad
P004,Pooja Articles,Bathinda,2025-09-05,157,20.37,60,Rain,overcast clouds,6.76,Onam
P004,Pooja Articles,Rajpura,2025-09-05,145,33.02,52,Rain,overcast clouds,5.87,Onam
P005,Gift Hamper,Malout,2025-09-05,212,32.37,85,Clear,light rain,9.17,Onam
P004,Pooja Articles,Patiala,2025-09-05,152,36.42,65,Clouds,moderate rain,9.44,Onam
P005,Gift Hamper,Bathinda,2025-09-05,200,20.37,60,Rain,overcast clouds,6.76,Milad un-Nabi/Id-e-Milad
P005,Gift Hamper,Bathinda,2025-09-05,200,20.37,60,Rain,overcast clouds,6.76,Onam
P005,Gift Hamper,Malout,2025-09-05,212,32.37,85,Clear,light rain,9.17,Milad un-Nabi/Id-e-Milad
P005,Gift Hamper,Mohali,2025-09-05,246,25.67,66,Rain,scattered clouds,5.32,Milad un-Nabi/Id-e-Milad
P005,Gift Hamper,Mohali,2025-09-05,246,25.67,66,Rain,scattered clouds,5.32,Onam
P005,Gift Hamper,Rajpura,2025-09-05,217,33.02,52,Rain,overcast clouds,5.87,Milad un-Nabi/Id-e-Milad
P005,Gift Hamper,Rajpura,2025-09-05,217,33.02,52,Rain,overcast clouds,5.87,Onam
P005,Gift Hamper,Patiala,2025-09-05,207,36.42,65,Clouds,moderate rain,9.44,Milad un-Nabi/Id-e-Milad
P005,Gift Hamper,Patiala,2025-09-05,207,36.42,65,Clouds,moderate rain,9.44,Onam
P003,Moisturizer ,Rajpura,2025-09-05,114,33.02,52,Rain,overcast clouds,5.87,Milad un-Nabi/Id-e-Milad
P004,Pooja Articles,Patiala,2025-09-05,152,36.42,65,Clouds,moderate rain,9.44,Milad un-Nabi/Id-e-Milad
P003,Moisturizer ,Mohali,2025-09-05,102,25.67,66,Rain,scattered clouds,5.32,Onam
P002,Sweets ,Malout,2025-09-05,116,32.37,85,Clear,light rain,9.17,Milad un-Nabi/Id-e-Milad
P003,Moisturizer ,Malout,2025-09-05,76,32.37,85,Clear,light rain,9.17,Onam
P001,Soft Drink ,Bathinda,2025-09-05,174,20.37,60,Rain,overcast clouds,6.76,Milad un-Nabi/Id-e-Milad
P001,Soft Drink ,Bathinda,2025-09-05,174,20.37,60,Rain,overcast clouds,6.76,Onam
P001,Soft Drink ,Malout,2025-09-05,123,32.37,85,Clear,light rain,9.17,Milad un-Nabi/Id-e-Milad
P001,Soft Drink ,Malout,2025-09-05,123,32.37,85,Clear,light rain,9.17,Onam
P001,Soft Drink ,Mohali,2025-09-05,196,25.67,66,Rain,scattered clouds,5.32,Milad un-Nabi/Id-e-Milad
P001,Soft Drink ,Mohali,2025-09-05,196,25.67,66,Rain,scattered clouds,5.32,Onam
P001,Soft Drink ,Rajpura,2025-09-05,208,33.02,52,Rain,overcast clouds,5.87,Onam
P001,Soft Drink ,Patiala,2025-09-05,192,36.42,65,Clouds,moderate rain,9.44,Milad un-Nabi/Id-e-Milad
P001,Soft Drink ,Patiala,2025-09-05,192,36.42,65,Clouds,moderate rain,9.44,Onam
P002,Sweets ,Bathinda,2025-09-05,113,20.37,60,Rain,overcast clouds,6.76,Milad un-Nabi/Id-e-Milad
P002,Sweets ,Bathinda,2025-09-05,113,20.37,60,Rain,overcast clouds,6.76,Onam
P001,Soft Drink ,Rajpura,2025-09-05,208,33.02,52,Rain,overcast clouds,5.87,Milad un-Nabi/Id-e-Milad
P002,Sweets ,Malout,2025-09-05,116,32.37,85,Clear,light rain,9.17,Onam
P002,Sweets ,Mohali,2025-09-05,103,25.67,66,Rain,scattered clouds,5.32,Milad un-Nabi/Id-e-Milad
P002,Sweets ,Mohali,2025-09-05,103,25.67,66,Rain,scattered clouds,5.32,Onam
P002,Sweets ,Rajpura,2025-09-05,115,33.02,52,Rain,overcast clouds,5.87,Milad un-Nabi/Id-e-Milad
P002,Sweets ,Rajpura,2025-09-05,115,33.02,52,Rain,overcast clouds,5.87,Onam
P002,Sweets ,Patiala,2025-09-05,133,36.42,65,Clouds,moderate rain,9.44,Milad un-Nabi/Id-e-Milad
P002,Sweets ,Patiala,2025-09-05,133,36.42,65,Clouds,moderate rain,9.44,Onam
P003,Moisturizer ,Bathinda,2025-09-05,88,20.37,60,Rain,overcast clouds,6.76,Milad un-Nabi/Id-e-Milad
P003,Moisturizer ,Bathinda,2025-09-05,88,20.37,60,Rain,overcast clouds,6.76,Onam
P003,Moisturizer ,Malout,2025-09-05,76,32.37,85,Clear,light rain,9.17,Milad un-Nabi/Id-e-Milad
P003,Moisturizer ,Mohali,2025-09-05,102,25.67,66,Rain,scattered clouds,5.32,Milad un-Nabi/Id-e-Milad
P004,Pooja Articles,Bathinda,2025-09-06,125,36.13,47,Rain,clear sky,3.16,None
P004,Pooja Articles,Malout,2025-09-06,166,25.57,80,Clouds,clear sky,7.39,None
P004,Pooja Articles,Mohali,2025-09-06,140,27.66,76,Clear,moderate rain,5.72,None
P004,Pooja Articles,Rajpura,2025-09-06,134,30.9,83,Clouds,clear sky,8.13,None
P004,Pooja Articles,Patiala,2025-09-06,127,27.65,65,Clouds,clear sky,5.49,None
P005,Gift Hamper,Patiala,2025-09-06,201,27.65,65,Clouds,clear sky,5.49,None
P005,Gift Hamper,Malout,2025-09-06,247,25.57,80,Clouds,clear sky,7.39,None
P005,Gift Hamper,Mohali,2025-09-06,230,27.66,76,Clear,moderate rain,5.72,None
P005,Gift Hamper,Rajpura,2025-09-06,196,30.9,83,Clouds,clear sky,8.13,None
P003,Moisturizer ,Patiala,2025-09-06,107,27.65,65,Clouds,clear sky,5.49,None
P005,Gift Hamper,Bathinda,2025-09-06,218,36.13,47,Rain,clear sky,3.16,None
P003,Moisturizer ,Rajpura,2025-09-06,112,30.9,83,Clouds,clear sky,8.13,None
P002,Sweets ,Malout,2025-09-06,73,25.57,80,Clouds,clear sky,7.39,None
P003,Moisturizer ,Malout,2025-09-06,81,25.57,80,Clouds,clear sky,7.39,None
P003,Moisturizer ,Mohali,2025-09-06,110,27.66,76,Clear,moderate rain,5.72,None
P001,Soft Drink ,Malout,2025-09-06,190,25.57,80,Clouds,clear sky,7.39,None
P001,Soft Drink ,Mohali,2025-09-06,193,27.66,76,Clear,moderate rain,5.72,None
P001,Soft Drink ,Rajpura,2025-09-06,219,30.9,83,Clouds,clear sky,8.13,None
P001,Soft Drink ,Patiala,2025-09-06,144,27.65,65,Clouds,clear sky,5.49,None
P001,Soft Drink ,Bathinda,2025-09-06,174,36.13,47,Rain,clear sky,3.16,None
P002,Sweets ,Mohali,2025-09-06,161,27.66,76,Clear,moderate rain,5.72,None
P002,Sweets ,Rajpura,2025-09-06,96,30.9,83,Clouds,clear sky,8.13,None
P002,Sweets ,Patiala,2025-09-06,109,27.65,65,Clouds,clear sky,5.49,None
P003,Moisturizer ,Bathinda,2025-09-06,58,36.13,47,Rain,clear sky,3.16,None
P002,Sweets ,Bathinda,2025-09-06,137,36.13,47,Rain,clear sky,3.16,None
P003,Moisturizer ,Patiala,2025-09-07,107,36.93,79,Clouds,overcast clouds,6.6,None
P004,Pooja Articles,Bathinda,2025-09-07,173,28.26,56,Clouds,clear sky,2.38,None
P004,Pooja Articles,Malout,2025-09-07,116,21.06,87,Clouds,moderate rain,7.34,None
P004,Pooja Articles,Mohali,2025-09-07,138,37.63,48,Rain,clear sky,4.65,None
P004,Pooja Articles,Rajpura,2025-09-07,153,37.79,60,Clear,scattered clouds,3.03,None
P005,Gift Hamper,Malout,2025-09-07,209,21.06,87,Clouds,moderate rain,7.34,None
P005,Gift Hamper,Bathinda,2025-09-07,183,28.26,56,Clouds,clear sky,2.38,None
P005,Gift Hamper,Mohali,2025-09-07,213,37.63,48,Rain,clear sky,4.65,None
P005,Gift Hamper,Rajpura,2025-09-07,199,37.79,60,Clear,scattered clouds,3.03,None
P005,Gift Hamper,Patiala,2025-09-07,233,36.93,79,Clouds,overcast clouds,6.6,None
P004,Pooja Articles,Patiala,2025-09-07,122,36.93,79,Clouds,overcast clouds,6.6,None
P003,Moisturizer ,Rajpura,2025-09-07,51,37.79,60,Clear,scattered clouds,3.03,None
P002,Sweets ,Malout,2025-09-07,144,21.06,87,Clouds,moderate rain,7.34,None
P003,Moisturizer ,Malout,2025-09-07,117,21.06,87,Clouds,moderate rain,7.34,None
P001,Soft Drink ,Malout,2025-09-07,152,21.06,87,Clouds,moderate rain,7.34,None
P001,Soft Drink ,Mohali,2025-09-07,203,37.63,48,Rain,clear sky,4.65,None
P001,Soft Drink ,Rajpura,2025-09-07,136,37.79,60,Clear,scattered clouds,3.03,None
P001,Soft Drink ,Patiala,2025-09-07,155,36.93,79,Clouds,overcast clouds,6.6,None
P002,Sweets ,Bathinda,2025-09-07,100,28.26,56,Clouds,clear sky,2.38,None
P001,Soft Drink ,Bathinda,2025-09-07,148,28.26,56,Clouds,clear sky,2.38,None
P002,Sweets ,Mohali,2025-09-07,120,37.63,48,Rain,clear sky,4.65,None
P003,Moisturizer ,Bathinda,2025-09-07,95,28.26,56,Clouds,clear sky,2.38,None
P003,Moisturizer ,Mohali,2025-09-07,80,37.63,48,Rain,clear sky,4.65,None
P002,Sweets ,Rajpura,2025-09-07,124,37.79,60,Clear,scattered clouds,3.03,None
P002,Sweets ,Patiala,2025-09-07,147,36.93,79,Clouds,overcast clouds,6.6,None
P003,Moisturizer ,Rajpura,2025-09-08,67,36.92,66,Rain,scattered clouds,5.91,None
P005,Gift Hamper,Rajpura,2025-09-08,215,36.92,66,Rain,scattered clouds,5.91,None
P005,Gift Hamper,Mohali,2025-09-08,222,23.55,89,Clouds,clear sky,7.19,None
P005,Gift Hamper,Malout,2025-09-08,251,21.24,46,Rain,scattered clouds,6.51,None
P005,Gift Hamper,Patiala,2025-09-08,203,38.7,47,Rain,clear sky,5.24,None
P004,Pooja Articles,Patiala,2025-09-08,166,38.7,47,Rain,clear sky,5.24,None
P004,Pooja Articles,Rajpura,2025-09-08,165,36.92,66,Rain,scattered clouds,5.91,None
P004,Pooja Articles,Mohali,2025-09-08,137,23.55,89,Clouds,clear sky,7.19,None
P004,Pooja Articles,Malout,2025-09-08,144,21.24,46,Rain,scattered clouds,6.51,None
P004,Pooja Articles,Bathinda,2025-09-08,140,26.97,80,Rain,moderate rain,6.14,None
P003,Moisturizer ,Patiala,2025-09-08,100,38.7,47,Rain,clear sky,5.24,None
P005,Gift Hamper,Bathinda,2025-09-08,203,26.97,80,Rain,moderate rain,6.14,None
P003,Moisturizer ,Mohali,2025-09-08,105,23.55,89,Clouds,clear sky,7.19,None
P003,Moisturizer ,Bathinda,2025-09-08,78,26.97,80,Rain,moderate rain,6.14,None
P003,Moisturizer ,Malout,2025-09-08,123,21.24,46,Rain,scattered clouds,6.51,None
P001,Soft Drink ,Bathinda,2025-09-08,179,26.97,80,Rain,moderate rain,6.14,None
P001,Soft Drink ,Malout,2025-09-08,179,21.24,46,Rain,scattered clouds,6.51,None
P001,Soft Drink ,Rajpura,2025-09-08,183,36.92,66,Rain,scattered clouds,5.91,None
P001,Soft Drink ,Patiala,2025-09-08,175,38.7,47,Rain,clear sky,5.24,None
P001,Soft Drink ,Mohali,2025-09-08,156,23.55,89,Clouds,clear sky,7.19,None
P002,Sweets ,Malout,2025-09-08,111,21.24,46,Rain,scattered clouds,6.51,None
P002,Sweets ,Mohali,2025-09-08,102,23.55,89,Clouds,clear sky,7.19,None
P002,Sweets ,Rajpura,2025-09-08,99,36.92,66,Rain,scattered clouds,5.91,None
P002,Sweets ,Patiala,2025-09-08,64,38.7,47,Rain,clear sky,5.24,None
P002,Sweets ,Bathinda,2025-09-08,98,26.97,80,Rain,moderate rain,6.14,None
P005,Gift Hamper,Patiala,2025-09-09,218,24.04,47,Clouds,clear sky,7.62,None
P004,Pooja Articles,Bathinda,2025-09-09,120,20.21,52,Clouds,light rain,7.42,None
P004,Pooja Articles,Malout,2025-09-09,158,25.07,53,Rain,light rain,5.69,None
P004,Pooja Articles,Mohali,2025-09-09,125,21.89,73,Clear,light rain,5.27,None
P004,Pooja Articles,Rajpura,2025-09-09,116,25.09,75,Clouds,moderate rain,1.11,None
P003,Moisturizer ,Patiala,2025-09-09,101,24.04,47,Clouds,clear sky,7.62,None
P005,Gift Hamper,Bathinda,2025-09-09,202,20.21,52,Clouds,light rain,7.42,None
P005,Gift Hamper,Malout,2025-09-09,205,25.07,53,Rain,light rain,5.69,None
P005,Gift Hamper,Mohali,2025-09-09,212,21.89,73,Clear,light rain,5.27,None
P005,Gift Hamper,Rajpura,2025-09-09,228,25.09,75,Clouds,moderate rain,1.11,None
P004,Pooja Articles,Patiala,2025-09-09,167,24.04,47,Clouds,clear sky,7.62,None
P003,Moisturizer ,Rajpura,2025-09-09,72,25.09,75,Clouds,moderate rain,1.11,None
P002,Sweets ,Malout,2025-09-09,84,25.07,53,Rain,light rain,5.69,None
P003,Moisturizer ,Malout,2025-09-09,122,25.07,53,Rain,light rain,5.69,None
P001,Soft Drink ,Bathinda,2025-09-09,179,20.21,52,Clouds,light rain,7.42,None
P001,Soft Drink ,Malout,2025-09-09,199,25.07,53,Rain,light rain,5.69,None
P001,Soft Drink ,Mohali,2025-09-09,208,21.89,73,Clear,light rain,5.27,None
P001,Soft Drink ,Rajpura,2025-09-09,181,25.09,75,Clouds,moderate rain,1.11,None
P001,Soft Drink ,Patiala,2025-09-09,180,24.04,47,Clouds,clear sky,7.62,None
P003,Moisturizer ,Mohali,2025-09-09,151,21.89,73,Clear,light rain,5.27,None
P002,Sweets ,Mohali,2025-09-09,115,21.89,73,Clear,light rain,5.27,None
P002,Sweets ,Rajpura,2025-09-09,129,25.09,75,Clouds,moderate rain,1.11,None
P002,Sweets ,Patiala,2025-09-09,168,24.04,47,Clouds,clear sky,7.62,None
P003,Moisturizer ,Bathinda,2025-09-09,91,20.21,52,Clouds,light rain,7.42,None
P002,Sweets ,Bathinda,2025-09-09,88,20.21,52,Clouds,light rain,7.42,None
P005,Gift Hamper,Patiala,2025-09-10,207,24.54,78,Clouds,clear sky,6.74,None
P005,Gift Hamper,Rajpura,2025-09-10,194,28.94,83,Rain,clear sky,2.38,None
P005,Gift Hamper,Mohali,2025-09-10,269,37.19,53,Clear,light rain,2.59,None
P005,Gift Hamper,Malout,2025-09-10,205,29.14,40,Clear,light rain,8.0,None
P005,Gift Hamper,Bathinda,2025-09-10,214,21.43,83,Clouds,overcast clouds,9.43,None
P004,Pooja Articles,Patiala,2025-09-10,140,24.54,78,Clouds,clear sky,6.74,None
P004,Pooja Articles,Rajpura,2025-09-10,125,28.94,83,Rain,clear sky,2.38,None
P004,Pooja Articles,Mohali,2025-09-10,135,37.19,53,Clear,light rain,2.59,None
P004,Pooja Articles,Malout,2025-09-10,156,29.14,40,Clear,light rain,8.0,None
P003,Moisturizer ,Patiala,2025-09-10,89,24.54,78,Clouds,clear sky,6.74,None
P003,Moisturizer ,Rajpura,2025-09-10,95,28.94,83,Rain,clear sky,2.38,None
P004,Pooja Articles,Bathinda,2025-09-10,109,21.43,83,Clouds,overcast clouds,9.43,None
P003,Moisturizer ,Mohali,2025-09-10,48,37.19,53,Clear,light rain,2.59,None
P003,Moisturizer ,Malout,2025-09-10,96,29.14,40,Clear,light rain,8.0,None
P001,Soft Drink ,Bathinda,2025-09-10,193,21.43,83,Clouds,overcast clouds,9.43,None
P001,Soft Drink ,Malout,2025-09-10,209,29.14,40,Clear,light rain,8.0,None
P001,Soft Drink ,Mohali,2025-09-10,176,37.19,53,Clear,light rain,2.59,None
P001,Soft Drink ,Patiala,2025-09-10,149,24.54,78,Clouds,clear sky,6.74,None
P001,Soft Drink ,Rajpura,2025-09-10,179,28.94,83,Rain,clear sky,2.38,None
P002,Sweets ,Malout,2025-09-10,105,29.14,40,Clear,light rain,8.0,None
P002,Sweets ,Mohali,2025-09-10,151,37.19,53,Clear,light rain,2.59,None
P002,Sweets ,Rajpura,2025-09-10,146,28.94,83,Rain,clear sky,2.38,None
P002,Sweets ,Patiala,2025-09-10,129,24.54,78,Clouds,clear sky,6.74,None
P003,Moisturizer ,Bathinda,2025-09-10,33,21.43,83,Clouds,overcast clouds,9.43,None
P002,Sweets ,Bathinda,2025-09-10,116,21.43,83,Clouds,overcast clouds,9.43,None
P004,Pooja Articles,Mohali,2025-09-11,109,29.75,46,Clear,scattered clouds,2.42,None
P003,Moisturizer ,Patiala,2025-09-11,130,36.87,45,Rain,clear sky,6.09,None
P004,Pooja Articles,Bathinda,2025-09-11,145,22.82,86,Clouds,overcast clouds,3.54,None
P004,Pooja Articles,Malout,2025-09-11,123,29.66,81,Clear,moderate rain,9.05,None
P004,Pooja Articles,Rajpura,2025-09-11,167,32.45,54,Clouds,light rain,2.16,None
P003,Moisturizer ,Rajpura,2025-09-11,89,32.45,54,Clouds,light rain,2.16,None
P005,Gift Hamper,Bathinda,2025-09-11,225,22.82,86,Clouds,overcast clouds,3.54,None
P005,Gift Hamper,Malout,2025-09-11,223,29.66,81,Clear,moderate rain,9.05,None
P005,Gift Hamper,Mohali,2025-09-11,206,29.75,46,Clear,scattered clouds,2.42,None
P005,Gift Hamper,Rajpura,2025-09-11,238,32.45,54,Clouds,light rain,2.16,None
P004,Pooja Articles,Patiala,2025-09-11,162,36.87,45,Rain,clear sky,6.09,None
P005,Gift Hamper,Patiala,2025-09-11,165,36.87,45,Rain,clear sky,6.09,None
P003,Moisturizer ,Mohali,2025-09-11,147,29.75,46,Clear,scattered clouds,2.42,None
P003,Moisturizer ,Bathinda,2025-09-11,73,22.82,86,Clouds,overcast clouds,3.54,None
P001,Soft Drink ,Bathinda,2025-09-11,207,22.82,86,Clouds,overcast clouds,3.54,None
P001,Soft Drink ,Malout,2025-09-11,240,29.66,81,Clear,moderate rain,9.05,None
P001,Soft Drink ,Mohali,2025-09-11,176,29.75,46,Clear,scattered clouds,2.42,None
P001,Soft Drink ,Rajpura,2025-09-11,197,32.45,54,Clouds,light rain,2.16,None
P001,Soft Drink ,Patiala,2025-09-11,228,36.87,45,Rain,clear sky,6.09,None
P003,Moisturizer ,Malout,2025-09-11,116,29.66,81,Clear,moderate rain,9.05,None
P002,Sweets ,Malout,2025-09-11,113,29.66,81,Clear,moderate rain,9.05,None
P002,Sweets ,Mohali,2025-09-11,135,29.75,46,Clear,scattered clouds,2.42,None
P002,Sweets ,Rajpura,2025-09-11,116,32.45,54,Clouds,light rain,2.16,None
P002,Sweets ,Patiala,2025-09-11,146,36.87,45,Rain,clear sky,6.09,None
P002,Sweets ,Bathinda,2025-09-11,119,22.82,86,Clouds,overcast clouds,3.54,None
P003,Moisturizer ,Patiala,2025-09-12,135,39.31,49,Clear,moderate rain,5.05,None
P004,Pooja Articles,Bathinda,2025-09-12,151,22.42,52,Rain,light rain,4.43,None
P004,Pooja Articles,Malout,2025-09-12,133,39.9,54,Rain,overcast clouds,4.99,None
P004,Pooja Articles,Mohali,2025-09-12,139,23.65,54,Rain,scattered clouds,5.23,None
P004,Pooja Articles,Rajpura,2025-09-12,147,23.77,63,Rain,clear sky,3.15,None
P005,Gift Hamper,Bathinda,2025-09-12,240,22.42,52,Rain,light rain,4.43,None
P005,Gift Hamper,Malout,2025-09-12,228,39.9,54,Rain,overcast clouds,4.99,None
P005,Gift Hamper,Mohali,2025-09-12,230,23.65,54,Rain,scattered clouds,5.23,None
P005,Gift Hamper,Rajpura,2025-09-12,234,23.77,63,Rain,clear sky,3.15,None
P003,Moisturizer ,Rajpura,2025-09-12,148,23.77,63,Rain,clear sky,3.15,None
P004,Pooja Articles,Patiala,2025-09-12,187,39.31,49,Clear,moderate rain,5.05,None
P005,Gift Hamper,Patiala,2025-09-12,228,39.31,49,Clear,moderate rain,5.05,None
P003,Moisturizer ,Mohali,2025-09-12,116,23.65,54,Rain,scattered clouds,5.23,None
P003,Moisturizer ,Bathinda,2025-09-12,99,22.42,52,Rain,light rain,4.43,None
P003,Moisturizer ,Malout,2025-09-12,123,39.9,54,Rain,overcast clouds,4.99,None
P001,Soft Drink ,Bathinda,2025-09-12,189,22.42,52,Rain,light rain,4.43,None
P001,Soft Drink ,Malout,2025-09-12,175,39.9,54,Rain,overcast clouds,4.99,None
P001,Soft Drink ,Rajpura,2025-09-12,151,23.77,63,Rain,clear sky,3.15,None
P001,Soft Drink ,Patiala,2025-09-12,178,39.31,49,Clear,moderate rain,5.05,None
P001,Soft Drink ,Mohali,2025-09-12,177,23.65,54,Rain,scattered clouds,5.23,None
P002,Sweets ,Malout,2025-09-12,139,39.9,54,Rain,overcast clouds,4.99,None
P002,Sweets ,Mohali,2025-09-12,133,23.65,54,Rain,scattered clouds,5.23,None
P002,Sweets ,Rajpura,2025-09-12,100,23.77,63,Rain,clear sky,3.15,None
P002,Sweets ,Patiala,2025-09-12,117,39.31,49,Clear,moderate rain,5.05,None
P002,Sweets ,Bathinda,2025-09-12,155,22.42,52,Rain,light rain,4.43,None
P005,Gift Hamper,Patiala,2025-09-13,218,23.52,51,Clear,clear sky,2.62,None
P004,Pooja Articles,Bathinda,2025-09-13,189,37.28,72,Rain,moderate rain,1.17,None
P004,Pooja Articles,Malout,2025-09-13,139,23.17,62,Clouds,scattered clouds,7.2,None
P004,Pooja Articles,Mohali,2025-09-13,192,30.93,90,Rain,scattered clouds,5.43,None
P004,Pooja Articles,Rajpura,2025-09-13,92,25.16,81,Clouds,light rain,3.23,None
P003,Moisturizer ,Patiala,2025-09-13,124,23.52,51,Clear,clear sky,2.62,None
P005,Gift Hamper,Bathinda,2025-09-13,198,37.28,72,Rain,moderate rain,1.17,None
P005,Gift Hamper,Malout,2025-09-13,231,23.17,62,Clouds,scattered clouds,7.2,None
P005,Gift Hamper,Mohali,2025-09-13,200,30.93,90,Rain,scattered clouds,5.43,None
P005,Gift Hamper,Rajpura,2025-09-13,211,25.16,81,Clouds,light rain,3.23,None
P004,Pooja Articles,Patiala,2025-09-13,155,23.52,51,Clear,clear sky,2.62,None
P003,Moisturizer ,Rajpura,2025-09-13,60,25.16,81,Clouds,light rain,3.23,None
P002,Sweets ,Malout,2025-09-13,133,23.17,62,Clouds,scattered clouds,7.2,None
P003,Moisturizer ,Malout,2025-09-13,124,23.17,62,Clouds,scattered clouds,7.2,None
P001,Soft Drink ,Bathinda,2025-09-13,185,37.28,72,Rain,moderate rain,1.17,None
P001,Soft Drink ,Malout,2025-09-13,209,23.17,62,Clouds,scattered clouds,7.2,None
P001,Soft Drink ,Mohali,2025-09-13,182,30.93,90,Rain,scattered clouds,5.43,None
P001,Soft Drink ,Rajpura,2025-09-13,174,25.16,81,Clouds,light rain,3.23,None
P001,Soft Drink ,Patiala,2025-09-13,185,23.52,51,Clear,clear sky,2.62,None
P003,Moisturizer ,Mohali,2025-09-13,164,30.93,90,Rain,scattered clouds,5.43,None
P002,Sweets ,Mohali,2025-09-13,121,30.93,90,Rain,scattered clouds,5.43,None
P002,Sweets ,Rajpura,2025-09-13,105,25.16,81,Clouds,light rain,3.23,None
P002,Sweets ,Patiala,2025-09-13,94,23.52,51,Clear,clear sky,2.62,None
P003,Moisturizer ,Bathinda,2025-09-13,113,37.28,72,Rain,moderate rain,1.17,None
P002,Sweets ,Bathinda,2025-09-13,134,37.28,72,Rain,moderate rain,1.17,None
P004,Pooja Articles,Bathinda,2025-09-14,159,24.16,56,Clouds,overcast clouds,2.64,None
P004,Pooja Articles,Malout,2025-09-14,173,31.88,88,Clear,light rain,7.55,None
P004,Pooja Articles,Mohali,2025-09-14,167,25.88,79,Rain,light rain,7.68,None
P004,Pooja Articles,Rajpura,2025-09-14,148,22.16,74,Clear,moderate rain,4.69,None
P004,Pooja Articles,Patiala,2025-09-14,120,32.57,60,Rain,clear sky,7.21,None
P005,Gift Hamper,Malout,2025-09-14,239,31.88,88,Clear,light rain,7.55,None
P005,Gift Hamper,Mohali,2025-09-14,230,25.88,79,Rain,light rain,7.68,None
P005,Gift Hamper,Rajpura,2025-09-14,207,22.16,74,Clear,moderate rain,4.69,None
P005,Gift Hamper,Patiala,2025-09-14,193,32.57,60,Rain,clear sky,7.21,None
P003,Moisturizer ,Patiala,2025-09-14,139,32.57,60,Rain,clear sky,7.21,None
P005,Gift Hamper,Bathinda,2025-09-14,213,24.16,56,Clouds,overcast clouds,2.64,None
P003,Moisturizer ,Rajpura,2025-09-14,80,22.16,74,Clear,moderate rain,4.69,None
P003,Moisturizer ,Mohali,2025-09-14,91,25.88,79,Rain,light rain,7.68,None
P003,Moisturizer ,Malout,2025-09-14,91,31.88,88,Clear,light rain,7.55,None
P001,Soft Drink ,Malout,2025-09-14,147,31.88,88,Clear,light rain,7.55,None
P001,Soft Drink ,Mohali,2025-09-14,211,25.88,79,Rain,light rain,7.68,None
P001,Soft Drink ,Rajpura,2025-09-14,158,22.16,74,Clear,moderate rain,4.69,None
P001,Soft Drink ,Patiala,2025-09-14,131,32.57,60,Rain,clear sky,7.21,None
P002,Sweets ,Bathinda,2025-09-14,122,24.16,56,Clouds,overcast clouds,2.64,None
P001,Soft Drink ,Bathinda,2025-09-14,156,24.16,56,Clouds,overcast clouds,2.64,None
P002,Sweets ,Mohali,2025-09-14,125,25.88,79,Rain,light rain,7.68,None
P002,Sweets ,Rajpura,2025-09-14,58,22.16,74,Clear,moderate rain,4.69,None
P002,Sweets ,Patiala,2025-09-14,43,32.57,60,Rain,clear sky,7.21,None
P003,Moisturizer ,Bathinda,2025-09-14,44,24.16,56,Clouds,overcast clouds,2.64,None
P002,Sweets ,Malout,2025-09-14,140,31.88,88,Clear,light rain,7.55,None
P004,Pooja Articles,Bathinda,2025-09-15,102,27.58,83,Clouds,overcast clouds,4.82,None
P004,Pooja Articles,Malout,2025-09-15,161,28.65,47,Clear,scattered clouds,2.76,None
P004,Pooja Articles,Mohali,2025-09-15,134,29.33,74,Clear,light rain,4.81,None
P004,Pooja Articles,Rajpura,2025-09-15,148,37.23,51,Rain,moderate rain,7.64,None
P004,Pooja Articles,Patiala,2025-09-15,144,34.83,46,Rain,moderate rain,2.57,None
P005,Gift Hamper,Malout,2025-09-15,217,28.65,47,Clear,scattered clouds,2.76,None
P005,Gift Hamper,Mohali,2025-09-15,243,29.33,74,Clear,light rain,4.81,None
P005,Gift Hamper,Rajpura,2025-09-15,214,37.23,51,Rain,moderate rain,7.64,None
P005,Gift Hamper,Patiala,2025-09-15,209,34.83,46,Rain,moderate rain,2.57,None
P003,Moisturizer ,Patiala,2025-09-15,98,34.83,46,Rain,moderate rain,2.57,None
P005,Gift Hamper,Bathinda,2025-09-15,244,27.58,83,Clouds,overcast clouds,4.82,None
P003,Moisturizer ,Rajpura,2025-09-15,84,37.23,51,Rain,moderate rain,7.64,None
P003,Moisturizer ,Mohali,2025-09-15,152,29.33,74,Clear,light rain,4.81,None
P003,Moisturizer ,Malout,2025-09-15,143,28.65,47,Clear,scattered clouds,2.76,None
P001,Soft Drink ,Malout,2025-09-15,218,28.65,47,Clear,scattered clouds,2.76,None
P001,Soft Drink ,Mohali,2025-09-15,194,29.33,74,Clear,light rain,4.81,None
P001,Soft Drink ,Rajpura,2025-09-15,186,37.23,51,Rain,moderate rain,7.64,None
P001,Soft Drink ,Patiala,2025-09-15,141,34.83,46,Rain,moderate rain,2.57,None
P002,Sweets ,Bathinda,2025-09-15,74,27.58,83,Clouds,overcast clouds,4.82,None
P001,Soft Drink ,Bathinda,2025-09-15,176,27.58,83,Clouds,overcast clouds,4.82,None
P002,Sweets ,Mohali,2025-09-15,118,29.33,74,Clear,light rain,4.81,None
P002,Sweets ,Rajpura,2025-09-15,132,37.23,51,Rain,moderate rain,7.64,None
P002,Sweets ,Patiala,2025-09-15,98,34.83,46,Rain,moderate rain,2.57,None
P003,Moisturizer ,Bathinda,2025-09-15,99,27.58,83,Clouds,overcast clouds,4.82,None
P002,Sweets ,Malout,2025-09-15,94,28.65,47,Clear,scattered clouds,2.76,None
P004,Pooja Articles,Bathinda,2025-09-16,164,24.19,84,Clear,light rain,5.99,None
P004,Pooja Articles,Malout,2025-09-16,116,28.39,67,Rain,scattered clouds,8.0,None
P004,Pooja Articles,Mohali,2025-09-16,156,24.29,46,Rain,moderate rain,8.66,None
P004,Pooja Articles,Rajpura,2025-09-16,145,35.49,66,Clear,scattered clouds,5.59,None
P004,Pooja Articles,Patiala,2025-09-16,108,33.59,44,Clouds,clear sky,7.55,None
P005,Gift Hamper,Malout,2025-09-16,225,28.39,67,Rain,scattered clouds,8.0,None
P005,Gift Hamper,Mohali,2025-09-16,204,24.29,46,Rain,moderate rain,8.66,None
P005,Gift Hamper,Rajpura,2025-09-16,266,35.49,66,Clear,scattered clouds,5.59,None
P005,Gift Hamper,Patiala,2025-09-16,228,33.59,44,Clouds,clear sky,7.55,None
P003,Moisturizer ,Patiala,2025-09-16,130,33.59,44,Clouds,clear sky,7.55,None
P005,Gift Hamper,Bathinda,2025-09-16,220,24.19,84,Clear,light rain,5.99,None
P003,Moisturizer ,Rajpura,2025-09-16,96,35.49,66,Clear,scattered clouds,5.59,None
P003,Moisturizer ,Mohali,2025-09-16,101,24.29,46,Rain,moderate rain,8.66,None
P003,Moisturizer ,Malout,2025-09-16,116,28.39,67,Rain,scattered clouds,8.0,None
P001,Soft Drink ,Malout,2025-09-16,188,28.39,67,Rain,scattered clouds,8.0,None
P001,Soft Drink ,Mohali,2025-09-16,154,24.29,46,Rain,moderate rain,8.66,None
P001,Soft Drink ,Rajpura,2025-09-16,193,35.49,66,Clear,scattered clouds,5.59,None
P001,Soft Drink ,Patiala,2025-09-16,162,33.59,44,Clouds,clear sky,7.55,None
P002,Sweets ,Bathinda,2025-09-16,106,24.19,84,Clear,light rain,5.99,None
P001,Soft Drink ,Bathinda,2025-09-16,152,24.19,84,Clear,light rain,5.99,None
P002,Sweets ,Mohali,2025-09-16,175,24.29,46,Rain,moderate rain,8.66,None
P002,Sweets ,Rajpura,2025-09-16,125,35.49,66,Clear,scattered clouds,5.59,None
P002,Sweets ,Patiala,2025-09-16,71,33.59,44,Clouds,clear sky,7.55,None
P003,Moisturizer ,Bathinda,2025-09-16,120,24.19,84,Clear,light rain,5.99,None
P002,Sweets ,Malout,2025-09-16,94,28.39,67,Rain,scattered clouds,8.0,None
P003,Moisturizer ,Patiala,2025-09-17,83,37.95,63,Rain,scattered clouds,3.96,None
P004,Pooja Articles,Bathinda,2025-09-17,136,20.3,77,Rain,light rain,3.39,None
P004,Pooja Articles,Malout,2025-09-17,123,36.24,68,Clouds,overcast clouds,7.01,None
P004,Pooja Articles,Mohali,2025-09-17,202,30.85,41,Clouds,moderate rain,4.41,None
P004,Pooja Articles,Rajpura,2025-09-17,156,26.33,76,Clouds,light rain,5.98,None
P005,Gift Hamper,Bathinda,2025-09-17,193,20.3,77,Rain,light rain,3.39,None
P005,Gift Hamper,Malout,2025-09-17,262,36.24,68,Clouds,overcast clouds,7.01,None
P005,Gift Hamper,Mohali,2025-09-17,240,30.85,41,Clouds,moderate rain,4.41,None
P005,Gift Hamper,Rajpura,2025-09-17,247,26.33,76,Clouds,light rain,5.98,None
P003,Moisturizer ,Rajpura,2025-09-17,75,26.33,76,Clouds,light rain,5.98,None
P004,Pooja Articles,Patiala,2025-09-17,184,37.95,63,Rain,scattered clouds,3.96,None
P003,Moisturizer ,Mohali,2025-09-17,139,30.85,41,Clouds,moderate rain,4.41,None
P005,Gift Hamper,Patiala,2025-09-17,293,37.95,63,Rain,scattered clouds,3.96,None
P003,Moisturizer ,Bathinda,2025-09-17,82,20.3,77,Rain,light rain,3.39,None
P001,Soft Drink ,Bathinda,2025-09-17,177,20.3,77,Rain,light rain,3.39,None
P001,Soft Drink ,Malout,2025-09-17,172,36.24,68,Clouds,overcast clouds,7.01,None
P001,Soft Drink ,Mohali,2025-09-17,180,30.85,41,Clouds,moderate rain,4.41,None
P001,Soft Drink ,Rajpura,2025-09-17,162,26.33,76,Clouds,light rain,5.98,None
P001,Soft Drink ,Patiala,2025-09-17,212,37.95,63,Rain,scattered clouds,3.96,None
P003,Moisturizer ,Malout,2025-09-17,122,36.24,68,Clouds,overcast clouds,7.01,None
P002,Sweets ,Malout,2025-09-17,115,36.24,68,Clouds,overcast clouds,7.01,None
P002,Sweets ,Mohali,2025-09-17,79,30.85,41,Clouds,moderate rain,4.41,None
P002,Sweets ,Rajpura,2025-09-17,97,26.33,76,Clouds,light rain,5.98,None
P002,Sweets ,Patiala,2025-09-17,98,37.95,63,Rain,scattered clouds,3.96,None
P002,Sweets ,Bathinda,2025-09-17,141,20.3,77,Rain,light rain,3.39,None
P004,Pooja Articles,Bathinda,2025-09-18,171,20.35,78,Clear,overcast clouds,2.89,None
P004,Pooja Articles,Malout,2025-09-18,167,34.76,89,Clear,overcast clouds,4.63,None
P004,Pooja Articles,Mohali,2025-09-18,166,31.67,70,Clouds,clear sky,4.33,None
P004,Pooja Articles,Rajpura,2025-09-18,172,24.12,85,Rain,light rain,7.1,None
P004,Pooja Articles,Patiala,2025-09-18,144,25.9,75,Rain,light rain,6.01,None
P005,Gift Hamper,Malout,2025-09-18,186,34.76,89,Clear,overcast clouds,4.63,None
P005,Gift Hamper,Mohali,2025-09-18,214,31.67,70,Clouds,clear sky,4.33,None
P005,Gift Hamper,Rajpura,2025-09-18,217,24.12,85,Rain,light rain,7.1,None
P005,Gift Hamper,Patiala,2025-09-18,235,25.9,75,Rain,light rain,6.01,None
P003,Moisturizer ,Patiala,2025-09-18,85,25.9,75,Rain,light rain,6.01,None
P005,Gift Hamper,Bathinda,2025-09-18,186,20.35,78,Clear,overcast clouds,2.89,None
P003,Moisturizer ,Rajpura,2025-09-18,103,24.12,85,Rain,light rain,7.1,None
P003,Moisturizer ,Mohali,2025-09-18,86,31.67,70,Clouds,clear sky,4.33,None
P003,Moisturizer ,Malout,2025-09-18,118,34.76,89,Clear,overcast clouds,4.63,None
P001,Soft Drink ,Malout,2025-09-18,237,34.76,89,Clear,overcast clouds,4.63,None
P001,Soft Drink ,Mohali,2025-09-18,179,31.67,70,Clouds,clear sky,4.33,None
P001,Soft Drink ,Rajpura,2025-09-18,153,24.12,85,Rain,light rain,7.1,None
P001,Soft Drink ,Patiala,2025-09-18,211,25.9,75,Rain,light rain,6.01,None
P002,Sweets ,Bathinda,2025-09-18,129,20.35,78,Clear,overcast clouds,2.89,None
P001,Soft Drink ,Bathinda,2025-09-18,201,20.35,78,Clear,overcast clouds,2.89,None
P002,Sweets ,Mohali,2025-09-18,105,31.67,70,Clouds,clear sky,4.33,None
P002,Sweets ,Rajpura,2025-09-18,79,24.12,85,Rain,light rain,7.1,None
P002,Sweets ,Patiala,2025-09-18,132,25.9,75,Rain,light rain,6.01,None
P003,Moisturizer ,Bathinda,2025-09-18,116,20.35,78,Clear,overcast clouds,2.89,None
P002,Sweets ,Malout,2025-09-18,117,34.76,89,Clear,overcast clouds,4.63,None
P003,Moisturizer ,Patiala,2025-09-19,122,25.84,69,Rain,clear sky,3.3,None
P004,Pooja Articles,Bathinda,2025-09-19,168,31.19,68,Rain,overcast clouds,4.2,None
P004,Pooja Articles,Malout,2025-09-19,203,27.86,51,Clouds,clear sky,4.39,None
P004,Pooja Articles,Mohali,2025-09-19,167,29.35,81,Rain,clear sky,3.81,None
P004,Pooja Articles,Rajpura,2025-09-19,178,29.98,79,Clouds,light rain,9.35,None
P005,Gift Hamper,Bathinda,2025-09-19,240,31.19,68,Rain,overcast clouds,4.2,None
P005,Gift Hamper,Malout,2025-09-19,182,27.86,51,Clouds,clear sky,4.39,None
P005,Gift Hamper,Mohali,2025-09-19,213,29.35,81,Rain,clear sky,3.81,None
P005,Gift Hamper,Rajpura,2025-09-19,224,29.98,79,Clouds,light rain,9.35,None
P003,Moisturizer ,Rajpura,2025-09-19,104,29.98,79,Clouds,light rain,9.35,None
P004,Pooja Articles,Patiala,2025-09-19,147,25.84,69,Rain,clear sky,3.3,None
P003,Moisturizer ,Mohali,2025-09-19,83,29.35,81,Rain,clear sky,3.81,None
P005,Gift Hamper,Patiala,2025-09-19,171,25.84,69,Rain,clear sky,3.3,None
P003,Moisturizer ,Bathinda,2025-09-19,68,31.19,68,Rain,overcast clouds,4.2,None
P001,Soft Drink ,Bathinda,2025-09-19,164,31.19,68,Rain,overcast clouds,4.2,None
P001,Soft Drink ,Malout,2025-09-19,225,27.86,51,Clouds,clear sky,4.39,None
P001,Soft Drink ,Mohali,2025-09-19,182,29.35,81,Rain,clear sky,3.81,None
P001,Soft Drink ,Rajpura,2025-09-19,159,29.98,79,Clouds,light rain,9.35,None
P001,Soft Drink ,Patiala,2025-09-19,124,25.84,69,Rain,clear sky,3.3,None
P003,Moisturizer ,Malout,2025-09-19,73,27.86,51,Clouds,clear sky,4.39,None
P002,Sweets ,Malout,2025-09-19,163,27.86,51,Clouds,clear sky,4.39,None
P002,Sweets ,Mohali,2025-09-19,105,29.35,81,Rain,clear sky,3.81,None
P002,Sweets ,Rajpura,2025-09-19,138,29.98,79,Clouds,light rain,9.35,None
P002,Sweets ,Patiala,2025-09-19,154,25.84,69,Rain,clear sky,3.3,None
P002,Sweets ,Bathinda,2025-09-19,92,31.19,68,Rain,overcast clouds,4.2,None
P003,Moisturizer ,Patiala,2025-09-20,102,24.0,54,Clouds,overcast clouds,1.59,None
P004,Pooja Articles,Bathinda,2025-09-20,152,30.64,86,Clouds,moderate rain,8.67,None
P004,Pooja Articles,Malout,2025-09-20,152,35.83,45,Clear,clear sky,7.83,None
P004,Pooja Articles,Mohali,2025-09-20,166,29.43,73,Clear,clear sky,6.55,None
P004,Pooja Articles,Rajpura,2025-09-20,129,28.42,51,Clear,light rain,5.78,None
P005,Gift Hamper,Bathinda,2025-09-20,178,30.64,86,Clouds,moderate rain,8.67,None
P005,Gift Hamper,Malout,2025-09-20,199,35.83,45,Clear,clear sky,7.83,None
P005,Gift Hamper,Mohali,2025-09-20,245,29.43,73,Clear,clear sky,6.55,None
P005,Gift Hamper,Rajpura,2025-09-20,215,28.42,51,Clear,light rain,5.78,None
P003,Moisturizer ,Rajpura,2025-09-20,119,28.42,51,Clear,light rain,5.78,None
P004,Pooja Articles,Patiala,2025-09-20,226,24.0,54,Clouds,overcast clouds,1.59,None
P003,Moisturizer ,Mohali,2025-09-20,84,29.43,73,Clear,clear sky,6.55,None
P005,Gift Hamper,Patiala,2025-09-20,266,24.0,54,Clouds,overcast clouds,1.59,None
P003,Moisturizer ,Bathinda,2025-09-20,86,30.64,86,Clouds,moderate rain,8.67,None
P001,Soft Drink ,Bathinda,2025-09-20,154,30.64,86,Clouds,moderate rain,8.67,None
P001,Soft Drink ,Malout,2025-09-20,184,35.83,45,Clear,clear sky,7.83,None
P001,Soft Drink ,Mohali,2025-09-20,147,29.43,73,Clear,clear sky,6.55,None
P001,Soft Drink ,Rajpura,2025-09-20,131,28.42,51,Clear,light rain,5.78,None
P001,Soft Drink ,Patiala,2025-09-20,166,24.0,54,Clouds,overcast clouds,1.59,None
P003,Moisturizer ,Malout,2025-09-20,147,35.83,45,Clear,clear sky,7.83,None
P002,Sweets ,Malout,2025-09-20,124,35.83,45,Clear,clear sky,7.83,None
P002,Sweets ,Mohali,2025-09-20,87,29.43,73,Clear,clear sky,6.55,None
P002,Sweets ,Rajpura,2025-09-20,88,28.42,51,Clear,light rain,5.78,None
P002,Sweets ,Patiala,2025-09-20,139,24.0,54,Clouds,overcast clouds,1.59,None
P002,Sweets ,Bathinda,2025-09-20,137,30.64,86,Clouds,moderate rain,8.67,None
P003,Moisturizer ,Patiala,2025-09-21,116,25.75,59,Clouds,light rain,1.34,None
P004,Pooja Articles,Bathinda,2025-09-21,131,30.41,77,Clouds,clear sky,9.52,None
P004,Pooja Articles,Malout,2025-09-21,170,29.23,78,Rain,scattered clouds,2.65,None
P004,Pooja Articles,Mohali,2025-09-21,177,30.96,49,Clear,moderate rain,9.6,None
P004,Pooja Articles,Rajpura,2025-09-21,152,37.36,48,Clear,light rain,7.9,None
P005,Gift Hamper,Bathinda,2025-09-21,239,30.41,77,Clouds,clear sky,9.52,None
P005,Gift Hamper,Malout,2025-09-21,209,29.23,78,Rain,scattered clouds,2.65,None
P005,Gift Hamper,Mohali,2025-09-21,224,30.96,49,Clear,moderate rain,9.6,None
P005,Gift Hamper,Rajpura,2025-09-21,227,37.36,48,Clear,light rain,7.9,None
P003,Moisturizer ,Rajpura,2025-09-21,56,37.36,48,Clear,light rain,7.9,None
P004,Pooja Articles,Patiala,2025-09-21,129,25.75,59,Clouds,light rain,1.34,None
P005,Gift Hamper,Patiala,2025-09-21,205,25.75,59,Clouds,light rain,1.34,None
P003,Moisturizer ,Mohali,2025-09-21,104,30.96,49,Clear,moderate rain,9.6,None
P003,Moisturizer ,Bathinda,2025-09-21,98,30.41,77,Clouds,clear sky,9.52,None
P003,Moisturizer ,Malout,2025-09-21,102,29.23,78,Rain,scattered clouds,2.65,None
P001,Soft Drink ,Bathinda,2025-09-21,201,30.41,77,Clouds,clear sky,9.52,None
P001,Soft Drink ,Malout,2025-09-21,227,29.23,78,Rain,scattered clouds,2.65,None
P001,Soft Drink ,Rajpura,2025-09-21,168,37.36,48,Clear,light rain,7.9,None
P001,Soft Drink ,Patiala,2025-09-21,154,25.75,59,Clouds,light rain,1.34,None
P001,Soft Drink ,Mohali,2025-09-21,172,30.96,49,Clear,moderate rain,9.6,None
P002,Sweets ,Malout,2025-09-21,69,29.23,78,Rain,scattered clouds,2.65,None
P002,Sweets ,Mohali,2025-09-21,88,30.96,49,Clear,moderate rain,9.6,None
P002,Sweets ,Rajpura,2025-09-21,105,37.36,48,Clear,light rain,7.9,None
P002,Sweets ,Patiala,2025-09-21,119,25.75,59,Clouds,light rain,1.34,None
P002,Sweets ,Bathinda,2025-09-21,129,30.41,77,Clouds,clear sky,9.52,None
P005,Gift Hamper,Patiala,2025-09-22,216,30.54,69,Clouds,clear sky,2.12,First Day of Sharad Navratri
P004,Pooja Articles,Bathinda,2025-09-22,178,39.37,41,Clear,moderate rain,1.82,First Day of Sharad Navratri
P004,Pooja Articles,Malout,2025-09-22,123,39.37,72,Rain,clear sky,8.32,First Day of Sharad Navratri
P004,Pooja Articles,Mohali,2025-09-22,159,36.98,84,Clear,moderate rain,7.91,First Day of Sharad Navratri
P004,Pooja Articles,Rajpura,2025-09-22,152,37.36,58,Clear,scattered clouds,7.78,First Day of Sharad Navratri
P003,Moisturizer ,Patiala,2025-09-22,104,30.54,69,Clouds,clear sky,2.12,First Day of Sharad Navratri
P005,Gift Hamper,Bathinda,2025-09-22,202,39.37,41,Clear,moderate rain,1.82,First Day of Sharad Navratri
P005,Gift Hamper,Malout,2025-09-22,239,39.37,72,Rain,clear sky,8.32,First Day of Sharad Navratri
P005,Gift Hamper,Mohali,2025-09-22,229,36.98,84,Clear,moderate rain,7.91,First Day of Sharad Navratri
P005,Gift Hamper,Rajpura,2025-09-22,230,37.36,58,Clear,scattered clouds,7.78,First Day of Sharad Navratri
P004,Pooja Articles,Patiala,2025-09-22,131,30.54,69,Clouds,clear sky,2.12,First Day of Sharad Navratri
P003,Moisturizer ,Rajpura,2025-09-22,127,37.36,58,Clear,scattered clouds,7.78,First Day of Sharad Navratri
P002,Sweets ,Malout,2025-09-22,145,39.37,72,Rain,clear sky,8.32,First Day of Sharad Navratri
P003,Moisturizer ,Malout,2025-09-22,72,39.37,72,Rain,clear sky,8.32,First Day of Sharad Navratri
P001,Soft Drink ,Bathinda,2025-09-22,192,39.37,41,Clear,moderate rain,1.82,First Day of Sharad Navratri
P001,Soft Drink ,Malout,2025-09-22,212,39.37,72,Rain,clear sky,8.32,First Day of Sharad Navratri
P001,Soft Drink ,Mohali,2025-09-22,178,36.98,84,Clear,moderate rain,7.91,First Day of Sharad Navratri
P001,Soft Drink ,Rajpura,2025-09-22,186,37.36,58,Clear,scattered clouds,7.78,First Day of Sharad Navratri
P001,Soft Drink ,Patiala,2025-09-22,173,30.54,69,Clouds,clear sky,2.12,First Day of Sharad Navratri
P003,Moisturizer ,Mohali,2025-09-22,81,36.98,84,Clear,moderate rain,7.91,First Day of Sharad Navratri
P002,Sweets ,Mohali,2025-09-22,141,36.98,84,Clear,moderate rain,7.91,First Day of Sharad Navratri
P002,Sweets ,Rajpura,2025-09-22,148,37.36,58,Clear,scattered clouds,7.78,First Day of Sharad Navratri
P002,Sweets ,Patiala,2025-09-22,89,30.54,69,Clouds,clear sky,2.12,First Day of Sharad Navratri
P003,Moisturizer ,Bathinda,2025-09-22,93,39.37,41,Clear,moderate rain,1.82,First Day of Sharad Navratri
P002,Sweets ,Bathinda,2025-09-22,96,39.37,41,Clear,moderate rain,1.82,First Day of Sharad Navratri
P004,Pooja Articles,Bathinda,2025-09-23,158,23.39,63,Clear,scattered clouds,4.84,None
P004,Pooja Articles,Malout,2025-09-23,131,38.57,46,Clouds,overcast clouds,7.62,None
P004,Pooja Articles,Mohali,2025-09-23,145,27.2,45,Clouds,light rain,4.16,None
P004,Pooja Articles,Rajpura,2025-09-23,168,20.39,76,Clear,clear sky,5.74,None
P004,Pooja Articles,Patiala,2025-09-23,136,37.94,40,Clear,light rain,4.84,None
P005,Gift Hamper,Malout,2025-09-23,212,38.57,46,Clouds,overcast clouds,7.62,None
P005,Gift Hamper,Mohali,2025-09-23,188,27.2,45,Clouds,light rain,4.16,None
P005,Gift Hamper,Rajpura,2025-09-23,205,20.39,76,Clear,clear sky,5.74,None
P005,Gift Hamper,Patiala,2025-09-23,246,37.94,40,Clear,light rain,4.84,None
P003,Moisturizer ,Patiala,2025-09-23,145,37.94,40,Clear,light rain,4.84,None
P005,Gift Hamper,Bathinda,2025-09-23,252,23.39,63,Clear,scattered clouds,4.84,None
P003,Moisturizer ,Rajpura,2025-09-23,66,20.39,76,Clear,clear sky,5.74,None
P003,Moisturizer ,Mohali,2025-09-23,41,27.2,45,Clouds,light rain,4.16,None
P003,Moisturizer ,Malout,2025-09-23,73,38.57,46,Clouds,overcast clouds,7.62,None
P001,Soft Drink ,Malout,2025-09-23,160,38.57,46,Clouds,overcast clouds,7.62,None
P001,Soft Drink ,Mohali,2025-09-23,175,27.2,45,Clouds,light rain,4.16,None
P001,Soft Drink ,Rajpura,2025-09-23,162,20.39,76,Clear,clear sky,5.74,None
P001,Soft Drink ,Patiala,2025-09-23,163,37.94,40,Clear,light rain,4.84,None
P002,Sweets ,Bathinda,2025-09-23,112,23.39,63,Clear,scattered clouds,4.84,None
P001,Soft Drink ,Bathinda,2025-09-23,167,23.39,63,Clear,scattered clouds,4.84,None
P002,Sweets ,Mohali,2025-09-23,109,27.2,45,Clouds,light rain,4.16,None
P002,Sweets ,Rajpura,2025-09-23,122,20.39,76,Clear,clear sky,5.74,None
P002,Sweets ,Patiala,2025-09-23,108,37.94,40,Clear,light rain,4.84,None
P003,Moisturizer ,Bathinda,2025-09-23,92,23.39,63,Clear,scattered clouds,4.84,None
P002,Sweets ,Malout,2025-09-23,104,38.57,46,Clouds,overcast clouds,7.62,None
P004,Pooja Articles,Bathinda,2025-09-24,138,29.07,50,Clear,overcast clouds,3.08,None
P004,Pooja Articles,Malout,2025-09-24,173,33.56,78,Clouds,scattered clouds,2.83,None
P004,Pooja Articles,Mohali,2025-09-24,141,29.0,82,Clouds,scattered clouds,8.16,None
P004,Pooja Articles,Rajpura,2025-09-24,124,30.72,80,Clear,scattered clouds,7.38,None
P004,Pooja Articles,Patiala,2025-09-24,176,29.91,67,Clouds,moderate rain,8.95,None
P005,Gift Hamper,Malout,2025-09-24,227,33.56,78,Clouds,scattered clouds,2.83,None
P005,Gift Hamper,Mohali,2025-09-24,183,29.0,82,Clouds,scattered clouds,8.16,None
P005,Gift Hamper,Rajpura,2025-09-24,218,30.72,80,Clear,scattered clouds,7.38,None
P005,Gift Hamper,Patiala,2025-09-24,224,29.91,67,Clouds,moderate rain,8.95,None
P003,Moisturizer ,Patiala,2025-09-24,126,29.91,67,Clouds,moderate rain,8.95,None
P005,Gift Hamper,Bathinda,2025-09-24,217,29.07,50,Clear,overcast clouds,3.08,None
P003,Moisturizer ,Rajpura,2025-09-24,128,30.72,80,Clear,scattered clouds,7.38,None
P003,Moisturizer ,Mohali,2025-09-24,142,29.0,82,Clouds,scattered clouds,8.16,None
P003,Moisturizer ,Malout,2025-09-24,137,33.56,78,Clouds,scattered clouds,2.83,None
P001,Soft Drink ,Malout,2025-09-24,157,33.56,78,Clouds,scattered clouds,2.83,None
P001,Soft Drink ,Mohali,2025-09-24,208,29.0,82,Clouds,scattered clouds,8.16,None
P001,Soft Drink ,Rajpura,2025-09-24,201,30.72,80,Clear,scattered clouds,7.38,None
P001,Soft Drink ,Patiala,2025-09-24,143,29.91,67,Clouds,moderate rain,8.95,None
P002,Sweets ,Bathinda,2025-09-24,122,29.07,50,Clear,overcast clouds,3.08,None
P001,Soft Drink ,Bathinda,2025-09-24,208,29.07,50,Clear,overcast clouds,3.08,None
P002,Sweets ,Mohali,2025-09-24,160,29.0,82,Clouds,scattered clouds,8.16,None
P002,Sweets ,Rajpura,2025-09-24,176,30.72,80,Clear,scattered clouds,7.38,None
P002,Sweets ,Patiala,2025-09-24,121,29.91,67,Clouds,moderate rain,8.95,None
P003,Moisturizer ,Bathinda,2025-09-24,25,29.07,50,Clear,overcast clouds,3.08,None
P002,Sweets ,Malout,2025-09-24,119,33.56,78,Clouds,scattered clouds,2.83,None
P004,Pooja Articles,Bathinda,2025-09-25,124,31.69,55,Clear,light rain,1.38,None
P004,Pooja Articles,Malout,2025-09-25,126,21.87,49,Clear,light rain,4.54,None
P004,Pooja Articles,Mohali,2025-09-25,143,37.78,63,Clear,light rain,3.51,None
P004,Pooja Articles,Rajpura,2025-09-25,146,22.37,54,Rain,moderate rain,7.48,None
P004,Pooja Articles,Patiala,2025-09-25,119,27.34,60,Rain,scattered clouds,2.22,None
P005,Gift Hamper,Malout,2025-09-25,242,21.87,49,Clear,light rain,4.54,None
P005,Gift Hamper,Mohali,2025-09-25,227,37.78,63,Clear,light rain,3.51,None
P005,Gift Hamper,Rajpura,2025-09-25,230,22.37,54,Rain,moderate rain,7.48,None
P005,Gift Hamper,Patiala,2025-09-25,232,27.34,60,Rain,scattered clouds,2.22,None
P003,Moisturizer ,Patiala,2025-09-25,100,27.34,60,Rain,scattered clouds,2.22,None
P005,Gift Hamper,Bathinda,2025-09-25,249,31.69,55,Clear,light rain,1.38,None
P003,Moisturizer ,Rajpura,2025-09-25,115,22.37,54,Rain,moderate rain,7.48,None
P003,Moisturizer ,Mohali,2025-09-25,94,37.78,63,Clear,light rain,3.51,None
P003,Moisturizer ,Malout,2025-09-25,104,21.87,49,Clear,light rain,4.54,None
P001,Soft Drink ,Malout,2025-09-25,180,21.87,49,Clear,light rain,4.54,None
P001,Soft Drink ,Mohali,2025-09-25,148,37.78,63,Clear,light rain,3.51,None
P001,Soft Drink ,Rajpura,2025-09-25,143,22.37,54,Rain,moderate rain,7.48,None
P001,Soft Drink ,Patiala,2025-09-25,126,27.34,60,Rain,scattered clouds,2.22,None
P002,Sweets ,Bathinda,2025-09-25,156,31.69,55,Clear,light rain,1.38,None
P001,Soft Drink ,Bathinda,2025-09-25,161,31.69,55,Clear,light rain,1.38,None
P002,Sweets ,Mohali,2025-09-25,101,37.78,63,Clear,light rain,3.51,None
P002,Sweets ,Rajpura,2025-09-25,89,22.37,54,Rain,moderate rain,7.48,None
P002,Sweets ,Patiala,2025-09-25,112,27.34,60,Rain,scattered clouds,2.22,None
P003,Moisturizer ,Bathinda,2025-09-25,130,31.69,55,Clear,light rain,1.38,None
P002,Sweets ,Malout,2025-09-25,160,21.87,49,Clear,light rain,4.54,None
P003,Moisturizer ,Patiala,2025-09-26,108,36.2,84,Rain,overcast clouds,2.54,None
P004,Pooja Articles,Bathinda,2025-09-26,165,20.18,59,Rain,light rain,6.34,None
P004,Pooja Articles,Malout,2025-09-26,140,36.41,90,Rain,light rain,1.81,None
P004,Pooja Articles,Mohali,2025-09-26,150,31.64,65,Clouds,clear sky,6.34,None
P005,Gift Hamper,Patiala,2025-09-26,214,36.2,84,Rain,overcast clouds,2.54,None
P005,Gift Hamper,Bathinda,2025-09-26,198,20.18,59,Rain,light rain,6.34,None
P005,Gift Hamper,Malout,2025-09-26,240,36.41,90,Rain,light rain,1.81,None
P005,Gift Hamper,Mohali,2025-09-26,193,31.64,65,Clouds,clear sky,6.34,None
P005,Gift Hamper,Rajpura,2025-09-26,225,25.79,84,Clouds,moderate rain,9.24,None
P003,Moisturizer ,Rajpura,2025-09-26,103,25.79,84,Clouds,moderate rain,9.24,None
P004,Pooja Articles,Patiala,2025-09-26,152,36.2,84,Rain,overcast clouds,2.54,None
P003,Moisturizer ,Mohali,2025-09-26,94,31.64,65,Clouds,clear sky,6.34,None
P004,Pooja Articles,Rajpura,2025-09-26,142,25.79,84,Clouds,moderate rain,9.24,None
P003,Moisturizer ,Bathinda,2025-09-26,115,20.18,59,Rain,light rain,6.34,None
P001,Soft Drink ,Bathinda,2025-09-26,171,20.18,59,Rain,light rain,6.34,None
P001,Soft Drink ,Malout,2025-09-26,194,36.41,90,Rain,light rain,1.81,None
P001,Soft Drink ,Mohali,2025-09-26,191,31.64,65,Clouds,clear sky,6.34,None
P001,Soft Drink ,Rajpura,2025-09-26,201,25.79,84,Clouds,moderate rain,9.24,None
P001,Soft Drink ,Patiala,2025-09-26,195,36.2,84,Rain,overcast clouds,2.54,None
P003,Moisturizer ,Malout,2025-09-26,104,36.41,90,Rain,light rain,1.81,None
P002,Sweets ,Malout,2025-09-26,73,36.41,90,Rain,light rain,1.81,None
P002,Sweets ,Mohali,2025-09-26,163,31.64,65,Clouds,clear sky,6.34,None
P002,Sweets ,Rajpura,2025-09-26,141,25.79,84,Clouds,moderate rain,9.24,None
P002,Sweets ,Patiala,2025-09-26,102,36.2,84,Rain,overcast clouds,2.54,None
P002,Sweets ,Bathinda,2025-09-26,144,20.18,59,Rain,light rain,6.34,None
P004,Pooja Articles,Bathinda,2025-09-27,171,21.97,40,Clouds,clear sky,4.31,None
P004,Pooja Articles,Malout,2025-09-27,133,21.72,65,Clouds,moderate rain,9.11,None
P004,Pooja Articles,Mohali,2025-09-27,154,38.98,83,Rain,scattered clouds,9.76,None
P004,Pooja Articles,Rajpura,2025-09-27,129,27.99,67,Clouds,scattered clouds,4.7,None
P004,Pooja Articles,Patiala,2025-09-27,164,26.67,54,Rain,moderate rain,2.41,None
P005,Gift Hamper,Malout,2025-09-27,235,21.72,65,Clouds,moderate rain,9.11,None
P005,Gift Hamper,Mohali,2025-09-27,232,38.98,83,Rain,scattered clouds,9.76,None
P005,Gift Hamper,Rajpura,2025-09-27,215,27.99,67,Clouds,scattered clouds,4.7,None
P005,Gift Hamper,Patiala,2025-09-27,183,26.67,54,Rain,moderate rain,2.41,None
P003,Moisturizer ,Patiala,2025-09-27,76,26.67,54,Rain,moderate rain,2.41,None
P005,Gift Hamper,Bathinda,2025-09-27,198,21.97,40,Clouds,clear sky,4.31,None
P003,Moisturizer ,Rajpura,2025-09-27,73,27.99,67,Clouds,scattered clouds,4.7,None
P003,Moisturizer ,Mohali,2025-09-27,90,38.98,83,Rain,scattered clouds,9.76,None
P003,Moisturizer ,Malout,2025-09-27,80,21.72,65,Clouds,moderate rain,9.11,None
P001,Soft Drink ,Malout,2025-09-27,187,21.72,65,Clouds,moderate rain,9.11,None
P001,Soft Drink ,Mohali,2025-09-27,183,38.98,83,Rain,scattered clouds,9.76,None
P001,Soft Drink ,Rajpura,2025-09-27,189,27.99,67,Clouds,scattered clouds,4.7,None
P001,Soft Drink ,Patiala,2025-09-27,158,26.67,54,Rain,moderate rain,2.41,None
P002,Sweets ,Bathinda,2025-09-27,68,21.97,40,Clouds,clear sky,4.31,None
P001,Soft Drink ,Bathinda,2025-09-27,173,21.97,40,Clouds,clear sky,4.31,None
P002,Sweets ,Mohali,2025-09-27,124,38.98,83,Rain,scattered clouds,9.76,None
P002,Sweets ,Rajpura,2025-09-27,97,27.99,67,Clouds,scattered clouds,4.7,None
P002,Sweets ,Patiala,2025-09-27,138,26.67,54,Rain,moderate rain,2.41,None
P003,Moisturizer ,Bathinda,2025-09-27,100,21.97,40,Clouds,clear sky,4.31,None
P002,Sweets ,Malout,2025-09-27,127,21.72,65,Clouds,moderate rain,9.11,None
P003,Moisturizer ,Patiala,2025-09-28,97,26.25,47,Rain,overcast clouds,5.67,First Day of Durga Puja Festivities
P004,Pooja Articles,Bathinda,2025-09-28,141,27.68,42,Clear,moderate rain,5.83,First Day of Durga Puja Festivities
P004,Pooja Articles,Malout,2025-09-28,199,23.68,49,Clear,light rain,8.99,First Day of Durga Puja Festivities
P004,Pooja Articles,Mohali,2025-09-28,157,29.31,62,Rain,light rain,3.23,First Day of Durga Puja Festivities
P005,Gift Hamper,Patiala,2025-09-28,192,26.25,47,Rain,overcast clouds,5.67,First Day of Durga Puja Festivities
P005,Gift Hamper,Bathinda,2025-09-28,247,27.68,42,Clear,moderate rain,5.83,First Day of Durga Puja Festivities
P005,Gift Hamper,Malout,2025-09-28,222,23.68,49,Clear,light rain,8.99,First Day of Durga Puja Festivities
P005,Gift Hamper,Mohali,2025-09-28,239,29.31,62,Rain,light rain,3.23,First Day of Durga Puja Festivities
P005,Gift Hamper,Rajpura,2025-09-28,217,39.47,74,Clear,moderate rain,8.69,First Day of Durga Puja Festivities
P003,Moisturizer ,Rajpura,2025-09-28,95,39.47,74,Clear,moderate rain,8.69,First Day of Durga Puja Festivities
P004,Pooja Articles,Patiala,2025-09-28,155,26.25,47,Rain,overcast clouds,5.67,First Day of Durga Puja Festivities
P003,Moisturizer ,Mohali,2025-09-28,103,29.31,62,Rain,light rain,3.23,First Day of Durga Puja Festivities
P004,Pooja Articles,Rajpura,2025-09-28,128,39.47,74,Clear,moderate rain,8.69,First Day of Durga Puja Festivities
P003,Moisturizer ,Bathinda,2025-09-28,78,27.68,42,Clear,moderate rain,5.83,First Day of Durga Puja Festivities
P002,Sweets ,Patiala,2025-09-28,137,26.25,47,Rain,overcast clouds,5.67,First Day of Durga Puja Festivities
P002,Sweets ,Rajpura,2025-09-28,112,39.47,74,Clear,moderate rain,8.69,First Day of Durga Puja Festivities
P002,Sweets ,Mohali,2025-09-28,125,29.31,62,Rain,light rain,3.23,First Day of Durga Puja Festivities
P002,Sweets ,Malout,2025-09-28,112,23.68,49,Clear,light rain,8.99,First Day of Durga Puja Festivities
P002,Sweets ,Bathinda,2025-09-28,109,27.68,42,Clear,moderate rain,5.83,First Day of Durga Puja Festivities
P001,Soft Drink ,Patiala,2025-09-28,200,26.25,47,Rain,overcast clouds,5.67,First Day of Durga Puja Festivities
P001,Soft Drink ,Rajpura,2025-09-28,195,39.47,74,Clear,moderate rain,8.69,First Day of Durga Puja Festivities
P001,Soft Drink ,Mohali,2025-09-28,218,29.31,62,Rain,light rain,3.23,First Day of Durga Puja Festivities
P001,Soft Drink ,Malout,2025-09-28,168,23.68,49,Clear,light rain,8.99,First Day of Durga Puja Festivities
P001,Soft Drink ,Bathinda,2025-09-28,163,27.68,42,Clear,moderate rain,5.83,First Day of Durga Puja Festivities
P003,Moisturizer ,Malout,2025-09-28,88,23.68,49,Clear,light rain,8.99,First Day of Durga Puja Festivities
P003,Moisturizer ,Patiala,2025-09-29,83,34.97,44,Clear,light rain,3.98,Maha Saptami
P004,Pooja Articles,Bathinda,2025-09-29,161,31.78,54,Clouds,light rain,8.34,Maha Saptami
P004,Pooja Articles,Malout,2025-09-29,161,34.85,89,Clouds,overcast clouds,9.17,Maha Saptami
P004,Pooja Articles,Mohali,2025-09-29,169,33.69,77,Clear,light rain,2.08,Maha Saptami
P005,Gift Hamper,Patiala,2025-09-29,207,34.97,44,Clear,light rain,3.98,Maha Saptami
P005,Gift Hamper,Bathinda,2025-09-29,241,31.78,54,Clouds,light rain,8.34,Maha Saptami
P005,Gift Hamper,Malout,2025-09-29,214,34.85,89,Clouds,overcast clouds,9.17,Maha Saptami
P005,Gift Hamper,Mohali,2025-09-29,226,33.69,77,Clear,light rain,2.08,Maha Saptami
P005,Gift Hamper,Rajpura,2025-09-29,225,22.22,55,Rain,overcast clouds,8.89,Maha Saptami
P003,Moisturizer ,Rajpura,2025-09-29,116,22.22,55,Rain,overcast clouds,8.89,Maha Saptami
P004,Pooja Articles,Patiala,2025-09-29,166,34.97,44,Clear,light rain,3.98,Maha Saptami
P003,Moisturizer ,Mohali,2025-09-29,96,33.69,77,Clear,light rain,2.08,Maha Saptami
P004,Pooja Articles,Rajpura,2025-09-29,121,22.22,55,Rain,overcast clouds,8.89,Maha Saptami
P003,Moisturizer ,Bathinda,2025-09-29,76,31.78,54,Clouds,light rain,8.34,Maha Saptami
P002,Sweets ,Patiala,2025-09-29,97,34.97,44,Clear,light rain,3.98,Maha Saptami
P002,Sweets ,Rajpura,2025-09-29,109,22.22,55,Rain,overcast clouds,8.89,Maha Saptami
P002,Sweets ,Mohali,2025-09-29,155,33.69,77,Clear,light rain,2.08,Maha Saptami
P002,Sweets ,Malout,2025-09-29,130,34.85,89,Clouds,overcast clouds,9.17,Maha Saptami
P002,Sweets ,Bathinda,2025-09-29,145,31.78,54,Clouds,light rain,8.34,Maha Saptami
P001,Soft Drink ,Patiala,2025-09-29,192,34.97,44,Clear,light rain,3.98,Maha Saptami
P001,Soft Drink ,Rajpura,2025-09-29,223,22.22,55,Rain,overcast clouds,8.89,Maha Saptami
P001,Soft Drink ,Mohali,2025-09-29,184,33.69,77,Clear,light rain,2.08,Maha Saptami
P001,Soft Drink ,Malout,2025-09-29,187,34.85,89,Clouds,overcast clouds,9.17,Maha Saptami
P001,Soft Drink ,Bathinda,2025-09-29,206,31.78,54,Clouds,light rain,8.34,Maha Saptami
P003,Moisturizer ,Malout,2025-09-29,103,34.85,89,Clouds,overcast clouds,9.17,Maha Saptami
P003,Moisturizer ,Patiala,2025-09-30,116,33.86,87,Clear,moderate rain,6.12,Maha Ashtami
P004,Pooja Articles,Bathinda,2025-09-30,146,21.22,47,Rain,moderate rain,2.49,Maha Ashtami
P004,Pooja Articles,Malout,2025-09-30,109,36.54,85,Rain,moderate rain,10.0,Maha Ashtami
P004,Pooja Articles,Mohali,2025-09-30,162,33.5,50,Clouds,scattered clouds,9.34,Maha Ashtami
P005,Gift Hamper,Mohali,2025-09-30,194,33.5,50,Clouds,scattered clouds,9.34,Maha Ashtami
P004,Pooja Articles,Patiala,2025-09-30,135,33.86,87,Clear,moderate rain,6.12,Maha Ashtami
P005,Gift Hamper,Bathinda,2025-09-30,216,21.22,47,Rain,moderate rain,2.49,Maha Ashtami
P005,Gift Hamper,Malout,2025-09-30,234,36.54,85,Rain,moderate rain,10.0,Maha Ashtami
P003,Moisturizer ,Rajpura,2025-09-30,86,27.77,52,Clouds,clear sky,6.16,Maha Ashtami
P004,Pooja Articles,Rajpura,2025-09-30,182,27.77,52,Clouds,clear sky,6.16,Maha Ashtami
P003,Moisturizer ,Mohali,2025-09-30,95,33.5,50,Clouds,scattered clouds,9.34,Maha Ashtami
P002,Sweets ,Malout,2025-09-30,110,36.54,85,Rain,moderate rain,10.0,Maha Ashtami
P003,Moisturizer ,Bathinda,2025-09-30,117,21.22,47,Rain,moderate rain,2.49,Maha Ashtami
P002,Sweets ,Patiala,2025-09-30,132,33.86,87,Clear,moderate rain,6.12,Maha Ashtami
P002,Sweets ,Rajpura,2025-09-30,80,27.77,52,Clouds,clear sky,6.16,Maha Ashtami
P002,Sweets ,Mohali,2025-09-30,102,33.5,50,Clouds,scattered clouds,9.34,Maha Ashtami
P002,Sweets ,Bathinda,2025-09-30,115,21.22,47,Rain,moderate rain,2.49,Maha Ashtami
P001,Soft Drink ,Patiala,2025-09-30,187,33.86,87,Clear,moderate rain,6.12,Maha Ashtami
P001,Soft Drink ,Rajpura,2025-09-30,169,27.77,52,Clouds,clear sky,6.16,Maha Ashtami
P001,Soft Drink ,Mohali,2025-09-30,169,33.5,50,Clouds,scattered clouds,9.34,Maha Ashtami
P001,Soft Drink ,Malout,2025-09-30,140,36.54,85,Rain,moderate rain,10.0,Maha Ashtami
P001,Soft Drink ,Bathinda,2025-09-30,200,21.22,47,Rain,moderate rain,2.49,Maha Ashtami
P005,Gift Hamper,Rajpura,2025-09-30,206,27.77,52,Clouds,clear sky,6.16,Maha Ashtami
P003,Moisturizer ,Malout,2025-09-30,96,36.54,85,Rain,moderate rain,10.0,Maha Ashtami
P005,Gift Hamper,Patiala,2025-09-30,197,33.86,87,Clear,moderate rain,6.12,Maha Ashtami
