product_id,product_name,area,date,sales
P001,Soft Drink ,Bathinda,2025-01-01,164
P001,Soft Drink ,Malout,2025-01-01,161
P001,Soft Drink ,Mohali,2025-01-01,181
P001,Soft Drink ,Rajpura,2025-01-01,202
P001,Soft Drink ,Patiala,2025-01-01,185
P002,Sweets ,Bathinda,2025-01-01,89
P002,Sweets ,Malout,2025-01-01,119
P002,Sweets ,Mohali,2025-01-01,107
P002,Sweets ,Rajpura,2025-01-01,80
P002,Sweets ,Patiala,2025-01-01,151
P003,Moisturizer ,Bathinda,2025-01-01,73
P003,Moisturizer ,Malout,2025-01-01,43
P003,Moisturizer ,Mohali,2025-01-01,61
P003,Moisturizer ,Rajpura,2025-01-01,61
P003,Moisturizer ,Patiala,2025-01-01,74
P004,Pooja Articles,Bathinda,2025-01-01,152
P004,Pooja Articles,Malout,2025-01-01,167
P004,Pooja Articles,Mohali,2025-01-01,142
P004,Pooja Articles,Rajpura,2025-01-01,130
P004,Pooja Articles,Patiala,2025-01-01,169
P005,Gift Hamper,Bathinda,2025-01-01,164
P005,Gift Hamper,Malout,2025-01-01,223
P005,Gift Hamper,Mohali,2025-01-01,190
P005,Gift Hamper,Rajpura,2025-01-01,215
P005,Gift Hamper,Patiala,2025-01-01,208
P001,Soft Drink ,Bathinda,2025-01-02,192
P001,Soft Drink ,Malout,2025-01-02,191
P001,Soft Drink ,Mohali,2025-01-02,180
P001,Soft Drink ,Rajpura,2025-01-02,175
P001,Soft Drink ,Patiala,2025-01-02,168
P002,Sweets ,Bathinda,2025-01-02,129
P002,Sweets ,Malout,2025-01-02,98
P002,Sweets ,Mohali,2025-01-02,137
P002,Sweets ,Rajpura,2025-01-02,165
P002,Sweets ,Patiala,2025-01-02,135
P003,Moisturizer ,Bathinda,2025-01-02,99
P003,Moisturizer ,Malout,2025-01-02,20
P003,Moisturizer ,Mohali,2025-01-02,125
P003,Moisturizer ,Rajpura,2025-01-02,0
P003,Moisturizer ,Patiala,2025-01-02,9
P004,Pooja Articles,Bathinda,2025-01-02,131
P004,Pooja Articles,Malout,2025-01-02,162
P004,Pooja Articles,Mohali,2025-01-02,161
P004,Pooja Articles,Rajpura,2025-01-02,186
P004,Pooja Articles,Patiala,2025-01-02,119
P005,Gift Hamper,Bathinda,2025-01-02,196
P005,Gift Hamper,Malout,2025-01-02,205
P005,Gift Hamper,Mohali,2025-01-02,254
P005,Gift Hamper,Rajpura,2025-01-02,228
P005,Gift Hamper,Patiala,2025-01-02,207
P001,Soft Drink ,Bathinda,2025-01-03,217
P001,Soft Drink ,Malout,2025-01-03,200
P001,Soft Drink ,Mohali,2025-01-03,173
P001,Soft Drink ,Rajpura,2025-01-03,118
P001,Soft Drink ,Patiala,2025-01-03,199
P002,Sweets ,Bathinda,2025-01-03,108
P002,Sweets ,Malout,2025-01-03,124
P002,Sweets ,Mohali,2025-01-03,128
P002,Sweets ,Rajpura,2025-01-03,139
P002,Sweets ,Patiala,2025-01-03,170
P003,Moisturizer ,Bathinda,2025-01-03,32
P003,Moisturizer ,Malout,2025-01-03,77
P003,Moisturizer ,Mohali,2025-01-03,71
P003,Moisturizer ,Rajpura,2025-01-03,51
P003,Moisturizer ,Patiala,2025-01-03,0
P004,Pooja Articles,Bathinda,2025-01-03,127
P004,Pooja Articles,Malout,2025-01-03,103
P004,Pooja Articles,Mohali,2025-01-03,183
P004,Pooja Articles,Rajpura,2025-01-03,207
P004,Pooja Articles,Patiala,2025-01-03,136
P005,Gift Hamper,Bathinda,2025-01-03,223
P005,Gift Hamper,Malout,2025-01-03,219
P005,Gift Hamper,Mohali,2025-01-03,214
P005,Gift Hamper,Rajpura,2025-01-03,202
P005,Gift Hamper,Patiala,2025-01-03,226
P001,Soft Drink ,Bathinda,2025-01-04,176
P001,Soft Drink ,Malout,2025-01-04,192
P001,Soft Drink ,Mohali,2025-01-04,150
P001,Soft Drink ,Rajpura,2025-01-04,190
P001,Soft Drink ,Patiala,2025-01-04,208
P002,Sweets ,Bathinda,2025-01-04,102
P002,Sweets ,Malout,2025-01-04,143
P002,Sweets ,Mohali,2025-01-04,85
P002,Sweets ,Rajpura,2025-01-04,121
P002,Sweets ,Patiala,2025-01-04,82
P003,Moisturizer ,Bathinda,2025-01-04,87
P003,Moisturizer ,Malout,2025-01-04,45
P003,Moisturizer ,Mohali,2025-01-04,87
P003,Moisturizer ,Rajpura,2025-01-04,65
P003,Moisturizer ,Patiala,2025-01-04,75
P004,Pooja Articles,Bathinda,2025-01-04,151
P004,Pooja Articles,Malout,2025-01-04,151
P004,Pooja Articles,Mohali,2025-01-04,140
P004,Pooja Articles,Rajpura,2025-01-04,159
P004,Pooja Articles,Patiala,2025-01-04,150
P005,Gift Hamper,Bathinda,2025-01-04,269
P005,Gift Hamper,Malout,2025-01-04,185
P005,Gift Hamper,Mohali,2025-01-04,176
P005,Gift Hamper,Rajpura,2025-01-04,195
P005,Gift Hamper,Patiala,2025-01-04,231
P001,Soft Drink ,Bathinda,2025-01-05,147
P001,Soft Drink ,Malout,2025-01-05,194
P001,Soft Drink ,Mohali,2025-01-05,170
P001,Soft Drink ,Rajpura,2025-01-05,214
P001,Soft Drink ,Patiala,2025-01-05,189
P002,Sweets ,Bathinda,2025-01-05,160
P002,Sweets ,Malout,2025-01-05,127
P002,Sweets ,Mohali,2025-01-05,80
P002,Sweets ,Rajpura,2025-01-05,97
P002,Sweets ,Patiala,2025-01-05,94
P003,Moisturizer ,Bathinda,2025-01-05,34
P003,Moisturizer ,Malout,2025-01-05,64
P003,Moisturizer ,Mohali,2025-01-05,60
P003,Moisturizer ,Rajpura,2025-01-05,67
P003,Moisturizer ,Patiala,2025-01-05,125
P004,Pooja Articles,Bathinda,2025-01-05,149
P004,Pooja Articles,Malout,2025-01-05,144
P004,Pooja Articles,Mohali,2025-01-05,104
P004,Pooja Articles,Rajpura,2025-01-05,157
P004,Pooja Articles,Patiala,2025-01-05,159
P005,Gift Hamper,Bathinda,2025-01-05,245
P005,Gift Hamper,Malout,2025-01-05,190
P005,Gift Hamper,Mohali,2025-01-05,172
P005,Gift Hamper,Rajpura,2025-01-05,204
P005,Gift Hamper,Patiala,2025-01-05,169
P001,Soft Drink ,Bathinda,2025-01-06,184
P001,Soft Drink ,Malout,2025-01-06,146
P001,Soft Drink ,Mohali,2025-01-06,193
P001,Soft Drink ,Rajpura,2025-01-06,195
P001,Soft Drink ,Patiala,2025-01-06,157
P002,Sweets ,Bathinda,2025-01-06,105
P002,Sweets ,Malout,2025-01-06,127
P002,Sweets ,Mohali,2025-01-06,139
P002,Sweets ,Rajpura,2025-01-06,134
P002,Sweets ,Patiala,2025-01-06,127
P003,Moisturizer ,Bathinda,2025-01-06,44
P003,Moisturizer ,Malout,2025-01-06,28
P003,Moisturizer ,Mohali,2025-01-06,113
P003,Moisturizer ,Rajpura,2025-01-06,3
P003,Moisturizer ,Patiala,2025-01-06,72
P004,Pooja Articles,Bathinda,2025-01-06,166
P004,Pooja Articles,Malout,2025-01-06,204
P004,Pooja Articles,Mohali,2025-01-06,163
P004,Pooja Articles,Rajpura,2025-01-06,155
P004,Pooja Articles,Patiala,2025-01-06,178
P005,Gift Hamper,Bathinda,2025-01-06,224
P005,Gift Hamper,Malout,2025-01-06,209
P005,Gift Hamper,Mohali,2025-01-06,234
P005,Gift Hamper,Rajpura,2025-01-06,206
P005,Gift Hamper,Patiala,2025-01-06,218
P001,Soft Drink ,Bathinda,2025-01-07,166
P001,Soft Drink ,Malout,2025-01-07,176
P001,Soft Drink ,Mohali,2025-01-07,218
P001,Soft Drink ,Rajpura,2025-01-07,190
P001,Soft Drink ,Patiala,2025-01-07,203
P002,Sweets ,Bathinda,2025-01-07,117
P002,Sweets ,Malout,2025-01-07,131
P002,Sweets ,Mohali,2025-01-07,167
P002,Sweets ,Rajpura,2025-01-07,135
P002,Sweets ,Patiala,2025-01-07,101
P003,Moisturizer ,Bathinda,2025-01-07,106
P003,Moisturizer ,Malout,2025-01-07,81
P003,Moisturizer ,Mohali,2025-01-07,54
P003,Moisturizer ,Rajpura,2025-01-07,39
P003,Moisturizer ,Patiala,2025-01-07,90
P004,Pooja Articles,Bathinda,2025-01-07,174
P004,Pooja Articles,Malout,2025-01-07,135
P004,Pooja Articles,Mohali,2025-01-07,120
P004,Pooja Articles,Rajpura,2025-01-07,154
P004,Pooja Articles,Patiala,2025-01-07,171
P005,Gift Hamper,Bathinda,2025-01-07,212
P005,Gift Hamper,Malout,2025-01-07,227
P005,Gift Hamper,Mohali,2025-01-07,213
P005,Gift Hamper,Rajpura,2025-01-07,242
P005,Gift Hamper,Patiala,2025-01-07,169
P001,Soft Drink ,Bathinda,2025-01-08,175
P001,Soft Drink ,Malout,2025-01-08,239
P001,Soft Drink ,Mohali,2025-01-08,155
P001,Soft Drink ,Rajpura,2025-01-08,131
P001,Soft Drink ,Patiala,2025-01-08,189
P002,Sweets ,Bathinda,2025-01-08,126
P002,Sweets ,Malout,2025-01-08,126
P002,Sweets ,Mohali,2025-01-08,171
P002,Sweets ,Rajpura,2025-01-08,175
P002,Sweets ,Patiala,2025-01-08,150
P003,Moisturizer ,Bathinda,2025-01-08,26
P003,Moisturizer ,Malout,2025-01-08,82
P003,Moisturizer ,Mohali,2025-01-08,36
P003,Moisturizer ,Rajpura,2025-01-08,58
P003,Moisturizer ,Patiala,2025-01-08,80
P004,Pooja Articles,Bathinda,2025-01-08,163
P004,Pooja Articles,Malout,2025-01-08,96
P004,Pooja Articles,Mohali,2025-01-08,206
P004,Pooja Articles,Rajpura,2025-01-08,137
P004,Pooja Articles,Patiala,2025-01-08,112
P005,Gift Hamper,Bathinda,2025-01-08,251
P005,Gift Hamper,Malout,2025-01-08,221
P005,Gift Hamper,Mohali,2025-01-08,242
P005,Gift Hamper,Rajpura,2025-01-08,213
P005,Gift Hamper,Patiala,2025-01-08,172
P001,Soft Drink ,Bathinda,2025-01-09,169
P001,Soft Drink ,Malout,2025-01-09,170
P001,Soft Drink ,Mohali,2025-01-09,212
P001,Soft Drink ,Rajpura,2025-01-09,190
P001,Soft Drink ,Patiala,2025-01-09,193
P002,Sweets ,Bathinda,2025-01-09,145
P002,Sweets ,Malout,2025-01-09,127
P002,Sweets ,Mohali,2025-01-09,133
P002,Sweets ,Rajpura,2025-01-09,85
P002,Sweets ,Patiala,2025-01-09,120
P003,Moisturizer ,Bathinda,2025-01-09,99
P003,Moisturizer ,Malout,2025-01-09,97
P003,Moisturizer ,Mohali,2025-01-09,67
P003,Moisturizer ,Rajpura,2025-01-09,47
P003,Moisturizer ,Patiala,2025-01-09,25
P004,Pooja Articles,Bathinda,2025-01-09,137
P004,Pooja Articles,Malout,2025-01-09,171
P004,Pooja Articles,Mohali,2025-01-09,102
P004,Pooja Articles,Rajpura,2025-01-09,136
P004,Pooja Articles,Patiala,2025-01-09,180
P005,Gift Hamper,Bathinda,2025-01-09,192
P005,Gift Hamper,Malout,2025-01-09,230
P005,Gift Hamper,Mohali,2025-01-09,210
P005,Gift Hamper,Rajpura,2025-01-09,243
P005,Gift Hamper,Patiala,2025-01-09,235
P001,Soft Drink ,Bathinda,2025-01-10,222
P001,Soft Drink ,Malout,2025-01-10,172
P001,Soft Drink ,Mohali,2025-01-10,186
P001,Soft Drink ,Rajpura,2025-01-10,177
P001,Soft Drink ,Patiala,2025-01-10,155
P002,Sweets ,Bathinda,2025-01-10,149
P002,Sweets ,Malout,2025-01-10,117
P002,Sweets ,Mohali,2025-01-10,97
P002,Sweets ,Rajpura,2025-01-10,116
P002,Sweets ,Patiala,2025-01-10,124
P003,Moisturizer ,Bathinda,2025-01-10,104
P003,Moisturizer ,Malout,2025-01-10,63
P003,Moisturizer ,Mohali,2025-01-10,54
P003,Moisturizer ,Rajpura,2025-01-10,44
P003,Moisturizer ,Patiala,2025-01-10,98
P004,Pooja Articles,Bathinda,2025-01-10,126
P004,Pooja Articles,Malout,2025-01-10,131
P004,Pooja Articles,Mohali,2025-01-10,135
P004,Pooja Articles,Rajpura,2025-01-10,132
P004,Pooja Articles,Patiala,2025-01-10,172
P005,Gift Hamper,Bathinda,2025-01-10,201
P005,Gift Hamper,Malout,2025-01-10,221
P005,Gift Hamper,Mohali,2025-01-10,224
P005,Gift Hamper,Rajpura,2025-01-10,216
P005,Gift Hamper,Patiala,2025-01-10,249
P001,Soft Drink ,Bathinda,2025-01-11,173
P001,Soft Drink ,Malout,2025-01-11,216
P001,Soft Drink ,Mohali,2025-01-11,151
P001,Soft Drink ,Rajpura,2025-01-11,176
P001,Soft Drink ,Patiala,2025-01-11,187
P002,Sweets ,Bathinda,2025-01-11,114
P002,Sweets ,Malout,2025-01-11,107
P002,Sweets ,Mohali,2025-01-11,108
P002,Sweets ,Rajpura,2025-01-11,120
P002,Sweets ,Patiala,2025-01-11,117
P003,Moisturizer ,Bathinda,2025-01-11,29
P003,Moisturizer ,Malout,2025-01-11,105
P003,Moisturizer ,Mohali,2025-01-11,83
P003,Moisturizer ,Rajpura,2025-01-11,68
P003,Moisturizer ,Patiala,2025-01-11,67
P004,Pooja Articles,Bathinda,2025-01-11,103
P004,Pooja Articles,Malout,2025-01-11,159
P004,Pooja Articles,Mohali,2025-01-11,146
P004,Pooja Articles,Rajpura,2025-01-11,227
P004,Pooja Articles,Patiala,2025-01-11,176
P005,Gift Hamper,Bathinda,2025-01-11,218
P005,Gift Hamper,Malout,2025-01-11,238
P005,Gift Hamper,Mohali,2025-01-11,208
P005,Gift Hamper,Rajpura,2025-01-11,210
P005,Gift Hamper,Patiala,2025-01-11,239
P001,Soft Drink ,Bathinda,2025-01-12,189
P001,Soft Drink ,Malout,2025-01-12,207
P001,Soft Drink ,Mohali,2025-01-12,184
P001,Soft Drink ,Rajpura,2025-01-12,200
P001,Soft Drink ,Patiala,2025-01-12,172
P002,Sweets ,Bathinda,2025-01-12,116
P002,Sweets ,Malout,2025-01-12,122
P002,Sweets ,Mohali,2025-01-12,94
P002,Sweets ,Rajpura,2025-01-12,104
P002,Sweets ,Patiala,2025-01-12,139
P003,Moisturizer ,Bathinda,2025-01-12,78
P003,Moisturizer ,Malout,2025-01-12,78
P003,Moisturizer ,Mohali,2025-01-12,0
P003,Moisturizer ,Rajpura,2025-01-12,85
P003,Moisturizer ,Patiala,2025-01-12,70
P004,Pooja Articles,Bathinda,2025-01-12,139
P004,Pooja Articles,Malout,2025-01-12,193
P004,Pooja Articles,Mohali,2025-01-12,148
P004,Pooja Articles,Rajpura,2025-01-12,169
P004,Pooja Articles,Patiala,2025-01-12,132
P005,Gift Hamper,Bathinda,2025-01-12,183
P005,Gift Hamper,Malout,2025-01-12,251
P005,Gift Hamper,Mohali,2025-01-12,274
P005,Gift Hamper,Rajpura,2025-01-12,239
P005,Gift Hamper,Patiala,2025-01-12,211
P001,Soft Drink ,Bathinda,2025-01-13,214
P001,Soft Drink ,Malout,2025-01-13,130
P001,Soft Drink ,Mohali,2025-01-13,172
P001,Soft Drink ,Rajpura,2025-01-13,146
P001,Soft Drink ,Patiala,2025-01-13,186
P002,Sweets ,Bathinda,2025-01-13,115
P002,Sweets ,Malout,2025-01-13,108
P002,Sweets ,Mohali,2025-01-13,98
P002,Sweets ,Rajpura,2025-01-13,60
P002,Sweets ,Patiala,2025-01-13,117
P003,Moisturizer ,Bathinda,2025-01-13,34
P003,Moisturizer ,Malout,2025-01-13,12
P003,Moisturizer ,Mohali,2025-01-13,36
P003,Moisturizer ,Rajpura,2025-01-13,31
P003,Moisturizer ,Patiala,2025-01-13,18
P004,Pooja Articles,Bathinda,2025-01-13,203
P004,Pooja Articles,Malout,2025-01-13,169
P004,Pooja Articles,Mohali,2025-01-13,127
P004,Pooja Articles,Rajpura,2025-01-13,172
P004,Pooja Articles,Patiala,2025-01-13,142
P005,Gift Hamper,Bathinda,2025-01-13,230
P005,Gift Hamper,Malout,2025-01-13,228
P005,Gift Hamper,Mohali,2025-01-13,254
P005,Gift Hamper,Rajpura,2025-01-13,202
P005,Gift Hamper,Patiala,2025-01-13,213
P001,Soft Drink ,Bathinda,2025-01-14,168
P001,Soft Drink ,Malout,2025-01-14,193
P001,Soft Drink ,Mohali,2025-01-14,181
P001,Soft Drink ,Rajpura,2025-01-14,171
P001,Soft Drink ,Patiala,2025-01-14,190
P002,Sweets ,Bathinda,2025-01-14,109
P002,Sweets ,Malout,2025-01-14,131
P002,Sweets ,Mohali,2025-01-14,118
P002,Sweets ,Rajpura,2025-01-14,125
P002,Sweets ,Patiala,2025-01-14,84
P003,Moisturizer ,Bathinda,2025-01-14,74
P003,Moisturizer ,Malout,2025-01-14,86
P003,Moisturizer ,Mohali,2025-01-14,26
P003,Moisturizer ,Rajpura,2025-01-14,50
P003,Moisturizer ,Patiala,2025-01-14,50
P004,Pooja Articles,Bathinda,2025-01-14,145
P004,Pooja Articles,Malout,2025-01-14,123
P004,Pooja Articles,Mohali,2025-01-14,218
P004,Pooja Articles,Rajpura,2025-01-14,166
P004,Pooja Articles,Patiala,2025-01-14,127
P005,Gift Hamper,Bathinda,2025-01-14,189
P005,Gift Hamper,Malout,2025-01-14,257
P005,Gift Hamper,Mohali,2025-01-14,241
P005,Gift Hamper,Rajpura,2025-01-14,208
P005,Gift Hamper,Patiala,2025-01-14,209
P001,Soft Drink ,Bathinda,2025-01-15,195
P001,Soft Drink ,Malout,2025-01-15,149
P001,Soft Drink ,Mohali,2025-01-15,226
P001,Soft Drink ,Rajpura,2025-01-15,208
P001,Soft Drink ,Patiala,2025-01-15,196
P002,Sweets ,Bathinda,2025-01-15,125
P002,Sweets ,Malout,2025-01-15,115
P002,Sweets ,Mohali,2025-01-15,115
P002,Sweets ,Rajpura,2025-01-15,104
P002,Sweets ,Patiala,2025-01-15,139
P003,Moisturizer ,Bathinda,2025-01-15,73
P003,Moisturizer ,Malout,2025-01-15,87
P003,Moisturizer ,Mohali,2025-01-15,55
P003,Moisturizer ,Rajpura,2025-01-15,55
P003,Moisturizer ,Patiala,2025-01-15,29
P004,Pooja Articles,Bathinda,2025-01-15,164
P004,Pooja Articles,Malout,2025-01-15,101
P004,Pooja Articles,Mohali,2025-01-15,184
P004,Pooja Articles,Rajpura,2025-01-15,168
P004,Pooja Articles,Patiala,2025-01-15,178
P005,Gift Hamper,Bathinda,2025-01-15,244
P005,Gift Hamper,Malout,2025-01-15,241
P005,Gift Hamper,Mohali,2025-01-15,218
P005,Gift Hamper,Rajpura,2025-01-15,188
P005,Gift Hamper,Patiala,2025-01-15,267
P001,Soft Drink ,Bathinda,2025-01-16,186
P001,Soft Drink ,Malout,2025-01-16,212
P001,Soft Drink ,Mohali,2025-01-16,189
P001,Soft Drink ,Rajpura,2025-01-16,172
P001,Soft Drink ,Patiala,2025-01-16,162
P002,Sweets ,Bathinda,2025-01-16,138
P002,Sweets ,Malout,2025-01-16,180
P002,Sweets ,Mohali,2025-01-16,123
P002,Sweets ,Rajpura,2025-01-16,136
P002,Sweets ,Patiala,2025-01-16,116
P003,Moisturizer ,Bathinda,2025-01-16,68
P003,Moisturizer ,Malout,2025-01-16,21
P003,Moisturizer ,Mohali,2025-01-16,0
P003,Moisturizer ,Rajpura,2025-01-16,58
P003,Moisturizer ,Patiala,2025-01-16,38
P004,Pooja Articles,Bathinda,2025-01-16,146
P004,Pooja Articles,Malout,2025-01-16,113
P004,Pooja Articles,Mohali,2025-01-16,159
P004,Pooja Articles,Rajpura,2025-01-16,149
P004,Pooja Articles,Patiala,2025-01-16,152
P005,Gift Hamper,Bathinda,2025-01-16,210
P005,Gift Hamper,Malout,2025-01-16,244
P005,Gift Hamper,Mohali,2025-01-16,219
P005,Gift Hamper,Rajpura,2025-01-16,216
P005,Gift Hamper,Patiala,2025-01-16,182
P001,Soft Drink ,Bathinda,2025-01-17,120
P001,Soft Drink ,Malout,2025-01-17,185
P001,Soft Drink ,Mohali,2025-01-17,190
P001,Soft Drink ,Rajpura,2025-01-17,179
P001,Soft Drink ,Patiala,2025-01-17,151
P002,Sweets ,Bathinda,2025-01-17,153
P002,Sweets ,Malout,2025-01-17,111
P002,Sweets ,Mohali,2025-01-17,136
P002,Sweets ,Rajpura,2025-01-17,128
P002,Sweets ,Patiala,2025-01-17,71
P003,Moisturizer ,Bathinda,2025-01-17,30
P003,Moisturizer ,Malout,2025-01-17,74
P003,Moisturizer ,Mohali,2025-01-17,72
P003,Moisturizer ,Rajpura,2025-01-17,40
P003,Moisturizer ,Patiala,2025-01-17,55
P004,Pooja Articles,Bathinda,2025-01-17,147
P004,Pooja Articles,Malout,2025-01-17,148
P004,Pooja Articles,Mohali,2025-01-17,152
P004,Pooja Articles,Rajpura,2025-01-17,173
P004,Pooja Articles,Patiala,2025-01-17,152
P005,Gift Hamper,Bathinda,2025-01-17,193
P005,Gift Hamper,Malout,2025-01-17,232
P005,Gift Hamper,Mohali,2025-01-17,251
P005,Gift Hamper,Rajpura,2025-01-17,229
P005,Gift Hamper,Patiala,2025-01-17,213
P001,Soft Drink ,Bathinda,2025-01-18,167
P001,Soft Drink ,Malout,2025-01-18,150
P001,Soft Drink ,Mohali,2025-01-18,174
P001,Soft Drink ,Rajpura,2025-01-18,156
P001,Soft Drink ,Patiala,2025-01-18,154
P002,Sweets ,Bathinda,2025-01-18,133
P002,Sweets ,Malout,2025-01-18,115
P002,Sweets ,Mohali,2025-01-18,132
P002,Sweets ,Rajpura,2025-01-18,102
P002,Sweets ,Patiala,2025-01-18,105
P003,Moisturizer ,Bathinda,2025-01-18,76
P003,Moisturizer ,Malout,2025-01-18,53
P003,Moisturizer ,Mohali,2025-01-18,59
P003,Moisturizer ,Rajpura,2025-01-18,56
P003,Moisturizer ,Patiala,2025-01-18,33
P004,Pooja Articles,Bathinda,2025-01-18,185
P004,Pooja Articles,Malout,2025-01-18,177
P004,Pooja Articles,Mohali,2025-01-18,182
P004,Pooja Articles,Rajpura,2025-01-18,166
P004,Pooja Articles,Patiala,2025-01-18,151
P005,Gift Hamper,Bathinda,2025-01-18,224
P005,Gift Hamper,Malout,2025-01-18,260
P005,Gift Hamper,Mohali,2025-01-18,198
P005,Gift Hamper,Rajpura,2025-01-18,185
P005,Gift Hamper,Patiala,2025-01-18,248
P001,Soft Drink ,Bathinda,2025-01-19,158
P001,Soft Drink ,Malout,2025-01-19,189
P001,Soft Drink ,Mohali,2025-01-19,152
P001,Soft Drink ,Rajpura,2025-01-19,195
P001,Soft Drink ,Patiala,2025-01-19,152
P002,Sweets ,Bathinda,2025-01-19,106
P002,Sweets ,Malout,2025-01-19,129
P002,Sweets ,Mohali,2025-01-19,93
P002,Sweets ,Rajpura,2025-01-19,124
P002,Sweets ,Patiala,2025-01-19,113
P003,Moisturizer ,Bathinda,2025-01-19,64
P003,Moisturizer ,Malout,2025-01-19,23
P003,Moisturizer ,Mohali,2025-01-19,61
P003,Moisturizer ,Rajpura,2025-01-19,33
P003,Moisturizer ,Patiala,2025-01-19,73
P004,Pooja Articles,Bathinda,2025-01-19,149
P004,Pooja Articles,Malout,2025-01-19,123
P004,Pooja Articles,Mohali,2025-01-19,134
P004,Pooja Articles,Rajpura,2025-01-19,94
P004,Pooja Articles,Patiala,2025-01-19,192
P005,Gift Hamper,Bathinda,2025-01-19,233
P005,Gift Hamper,Malout,2025-01-19,239
P005,Gift Hamper,Mohali,2025-01-19,208
P005,Gift Hamper,Rajpura,2025-01-19,215
P005,Gift Hamper,Patiala,2025-01-19,192
P001,Soft Drink ,Bathinda,2025-01-20,172
P001,Soft Drink ,Malout,2025-01-20,176
P001,Soft Drink ,Mohali,2025-01-20,136
P001,Soft Drink ,Rajpura,2025-01-20,143
P001,Soft Drink ,Patiala,2025-01-20,167
P002,Sweets ,Bathinda,2025-01-20,119
P002,Sweets ,Malout,2025-01-20,154
P002,Sweets ,Mohali,2025-01-20,144
P002,Sweets ,Rajpura,2025-01-20,92
P002,Sweets ,Patiala,2025-01-20,152
P003,Moisturizer ,Bathinda,2025-01-20,105
P003,Moisturizer ,Malout,2025-01-20,53
P003,Moisturizer ,Mohali,2025-01-20,31
P003,Moisturizer ,Rajpura,2025-01-20,56
P003,Moisturizer ,Patiala,2025-01-20,41
P004,Pooja Articles,Bathinda,2025-01-20,174
P004,Pooja Articles,Malout,2025-01-20,161
P004,Pooja Articles,Mohali,2025-01-20,207
P004,Pooja Articles,Rajpura,2025-01-20,154
P004,Pooja Articles,Patiala,2025-01-20,174
P005,Gift Hamper,Bathinda,2025-01-20,220
P005,Gift Hamper,Malout,2025-01-20,266
P005,Gift Hamper,Mohali,2025-01-20,190
P005,Gift Hamper,Rajpura,2025-01-20,247
P005,Gift Hamper,Patiala,2025-01-20,228
P001,Soft Drink ,Bathinda,2025-01-21,168
P001,Soft Drink ,Malout,2025-01-21,156
P001,Soft Drink ,Mohali,2025-01-21,194
P001,Soft Drink ,Rajpura,2025-01-21,181
P001,Soft Drink ,Patiala,2025-01-21,149
P002,Sweets ,Bathinda,2025-01-21,138
P002,Sweets ,Malout,2025-01-21,127
P002,Sweets ,Mohali,2025-01-21,118
P002,Sweets ,Rajpura,2025-01-21,121
P002,Sweets ,Patiala,2025-01-21,107
P003,Moisturizer ,Bathinda,2025-01-21,59
P003,Moisturizer ,Malout,2025-01-21,99
P003,Moisturizer ,Mohali,2025-01-21,31
P003,Moisturizer ,Rajpura,2025-01-21,50
P003,Moisturizer ,Patiala,2025-01-21,98
P004,Pooja Articles,Bathinda,2025-01-21,127
P004,Pooja Articles,Malout,2025-01-21,95
P004,Pooja Articles,Mohali,2025-01-21,174
P004,Pooja Articles,Rajpura,2025-01-21,178
P004,Pooja Articles,Patiala,2025-01-21,197
P005,Gift Hamper,Bathinda,2025-01-21,244
P005,Gift Hamper,Malout,2025-01-21,216
P005,Gift Hamper,Mohali,2025-01-21,280
P005,Gift Hamper,Rajpura,2025-01-21,266
P005,Gift Hamper,Patiala,2025-01-21,223
P001,Soft Drink ,Bathinda,2025-01-22,133
P001,Soft Drink ,Malout,2025-01-22,149
P001,Soft Drink ,Mohali,2025-01-22,200
P001,Soft Drink ,Rajpura,2025-01-22,174
P001,Soft Drink ,Patiala,2025-01-22,164
P002,Sweets ,Bathinda,2025-01-22,76
P002,Sweets ,Malout,2025-01-22,143
P002,Sweets ,Mohali,2025-01-22,95
P002,Sweets ,Rajpura,2025-01-22,199
P002,Sweets ,Patiala,2025-01-22,119
P003,Moisturizer ,Bathinda,2025-01-22,55
P003,Moisturizer ,Malout,2025-01-22,7
P003,Moisturizer ,Mohali,2025-01-22,87
P003,Moisturizer ,Rajpura,2025-01-22,62
P003,Moisturizer ,Patiala,2025-01-22,53
P004,Pooja Articles,Bathinda,2025-01-22,174
P004,Pooja Articles,Malout,2025-01-22,130
P004,Pooja Articles,Mohali,2025-01-22,200
P004,Pooja Articles,Rajpura,2025-01-22,152
P004,Pooja Articles,Patiala,2025-01-22,152
P005,Gift Hamper,Bathinda,2025-01-22,233
P005,Gift Hamper,Malout,2025-01-22,203
P005,Gift Hamper,Mohali,2025-01-22,254
P005,Gift Hamper,Rajpura,2025-01-22,252
P005,Gift Hamper,Patiala,2025-01-22,226
P001,Soft Drink ,Bathinda,2025-01-23,209
P001,Soft Drink ,Malout,2025-01-23,210
P001,Soft Drink ,Mohali,2025-01-23,166
P001,Soft Drink ,Rajpura,2025-01-23,173
P001,Soft Drink ,Patiala,2025-01-23,186
P002,Sweets ,Bathinda,2025-01-23,86
P002,Sweets ,Malout,2025-01-23,117
P002,Sweets ,Mohali,2025-01-23,117
P002,Sweets ,Rajpura,2025-01-23,103
P002,Sweets ,Patiala,2025-01-23,118
P003,Moisturizer ,Bathinda,2025-01-23,11
P003,Moisturizer ,Malout,2025-01-23,105
P003,Moisturizer ,Mohali,2025-01-23,62
P003,Moisturizer ,Rajpura,2025-01-23,62
P003,Moisturizer ,Patiala,2025-01-23,64
P004,Pooja Articles,Bathinda,2025-01-23,138
P004,Pooja Articles,Malout,2025-01-23,153
P004,Pooja Articles,Mohali,2025-01-23,171
P004,Pooja Articles,Rajpura,2025-01-23,162
P004,Pooja Articles,Patiala,2025-01-23,139
P005,Gift Hamper,Bathinda,2025-01-23,291
P005,Gift Hamper,Malout,2025-01-23,234
P005,Gift Hamper,Mohali,2025-01-23,180
P005,Gift Hamper,Rajpura,2025-01-23,207
P005,Gift Hamper,Patiala,2025-01-23,256
P001,Soft Drink ,Bathinda,2025-01-24,219
P001,Soft Drink ,Malout,2025-01-24,128
P001,Soft Drink ,Mohali,2025-01-24,124
P001,Soft Drink ,Rajpura,2025-01-24,201
P001,Soft Drink ,Patiala,2025-01-24,212
P002,Sweets ,Bathinda,2025-01-24,138
P002,Sweets ,Malout,2025-01-24,157
P002,Sweets ,Mohali,2025-01-24,123
P002,Sweets ,Rajpura,2025-01-24,131
P002,Sweets ,Patiala,2025-01-24,154
P003,Moisturizer ,Bathinda,2025-01-24,77
P003,Moisturizer ,Malout,2025-01-24,81
P003,Moisturizer ,Mohali,2025-01-24,27
P003,Moisturizer ,Rajpura,2025-01-24,94
P003,Moisturizer ,Patiala,2025-01-24,59
P004,Pooja Articles,Bathinda,2025-01-24,136
P004,Pooja Articles,Malout,2025-01-24,183
P004,Pooja Articles,Mohali,2025-01-24,163
P004,Pooja Articles,Rajpura,2025-01-24,155
P004,Pooja Articles,Patiala,2025-01-24,171
P005,Gift Hamper,Bathinda,2025-01-24,206
P005,Gift Hamper,Malout,2025-01-24,195
P005,Gift Hamper,Mohali,2025-01-24,187
P005,Gift Hamper,Rajpura,2025-01-24,220
P005,Gift Hamper,Patiala,2025-01-24,270
P001,Soft Drink ,Bathinda,2025-01-25,163
P001,Soft Drink ,Malout,2025-01-25,171
P001,Soft Drink ,Mohali,2025-01-25,167
P001,Soft Drink ,Rajpura,2025-01-25,168
P001,Soft Drink ,Patiala,2025-01-25,176
P002,Sweets ,Bathinda,2025-01-25,137
P002,Sweets ,Malout,2025-01-25,117
P002,Sweets ,Mohali,2025-01-25,101
P002,Sweets ,Rajpura,2025-01-25,112
P002,Sweets ,Patiala,2025-01-25,130
P003,Moisturizer ,Bathinda,2025-01-25,56
P003,Moisturizer ,Malout,2025-01-25,51
P003,Moisturizer ,Mohali,2025-01-25,71
P003,Moisturizer ,Rajpura,2025-01-25,63
P003,Moisturizer ,Patiala,2025-01-25,53
P004,Pooja Articles,Bathinda,2025-01-25,176
P004,Pooja Articles,Malout,2025-01-25,154
P004,Pooja Articles,Mohali,2025-01-25,139
P004,Pooja Articles,Rajpura,2025-01-25,157
P004,Pooja Articles,Patiala,2025-01-25,209
P005,Gift Hamper,Bathinda,2025-01-25,222
P005,Gift Hamper,Malout,2025-01-25,247
P005,Gift Hamper,Mohali,2025-01-25,210
P005,Gift Hamper,Rajpura,2025-01-25,209
P005,Gift Hamper,Patiala,2025-01-25,207
P001,Soft Drink ,Bathinda,2025-01-26,141
P001,Soft Drink ,Malout,2025-01-26,212
P001,Soft Drink ,Mohali,2025-01-26,167
P001,Soft Drink ,Rajpura,2025-01-26,184
P001,Soft Drink ,Patiala,2025-01-26,216
P002,Sweets ,Bathinda,2025-01-26,161
P002,Sweets ,Malout,2025-01-26,92
P002,Sweets ,Mohali,2025-01-26,97
P002,Sweets ,Rajpura,2025-01-26,132
P002,Sweets ,Patiala,2025-01-26,116
P003,Moisturizer ,Bathinda,2025-01-26,6
P003,Moisturizer ,Malout,2025-01-26,73
P003,Moisturizer ,Mohali,2025-01-26,127
P003,Moisturizer ,Rajpura,2025-01-26,67
P003,Moisturizer ,Patiala,2025-01-26,58
P004,Pooja Articles,Bathinda,2025-01-26,146
P004,Pooja Articles,Malout,2025-01-26,152
P004,Pooja Articles,Mohali,2025-01-26,96
P004,Pooja Articles,Rajpura,2025-01-26,164
P004,Pooja Articles,Patiala,2025-01-26,156
P005,Gift Hamper,Bathinda,2025-01-26,253
P005,Gift Hamper,Malout,2025-01-26,211
P005,Gift Hamper,Mohali,2025-01-26,216
P005,Gift Hamper,Rajpura,2025-01-26,202
P005,Gift Hamper,Patiala,2025-01-26,205
P001,Soft Drink ,Bathinda,2025-01-27,201
P001,Soft Drink ,Malout,2025-01-27,203
P001,Soft Drink ,Mohali,2025-01-27,222
P001,Soft Drink ,Rajpura,2025-01-27,190
P001,Soft Drink ,Patiala,2025-01-27,161
P002,Sweets ,Bathinda,2025-01-27,151
P002,Sweets ,Malout,2025-01-27,108
P002,Sweets ,Mohali,2025-01-27,108
P002,Sweets ,Rajpura,2025-01-27,137
P002,Sweets ,Patiala,2025-01-27,136
P003,Moisturizer ,Bathinda,2025-01-27,53
P003,Moisturizer ,Malout,2025-01-27,60
P003,Moisturizer ,Mohali,2025-01-27,74
P003,Moisturizer ,Rajpura,2025-01-27,80
P003,Moisturizer ,Patiala,2025-01-27,18
P004,Pooja Articles,Bathinda,2025-01-27,169
P004,Pooja Articles,Malout,2025-01-27,140
P004,Pooja Articles,Mohali,2025-01-27,136
P004,Pooja Articles,Rajpura,2025-01-27,170
P004,Pooja Articles,Patiala,2025-01-27,171
P005,Gift Hamper,Bathinda,2025-01-27,215
P005,Gift Hamper,Malout,2025-01-27,199
P005,Gift Hamper,Mohali,2025-01-27,249
P005,Gift Hamper,Rajpura,2025-01-27,195
P005,Gift Hamper,Patiala,2025-01-27,186
P001,Soft Drink ,Bathinda,2025-01-28,151
P001,Soft Drink ,Malout,2025-01-28,158
P001,Soft Drink ,Mohali,2025-01-28,188
P001,Soft Drink ,Rajpura,2025-01-28,171
P001,Soft Drink ,Patiala,2025-01-28,175
P002,Sweets ,Bathinda,2025-01-28,105
P002,Sweets ,Malout,2025-01-28,159
P002,Sweets ,Mohali,2025-01-28,78
P002,Sweets ,Rajpura,2025-01-28,120
P002,Sweets ,Patiala,2025-01-28,139
P003,Moisturizer ,Bathinda,2025-01-28,0
P003,Moisturizer ,Malout,2025-01-28,50
P003,Moisturizer ,Mohali,2025-01-28,48
P003,Moisturizer ,Rajpura,2025-01-28,75
P003,Moisturizer ,Patiala,2025-01-28,63
P004,Pooja Articles,Bathinda,2025-01-28,156
P004,Pooja Articles,Malout,2025-01-28,132
P004,Pooja Articles,Mohali,2025-01-28,150
P004,Pooja Articles,Rajpura,2025-01-28,157
P004,Pooja Articles,Patiala,2025-01-28,114
P005,Gift Hamper,Bathinda,2025-01-28,157
P005,Gift Hamper,Malout,2025-01-28,213
P005,Gift Hamper,Mohali,2025-01-28,180
P005,Gift Hamper,Rajpura,2025-01-28,197
P005,Gift Hamper,Patiala,2025-01-28,197
P001,Soft Drink ,Bathinda,2025-01-29,209
P001,Soft Drink ,Malout,2025-01-29,175
P001,Soft Drink ,Mohali,2025-01-29,151
P001,Soft Drink ,Rajpura,2025-01-29,179
P001,Soft Drink ,Patiala,2025-01-29,167
P002,Sweets ,Bathinda,2025-01-29,183
P002,Sweets ,Malout,2025-01-29,101
P002,Sweets ,Mohali,2025-01-29,88
P002,Sweets ,Rajpura,2025-01-29,138
P002,Sweets ,Patiala,2025-01-29,137
P003,Moisturizer ,Bathinda,2025-01-29,79
P003,Moisturizer ,Malout,2025-01-29,45
P003,Moisturizer ,Mohali,2025-01-29,93
P003,Moisturizer ,Rajpura,2025-01-29,66
P003,Moisturizer ,Patiala,2025-01-29,65
P004,Pooja Articles,Bathinda,2025-01-29,164
P004,Pooja Articles,Malout,2025-01-29,140
P004,Pooja Articles,Mohali,2025-01-29,109
P004,Pooja Articles,Rajpura,2025-01-29,138
P004,Pooja Articles,Patiala,2025-01-29,178
P005,Gift Hamper,Bathinda,2025-01-29,229
P005,Gift Hamper,Malout,2025-01-29,224
P005,Gift Hamper,Mohali,2025-01-29,219
P005,Gift Hamper,Rajpura,2025-01-29,200
P005,Gift Hamper,Patiala,2025-01-29,261
P001,Soft Drink ,Bathinda,2025-01-30,160
P001,Soft Drink ,Malout,2025-01-30,212
P001,Soft Drink ,Mohali,2025-01-30,158
P001,Soft Drink ,Rajpura,2025-01-30,158
P001,Soft Drink ,Patiala,2025-01-30,189
P002,Sweets ,Bathinda,2025-01-30,122
P002,Sweets ,Malout,2025-01-30,107
P002,Sweets ,Mohali,2025-01-30,98
P002,Sweets ,Rajpura,2025-01-30,87
P002,Sweets ,Patiala,2025-01-30,172
P003,Moisturizer ,Bathinda,2025-01-30,29
P003,Moisturizer ,Malout,2025-01-30,91
P003,Moisturizer ,Mohali,2025-01-30,25
P003,Moisturizer ,Rajpura,2025-01-30,101
P003,Moisturizer ,Patiala,2025-01-30,20
P004,Pooja Articles,Bathinda,2025-01-30,158
P004,Pooja Articles,Malout,2025-01-30,173
P004,Pooja Articles,Mohali,2025-01-30,119
P004,Pooja Articles,Rajpura,2025-01-30,161
P004,Pooja Articles,Patiala,2025-01-30,178
P005,Gift Hamper,Bathinda,2025-01-30,201
P005,Gift Hamper,Malout,2025-01-30,228
P005,Gift Hamper,Mohali,2025-01-30,222
P005,Gift Hamper,Rajpura,2025-01-30,220
P005,Gift Hamper,Patiala,2025-01-30,228
P001,Soft Drink ,Bathinda,2025-01-31,186
P001,Soft Drink ,Malout,2025-01-31,178
P001,Soft Drink ,Mohali,2025-01-31,158
P001,Soft Drink ,Rajpura,2025-01-31,197
P001,Soft Drink ,Patiala,2025-01-31,162
P002,Sweets ,Bathinda,2025-01-31,138
P002,Sweets ,Malout,2025-01-31,110
P002,Sweets ,Mohali,2025-01-31,127
P002,Sweets ,Rajpura,2025-01-31,110
P002,Sweets ,Patiala,2025-01-31,140
P003,Moisturizer ,Bathinda,2025-01-31,53
P003,Moisturizer ,Malout,2025-01-31,27
P003,Moisturizer ,Mohali,2025-01-31,28
P003,Moisturizer ,Rajpura,2025-01-31,54
P003,Moisturizer ,Patiala,2025-01-31,81
P004,Pooja Articles,Bathinda,2025-01-31,105
P004,Pooja Articles,Malout,2025-01-31,132
P004,Pooja Articles,Mohali,2025-01-31,80
P004,Pooja Articles,Rajpura,2025-01-31,145
P004,Pooja Articles,Patiala,2025-01-31,128
P005,Gift Hamper,Bathinda,2025-01-31,218
P005,Gift Hamper,Malout,2025-01-31,246
P005,Gift Hamper,Mohali,2025-01-31,254
P005,Gift Hamper,Rajpura,2025-01-31,182
P005,Gift Hamper,Patiala,2025-01-31,216
P001,Soft Drink ,Bathinda,2025-02-01,147
P001,Soft Drink ,Malout,2025-02-01,172
P001,Soft Drink ,Mohali,2025-02-01,196
P001,Soft Drink ,Rajpura,2025-02-01,163
P001,Soft Drink ,Patiala,2025-02-01,172
P002,Sweets ,Bathinda,2025-02-01,127
P002,Sweets ,Malout,2025-02-01,149
P002,Sweets ,Mohali,2025-02-01,127
P002,Sweets ,Rajpura,2025-02-01,36
P002,Sweets ,Patiala,2025-02-01,147
P003,Moisturizer ,Bathinda,2025-02-01,84
P003,Moisturizer ,Malout,2025-02-01,79
P003,Moisturizer ,Mohali,2025-02-01,73
P003,Moisturizer ,Rajpura,2025-02-01,101
P003,Moisturizer ,Patiala,2025-02-01,105
P004,Pooja Articles,Bathinda,2025-02-01,170
P004,Pooja Articles,Malout,2025-02-01,168
P004,Pooja Articles,Mohali,2025-02-01,155
P004,Pooja Articles,Rajpura,2025-02-01,176
P004,Pooja Articles,Patiala,2025-02-01,196
P005,Gift Hamper,Bathinda,2025-02-01,241
P005,Gift Hamper,Malout,2025-02-01,207
P005,Gift Hamper,Mohali,2025-02-01,240
P005,Gift Hamper,Rajpura,2025-02-01,247
P005,Gift Hamper,Patiala,2025-02-01,244
P001,Soft Drink ,Bathinda,2025-02-02,189
P001,Soft Drink ,Malout,2025-02-02,173
P001,Soft Drink ,Mohali,2025-02-02,127
P001,Soft Drink ,Rajpura,2025-02-02,195
P001,Soft Drink ,Patiala,2025-02-02,183
P002,Sweets ,Bathinda,2025-02-02,106
P002,Sweets ,Malout,2025-02-02,133
P002,Sweets ,Mohali,2025-02-02,108
P002,Sweets ,Rajpura,2025-02-02,101
P002,Sweets ,Patiala,2025-02-02,139
P003,Moisturizer ,Bathinda,2025-02-02,46
P003,Moisturizer ,Malout,2025-02-02,78
P003,Moisturizer ,Mohali,2025-02-02,49
P003,Moisturizer ,Rajpura,2025-02-02,60
P003,Moisturizer ,Patiala,2025-02-02,67
P004,Pooja Articles,Bathinda,2025-02-02,170
P004,Pooja Articles,Malout,2025-02-02,163
P004,Pooja Articles,Mohali,2025-02-02,128
P004,Pooja Articles,Rajpura,2025-02-02,175
P004,Pooja Articles,Patiala,2025-02-02,139
P005,Gift Hamper,Bathinda,2025-02-02,248
P005,Gift Hamper,Malout,2025-02-02,214
P005,Gift Hamper,Mohali,2025-02-02,197
P005,Gift Hamper,Rajpura,2025-02-02,233
P005,Gift Hamper,Patiala,2025-02-02,218
P001,Soft Drink ,Bathinda,2025-02-03,190
P001,Soft Drink ,Malout,2025-02-03,146
P001,Soft Drink ,Mohali,2025-02-03,180
P001,Soft Drink ,Rajpura,2025-02-03,183
P001,Soft Drink ,Patiala,2025-02-03,174
P002,Sweets ,Bathinda,2025-02-03,117
P002,Sweets ,Malout,2025-02-03,78
P002,Sweets ,Mohali,2025-02-03,134
P002,Sweets ,Rajpura,2025-02-03,164
P002,Sweets ,Patiala,2025-02-03,113
P003,Moisturizer ,Bathinda,2025-02-03,53
P003,Moisturizer ,Malout,2025-02-03,94
P003,Moisturizer ,Mohali,2025-02-03,53
P003,Moisturizer ,Rajpura,2025-02-03,136
P003,Moisturizer ,Patiala,2025-02-03,26
P004,Pooja Articles,Bathinda,2025-02-03,124
P004,Pooja Articles,Malout,2025-02-03,169
P004,Pooja Articles,Mohali,2025-02-03,194
P004,Pooja Articles,Rajpura,2025-02-03,187
P004,Pooja Articles,Patiala,2025-02-03,123
P005,Gift Hamper,Bathinda,2025-02-03,212
P005,Gift Hamper,Malout,2025-02-03,161
P005,Gift Hamper,Mohali,2025-02-03,201
P005,Gift Hamper,Rajpura,2025-02-03,226
P005,Gift Hamper,Patiala,2025-02-03,211
P001,Soft Drink ,Bathinda,2025-02-04,155
P001,Soft Drink ,Malout,2025-02-04,194
P001,Soft Drink ,Mohali,2025-02-04,167
P001,Soft Drink ,Rajpura,2025-02-04,163
P001,Soft Drink ,Patiala,2025-02-04,164
P002,Sweets ,Bathinda,2025-02-04,135
P002,Sweets ,Malout,2025-02-04,145
P002,Sweets ,Mohali,2025-02-04,154
P002,Sweets ,Rajpura,2025-02-04,179
P002,Sweets ,Patiala,2025-02-04,141
P003,Moisturizer ,Bathinda,2025-02-04,0
P003,Moisturizer ,Malout,2025-02-04,37
P003,Moisturizer ,Mohali,2025-02-04,83
P003,Moisturizer ,Rajpura,2025-02-04,11
P003,Moisturizer ,Patiala,2025-02-04,54
P004,Pooja Articles,Bathinda,2025-02-04,132
P004,Pooja Articles,Malout,2025-02-04,100
P004,Pooja Articles,Mohali,2025-02-04,137
P004,Pooja Articles,Rajpura,2025-02-04,146
P004,Pooja Articles,Patiala,2025-02-04,173
P005,Gift Hamper,Bathinda,2025-02-04,168
P005,Gift Hamper,Malout,2025-02-04,259
P005,Gift Hamper,Mohali,2025-02-04,231
P005,Gift Hamper,Rajpura,2025-02-04,206
P005,Gift Hamper,Patiala,2025-02-04,195
P001,Soft Drink ,Bathinda,2025-02-05,136
P001,Soft Drink ,Malout,2025-02-05,155
P001,Soft Drink ,Mohali,2025-02-05,212
P001,Soft Drink ,Rajpura,2025-02-05,176
P001,Soft Drink ,Patiala,2025-02-05,134
P002,Sweets ,Bathinda,2025-02-05,114
P002,Sweets ,Malout,2025-02-05,170
P002,Sweets ,Mohali,2025-02-05,138
P002,Sweets ,Rajpura,2025-02-05,154
P002,Sweets ,Patiala,2025-02-05,59
P003,Moisturizer ,Bathinda,2025-02-05,64
P003,Moisturizer ,Malout,2025-02-05,40
P003,Moisturizer ,Mohali,2025-02-05,70
P003,Moisturizer ,Rajpura,2025-02-05,100
P003,Moisturizer ,Patiala,2025-02-05,60
P004,Pooja Articles,Bathinda,2025-02-05,132
P004,Pooja Articles,Malout,2025-02-05,180
P004,Pooja Articles,Mohali,2025-02-05,178
P004,Pooja Articles,Rajpura,2025-02-05,119
P004,Pooja Articles,Patiala,2025-02-05,142
P005,Gift Hamper,Bathinda,2025-02-05,196
P005,Gift Hamper,Malout,2025-02-05,173
P005,Gift Hamper,Mohali,2025-02-05,231
P005,Gift Hamper,Rajpura,2025-02-05,233
P005,Gift Hamper,Patiala,2025-02-05,221
P001,Soft Drink ,Bathinda,2025-02-06,174
P001,Soft Drink ,Malout,2025-02-06,204
P001,Soft Drink ,Mohali,2025-02-06,200
P001,Soft Drink ,Rajpura,2025-02-06,157
P001,Soft Drink ,Patiala,2025-02-06,194
P002,Sweets ,Bathinda,2025-02-06,75
P002,Sweets ,Malout,2025-02-06,113
P002,Sweets ,Mohali,2025-02-06,174
P002,Sweets ,Rajpura,2025-02-06,120
P002,Sweets ,Patiala,2025-02-06,118
P003,Moisturizer ,Bathinda,2025-02-06,72
P003,Moisturizer ,Malout,2025-02-06,61
P003,Moisturizer ,Mohali,2025-02-06,10
P003,Moisturizer ,Rajpura,2025-02-06,53
P003,Moisturizer ,Patiala,2025-02-06,52
P004,Pooja Articles,Bathinda,2025-02-06,138
P004,Pooja Articles,Malout,2025-02-06,143
P004,Pooja Articles,Mohali,2025-02-06,141
P004,Pooja Articles,Rajpura,2025-02-06,120
P004,Pooja Articles,Patiala,2025-02-06,141
P005,Gift Hamper,Bathinda,2025-02-06,231
P005,Gift Hamper,Malout,2025-02-06,206
P005,Gift Hamper,Mohali,2025-02-06,205
P005,Gift Hamper,Rajpura,2025-02-06,267
P005,Gift Hamper,Patiala,2025-02-06,201
P001,Soft Drink ,Bathinda,2025-02-07,178
P001,Soft Drink ,Malout,2025-02-07,152
P001,Soft Drink ,Mohali,2025-02-07,165
P001,Soft Drink ,Rajpura,2025-02-07,159
P001,Soft Drink ,Patiala,2025-02-07,144
P002,Sweets ,Bathinda,2025-02-07,102
P002,Sweets ,Malout,2025-02-07,122
P002,Sweets ,Mohali,2025-02-07,131
P002,Sweets ,Rajpura,2025-02-07,118
P002,Sweets ,Patiala,2025-02-07,93
P003,Moisturizer ,Bathinda,2025-02-07,39
P003,Moisturizer ,Malout,2025-02-07,29
P003,Moisturizer ,Mohali,2025-02-07,43
P003,Moisturizer ,Rajpura,2025-02-07,113
P003,Moisturizer ,Patiala,2025-02-07,58
P004,Pooja Articles,Bathinda,2025-02-07,121
P004,Pooja Articles,Malout,2025-02-07,112
P004,Pooja Articles,Mohali,2025-02-07,132
P004,Pooja Articles,Rajpura,2025-02-07,149
P004,Pooja Articles,Patiala,2025-02-07,116
P005,Gift Hamper,Bathinda,2025-02-07,198
P005,Gift Hamper,Malout,2025-02-07,231
P005,Gift Hamper,Mohali,2025-02-07,209
P005,Gift Hamper,Rajpura,2025-02-07,178
P005,Gift Hamper,Patiala,2025-02-07,235
P001,Soft Drink ,Bathinda,2025-02-08,202
P001,Soft Drink ,Malout,2025-02-08,164
P001,Soft Drink ,Mohali,2025-02-08,197
P001,Soft Drink ,Rajpura,2025-02-08,182
P001,Soft Drink ,Patiala,2025-02-08,155
P002,Sweets ,Bathinda,2025-02-08,46
P002,Sweets ,Malout,2025-02-08,124
P002,Sweets ,Mohali,2025-02-08,118
P002,Sweets ,Rajpura,2025-02-08,130
P002,Sweets ,Patiala,2025-02-08,115
P003,Moisturizer ,Bathinda,2025-02-08,34
P003,Moisturizer ,Malout,2025-02-08,54
P003,Moisturizer ,Mohali,2025-02-08,74
P003,Moisturizer ,Rajpura,2025-02-08,11
P003,Moisturizer ,Patiala,2025-02-08,64
P004,Pooja Articles,Bathinda,2025-02-08,167
P004,Pooja Articles,Malout,2025-02-08,116
P004,Pooja Articles,Mohali,2025-02-08,142
P004,Pooja Articles,Rajpura,2025-02-08,124
P004,Pooja Articles,Patiala,2025-02-08,130
P005,Gift Hamper,Bathinda,2025-02-08,247
P005,Gift Hamper,Malout,2025-02-08,204
P005,Gift Hamper,Mohali,2025-02-08,219
P005,Gift Hamper,Rajpura,2025-02-08,215
P005,Gift Hamper,Patiala,2025-02-08,214
P001,Soft Drink ,Bathinda,2025-02-09,201
P001,Soft Drink ,Malout,2025-02-09,223
P001,Soft Drink ,Mohali,2025-02-09,178
P001,Soft Drink ,Rajpura,2025-02-09,220
P001,Soft Drink ,Patiala,2025-02-09,179
P002,Sweets ,Bathinda,2025-02-09,150
P002,Sweets ,Malout,2025-02-09,60
P002,Sweets ,Mohali,2025-02-09,97
P002,Sweets ,Rajpura,2025-02-09,77
P002,Sweets ,Patiala,2025-02-09,171
P003,Moisturizer ,Bathinda,2025-02-09,62
P003,Moisturizer ,Malout,2025-02-09,52
P003,Moisturizer ,Mohali,2025-02-09,61
P003,Moisturizer ,Rajpura,2025-02-09,70
P003,Moisturizer ,Patiala,2025-02-09,29
P004,Pooja Articles,Bathinda,2025-02-09,122
P004,Pooja Articles,Malout,2025-02-09,156
P004,Pooja Articles,Mohali,2025-02-09,155
P004,Pooja Articles,Rajpura,2025-02-09,155
P004,Pooja Articles,Patiala,2025-02-09,120
P005,Gift Hamper,Bathinda,2025-02-09,243
P005,Gift Hamper,Malout,2025-02-09,230
P005,Gift Hamper,Mohali,2025-02-09,159
P005,Gift Hamper,Rajpura,2025-02-09,183
P005,Gift Hamper,Patiala,2025-02-09,227
P001,Soft Drink ,Bathinda,2025-02-10,122
P001,Soft Drink ,Malout,2025-02-10,203
P001,Soft Drink ,Mohali,2025-02-10,175
P001,Soft Drink ,Rajpura,2025-02-10,193
P001,Soft Drink ,Patiala,2025-02-10,161
P002,Sweets ,Bathinda,2025-02-10,86
P002,Sweets ,Malout,2025-02-10,143
P002,Sweets ,Mohali,2025-02-10,138
P002,Sweets ,Rajpura,2025-02-10,144
P002,Sweets ,Patiala,2025-02-10,138
P003,Moisturizer ,Bathinda,2025-02-10,73
P003,Moisturizer ,Malout,2025-02-10,19
P003,Moisturizer ,Mohali,2025-02-10,59
P003,Moisturizer ,Rajpura,2025-02-10,83
P003,Moisturizer ,Patiala,2025-02-10,63
P004,Pooja Articles,Bathinda,2025-02-10,187
P004,Pooja Articles,Malout,2025-02-10,164
P004,Pooja Articles,Mohali,2025-02-10,146
P004,Pooja Articles,Rajpura,2025-02-10,161
P004,Pooja Articles,Patiala,2025-02-10,158
P005,Gift Hamper,Bathinda,2025-02-10,285
P005,Gift Hamper,Malout,2025-02-10,263
P005,Gift Hamper,Mohali,2025-02-10,235
P005,Gift Hamper,Rajpura,2025-02-10,201
P005,Gift Hamper,Patiala,2025-02-10,178
P001,Soft Drink ,Bathinda,2025-02-11,161
P001,Soft Drink ,Malout,2025-02-11,197
P001,Soft Drink ,Mohali,2025-02-11,168
P001,Soft Drink ,Rajpura,2025-02-11,168
P001,Soft Drink ,Patiala,2025-02-11,130
P002,Sweets ,Bathinda,2025-02-11,98
P002,Sweets ,Malout,2025-02-11,131
P002,Sweets ,Mohali,2025-02-11,76
P002,Sweets ,Rajpura,2025-02-11,118
P002,Sweets ,Patiala,2025-02-11,78
P003,Moisturizer ,Bathinda,2025-02-11,47
P003,Moisturizer ,Malout,2025-02-11,20
P003,Moisturizer ,Mohali,2025-02-11,89
P003,Moisturizer ,Rajpura,2025-02-11,83
P003,Moisturizer ,Patiala,2025-02-11,38
P004,Pooja Articles,Bathinda,2025-02-11,143
P004,Pooja Articles,Malout,2025-02-11,116
P004,Pooja Articles,Mohali,2025-02-11,129
P004,Pooja Articles,Rajpura,2025-02-11,138
P004,Pooja Articles,Patiala,2025-02-11,133
P005,Gift Hamper,Bathinda,2025-02-11,184
P005,Gift Hamper,Malout,2025-02-11,246
P005,Gift Hamper,Mohali,2025-02-11,199
P005,Gift Hamper,Rajpura,2025-02-11,223
P005,Gift Hamper,Patiala,2025-02-11,226
P001,Soft Drink ,Bathinda,2025-02-12,195
P001,Soft Drink ,Malout,2025-02-12,167
P001,Soft Drink ,Mohali,2025-02-12,129
P001,Soft Drink ,Rajpura,2025-02-12,202
P001,Soft Drink ,Patiala,2025-02-12,150
P002,Sweets ,Bathinda,2025-02-12,160
P002,Sweets ,Malout,2025-02-12,140
P002,Sweets ,Mohali,2025-02-12,77
P002,Sweets ,Rajpura,2025-02-12,108
P002,Sweets ,Patiala,2025-02-12,145
P003,Moisturizer ,Bathinda,2025-02-12,49
P003,Moisturizer ,Malout,2025-02-12,45
P003,Moisturizer ,Mohali,2025-02-12,81
P003,Moisturizer ,Rajpura,2025-02-12,67
P003,Moisturizer ,Patiala,2025-02-12,32
P004,Pooja Articles,Bathinda,2025-02-12,138
P004,Pooja Articles,Malout,2025-02-12,124
P004,Pooja Articles,Mohali,2025-02-12,141
P004,Pooja Articles,Rajpura,2025-02-12,143
P004,Pooja Articles,Patiala,2025-02-12,168
P005,Gift Hamper,Bathinda,2025-02-12,228
P005,Gift Hamper,Malout,2025-02-12,256
P005,Gift Hamper,Mohali,2025-02-12,222
P005,Gift Hamper,Rajpura,2025-02-12,230
P005,Gift Hamper,Patiala,2025-02-12,170
P001,Soft Drink ,Bathinda,2025-02-13,175
P001,Soft Drink ,Malout,2025-02-13,162
P001,Soft Drink ,Mohali,2025-02-13,173
P001,Soft Drink ,Rajpura,2025-02-13,144
P001,Soft Drink ,Patiala,2025-02-13,176
P002,Sweets ,Bathinda,2025-02-13,109
P002,Sweets ,Malout,2025-02-13,117
P002,Sweets ,Mohali,2025-02-13,97
P002,Sweets ,Rajpura,2025-02-13,110
P002,Sweets ,Patiala,2025-02-13,164
P003,Moisturizer ,Bathinda,2025-02-13,83
P003,Moisturizer ,Malout,2025-02-13,50
P003,Moisturizer ,Mohali,2025-02-13,33
P003,Moisturizer ,Rajpura,2025-02-13,78
P003,Moisturizer ,Patiala,2025-02-13,56
P004,Pooja Articles,Bathinda,2025-02-13,167
P004,Pooja Articles,Malout,2025-02-13,155
P004,Pooja Articles,Mohali,2025-02-13,138
P004,Pooja Articles,Rajpura,2025-02-13,169
P004,Pooja Articles,Patiala,2025-02-13,102
P005,Gift Hamper,Bathinda,2025-02-13,204
P005,Gift Hamper,Malout,2025-02-13,265
P005,Gift Hamper,Mohali,2025-02-13,197
P005,Gift Hamper,Rajpura,2025-02-13,223
P005,Gift Hamper,Patiala,2025-02-13,200
P001,Soft Drink ,Bathinda,2025-02-14,179
P001,Soft Drink ,Malout,2025-02-14,195
P001,Soft Drink ,Mohali,2025-02-14,187
P001,Soft Drink ,Rajpura,2025-02-14,189
P001,Soft Drink ,Patiala,2025-02-14,177
P002,Sweets ,Bathinda,2025-02-14,91
P002,Sweets ,Malout,2025-02-14,155
P002,Sweets ,Mohali,2025-02-14,90
P002,Sweets ,Rajpura,2025-02-14,73
P002,Sweets ,Patiala,2025-02-14,117
P003,Moisturizer ,Bathinda,2025-02-14,68
P003,Moisturizer ,Malout,2025-02-14,13
P003,Moisturizer ,Mohali,2025-02-14,41
P003,Moisturizer ,Rajpura,2025-02-14,77
P003,Moisturizer ,Patiala,2025-02-14,60
P004,Pooja Articles,Bathinda,2025-02-14,160
P004,Pooja Articles,Malout,2025-02-14,98
P004,Pooja Articles,Mohali,2025-02-14,153
P004,Pooja Articles,Rajpura,2025-02-14,94
P004,Pooja Articles,Patiala,2025-02-14,108
P005,Gift Hamper,Bathinda,2025-02-14,203
P005,Gift Hamper,Malout,2025-02-14,215
P005,Gift Hamper,Mohali,2025-02-14,198
P005,Gift Hamper,Rajpura,2025-02-14,230
P005,Gift Hamper,Patiala,2025-02-14,248
P001,Soft Drink ,Bathinda,2025-02-15,216
P001,Soft Drink ,Malout,2025-02-15,250
P001,Soft Drink ,Mohali,2025-02-15,181
P001,Soft Drink ,Rajpura,2025-02-15,175
P001,Soft Drink ,Patiala,2025-02-15,154
P002,Sweets ,Bathinda,2025-02-15,106
P002,Sweets ,Malout,2025-02-15,118
P002,Sweets ,Mohali,2025-02-15,144
P002,Sweets ,Rajpura,2025-02-15,117
P002,Sweets ,Patiala,2025-02-15,137
P003,Moisturizer ,Bathinda,2025-02-15,70
P003,Moisturizer ,Malout,2025-02-15,65
P003,Moisturizer ,Mohali,2025-02-15,88
P003,Moisturizer ,Rajpura,2025-02-15,63
P003,Moisturizer ,Patiala,2025-02-15,50
P004,Pooja Articles,Bathinda,2025-02-15,147
P004,Pooja Articles,Malout,2025-02-15,196
P004,Pooja Articles,Mohali,2025-02-15,159
P004,Pooja Articles,Rajpura,2025-02-15,164
P004,Pooja Articles,Patiala,2025-02-15,133
P005,Gift Hamper,Bathinda,2025-02-15,209
P005,Gift Hamper,Malout,2025-02-15,236
P005,Gift Hamper,Mohali,2025-02-15,208
P005,Gift Hamper,Rajpura,2025-02-15,242
P005,Gift Hamper,Patiala,2025-02-15,230
P001,Soft Drink ,Bathinda,2025-02-16,152
P001,Soft Drink ,Malout,2025-02-16,186
P001,Soft Drink ,Mohali,2025-02-16,160
P001,Soft Drink ,Rajpura,2025-02-16,147
P001,Soft Drink ,Patiala,2025-02-16,206
P002,Sweets ,Bathinda,2025-02-16,114
P002,Sweets ,Malout,2025-02-16,135
P002,Sweets ,Mohali,2025-02-16,118
P002,Sweets ,Rajpura,2025-02-16,169
P002,Sweets ,Patiala,2025-02-16,104
P003,Moisturizer ,Bathinda,2025-02-16,74
P003,Moisturizer ,Malout,2025-02-16,71
P003,Moisturizer ,Mohali,2025-02-16,94
P003,Moisturizer ,Rajpura,2025-02-16,23
P003,Moisturizer ,Patiala,2025-02-16,106
P004,Pooja Articles,Bathinda,2025-02-16,139
P004,Pooja Articles,Malout,2025-02-16,132
P004,Pooja Articles,Mohali,2025-02-16,154
P004,Pooja Articles,Rajpura,2025-02-16,153
P004,Pooja Articles,Patiala,2025-02-16,164
P005,Gift Hamper,Bathinda,2025-02-16,194
P005,Gift Hamper,Malout,2025-02-16,223
P005,Gift Hamper,Mohali,2025-02-16,205
P005,Gift Hamper,Rajpura,2025-02-16,181
P005,Gift Hamper,Patiala,2025-02-16,275
P001,Soft Drink ,Bathinda,2025-02-17,149
P001,Soft Drink ,Malout,2025-02-17,142
P001,Soft Drink ,Mohali,2025-02-17,177
P001,Soft Drink ,Rajpura,2025-02-17,214
P001,Soft Drink ,Patiala,2025-02-17,156
P002,Sweets ,Bathinda,2025-02-17,158
P002,Sweets ,Malout,2025-02-17,115
P002,Sweets ,Mohali,2025-02-17,104
P002,Sweets ,Rajpura,2025-02-17,98
P002,Sweets ,Patiala,2025-02-17,37
P003,Moisturizer ,Bathinda,2025-02-17,88
P003,Moisturizer ,Malout,2025-02-17,91
P003,Moisturizer ,Mohali,2025-02-17,24
P003,Moisturizer ,Rajpura,2025-02-17,45
P003,Moisturizer ,Patiala,2025-02-17,18
P004,Pooja Articles,Bathinda,2025-02-17,152
P004,Pooja Articles,Malout,2025-02-17,148
P004,Pooja Articles,Mohali,2025-02-17,167
P004,Pooja Articles,Rajpura,2025-02-17,196
P004,Pooja Articles,Patiala,2025-02-17,189
P005,Gift Hamper,Bathinda,2025-02-17,217
P005,Gift Hamper,Malout,2025-02-17,242
P005,Gift Hamper,Mohali,2025-02-17,206
P005,Gift Hamper,Rajpura,2025-02-17,203
P005,Gift Hamper,Patiala,2025-02-17,217
P001,Soft Drink ,Bathinda,2025-02-18,157
P001,Soft Drink ,Malout,2025-02-18,168
P001,Soft Drink ,Mohali,2025-02-18,144
P001,Soft Drink ,Rajpura,2025-02-18,191
P001,Soft Drink ,Patiala,2025-02-18,156
P002,Sweets ,Bathinda,2025-02-18,103
P002,Sweets ,Malout,2025-02-18,112
P002,Sweets ,Mohali,2025-02-18,128
P002,Sweets ,Rajpura,2025-02-18,140
P002,Sweets ,Patiala,2025-02-18,136
P003,Moisturizer ,Bathinda,2025-02-18,79
P003,Moisturizer ,Malout,2025-02-18,73
P003,Moisturizer ,Mohali,2025-02-18,33
P003,Moisturizer ,Rajpura,2025-02-18,53
P003,Moisturizer ,Patiala,2025-02-18,66
P004,Pooja Articles,Bathinda,2025-02-18,155
P004,Pooja Articles,Malout,2025-02-18,158
P004,Pooja Articles,Mohali,2025-02-18,124
P004,Pooja Articles,Rajpura,2025-02-18,176
P004,Pooja Articles,Patiala,2025-02-18,127
P005,Gift Hamper,Bathinda,2025-02-18,228
P005,Gift Hamper,Malout,2025-02-18,218
P005,Gift Hamper,Mohali,2025-02-18,248
P005,Gift Hamper,Rajpura,2025-02-18,222
P005,Gift Hamper,Patiala,2025-02-18,205
P001,Soft Drink ,Bathinda,2025-02-19,239
P001,Soft Drink ,Malout,2025-02-19,186
P001,Soft Drink ,Mohali,2025-02-19,157
P001,Soft Drink ,Rajpura,2025-02-19,185
P001,Soft Drink ,Patiala,2025-02-19,123
P002,Sweets ,Bathinda,2025-02-19,116
P002,Sweets ,Malout,2025-02-19,63
P002,Sweets ,Mohali,2025-02-19,75
P002,Sweets ,Rajpura,2025-02-19,142
P002,Sweets ,Patiala,2025-02-19,132
P003,Moisturizer ,Bathinda,2025-02-19,51
P003,Moisturizer ,Malout,2025-02-19,61
P003,Moisturizer ,Mohali,2025-02-19,37
P003,Moisturizer ,Rajpura,2025-02-19,49
P003,Moisturizer ,Patiala,2025-02-19,63
P004,Pooja Articles,Bathinda,2025-02-19,118
P004,Pooja Articles,Malout,2025-02-19,149
P004,Pooja Articles,Mohali,2025-02-19,120
P004,Pooja Articles,Rajpura,2025-02-19,144
P004,Pooja Articles,Patiala,2025-02-19,166
P005,Gift Hamper,Bathinda,2025-02-19,238
P005,Gift Hamper,Malout,2025-02-19,293
P005,Gift Hamper,Mohali,2025-02-19,189
P005,Gift Hamper,Rajpura,2025-02-19,231
P005,Gift Hamper,Patiala,2025-02-19,228
P001,Soft Drink ,Bathinda,2025-02-20,143
P001,Soft Drink ,Malout,2025-02-20,202
P001,Soft Drink ,Mohali,2025-02-20,153
P001,Soft Drink ,Rajpura,2025-02-20,198
P001,Soft Drink ,Patiala,2025-02-20,194
P002,Sweets ,Bathinda,2025-02-20,149
P002,Sweets ,Malout,2025-02-20,80
P002,Sweets ,Mohali,2025-02-20,106
P002,Sweets ,Rajpura,2025-02-20,152
P002,Sweets ,Patiala,2025-02-20,126
P003,Moisturizer ,Bathinda,2025-02-20,115
P003,Moisturizer ,Malout,2025-02-20,49
P003,Moisturizer ,Mohali,2025-02-20,45
P003,Moisturizer ,Rajpura,2025-02-20,85
P003,Moisturizer ,Patiala,2025-02-20,85
P004,Pooja Articles,Bathinda,2025-02-20,167
P004,Pooja Articles,Malout,2025-02-20,152
P004,Pooja Articles,Mohali,2025-02-20,148
P004,Pooja Articles,Rajpura,2025-02-20,154
P004,Pooja Articles,Patiala,2025-02-20,171
P005,Gift Hamper,Bathinda,2025-02-20,191
P005,Gift Hamper,Malout,2025-02-20,223
P005,Gift Hamper,Mohali,2025-02-20,247
P005,Gift Hamper,Rajpura,2025-02-20,214
P005,Gift Hamper,Patiala,2025-02-20,221
P001,Soft Drink ,Bathinda,2025-02-21,189
P001,Soft Drink ,Malout,2025-02-21,199
P001,Soft Drink ,Mohali,2025-02-21,136
P001,Soft Drink ,Rajpura,2025-02-21,209
P001,Soft Drink ,Patiala,2025-02-21,236
P002,Sweets ,Bathinda,2025-02-21,141
P002,Sweets ,Malout,2025-02-21,93
P002,Sweets ,Mohali,2025-02-21,120
P002,Sweets ,Rajpura,2025-02-21,112
P002,Sweets ,Patiala,2025-02-21,111
P003,Moisturizer ,Bathinda,2025-02-21,84
P003,Moisturizer ,Malout,2025-02-21,110
P003,Moisturizer ,Mohali,2025-02-21,67
P003,Moisturizer ,Rajpura,2025-02-21,66
P003,Moisturizer ,Patiala,2025-02-21,23
P004,Pooja Articles,Bathinda,2025-02-21,151
P004,Pooja Articles,Malout,2025-02-21,111
P004,Pooja Articles,Mohali,2025-02-21,196
P004,Pooja Articles,Rajpura,2025-02-21,166
P004,Pooja Articles,Patiala,2025-02-21,110
P005,Gift Hamper,Bathinda,2025-02-21,207
P005,Gift Hamper,Malout,2025-02-21,246
P005,Gift Hamper,Mohali,2025-02-21,193
P005,Gift Hamper,Rajpura,2025-02-21,250
P005,Gift Hamper,Patiala,2025-02-21,224
P001,Soft Drink ,Bathinda,2025-02-22,189
P001,Soft Drink ,Malout,2025-02-22,223
P001,Soft Drink ,Mohali,2025-02-22,194
P001,Soft Drink ,Rajpura,2025-02-22,161
P001,Soft Drink ,Patiala,2025-02-22,184
P002,Sweets ,Bathinda,2025-02-22,102
P002,Sweets ,Malout,2025-02-22,167
P002,Sweets ,Mohali,2025-02-22,109
P002,Sweets ,Rajpura,2025-02-22,155
P002,Sweets ,Patiala,2025-02-22,110
P003,Moisturizer ,Bathinda,2025-02-22,21
P003,Moisturizer ,Malout,2025-02-22,92
P003,Moisturizer ,Mohali,2025-02-22,55
P003,Moisturizer ,Rajpura,2025-02-22,49
P003,Moisturizer ,Patiala,2025-02-22,71
P004,Pooja Articles,Bathinda,2025-02-22,181
P004,Pooja Articles,Malout,2025-02-22,139
P004,Pooja Articles,Mohali,2025-02-22,153
P004,Pooja Articles,Rajpura,2025-02-22,134
P004,Pooja Articles,Patiala,2025-02-22,136
P005,Gift Hamper,Bathinda,2025-02-22,237
P005,Gift Hamper,Malout,2025-02-22,258
P005,Gift Hamper,Mohali,2025-02-22,178
P005,Gift Hamper,Rajpura,2025-02-22,256
P005,Gift Hamper,Patiala,2025-02-22,200
P001,Soft Drink ,Bathinda,2025-02-23,154
P001,Soft Drink ,Malout,2025-02-23,222
P001,Soft Drink ,Mohali,2025-02-23,210
P001,Soft Drink ,Rajpura,2025-02-23,189
P001,Soft Drink ,Patiala,2025-02-23,207
P002,Sweets ,Bathinda,2025-02-23,123
P002,Sweets ,Malout,2025-02-23,163
P002,Sweets ,Mohali,2025-02-23,112
P002,Sweets ,Rajpura,2025-02-23,132
P002,Sweets ,Patiala,2025-02-23,125
P003,Moisturizer ,Bathinda,2025-02-23,50
P003,Moisturizer ,Malout,2025-02-23,68
P003,Moisturizer ,Mohali,2025-02-23,14
P003,Moisturizer ,Rajpura,2025-02-23,73
P003,Moisturizer ,Patiala,2025-02-23,97
P004,Pooja Articles,Bathinda,2025-02-23,144
P004,Pooja Articles,Malout,2025-02-23,159
P004,Pooja Articles,Mohali,2025-02-23,126
P004,Pooja Articles,Rajpura,2025-02-23,191
P004,Pooja Articles,Patiala,2025-02-23,153
P005,Gift Hamper,Bathinda,2025-02-23,258
P005,Gift Hamper,Malout,2025-02-23,218
P005,Gift Hamper,Mohali,2025-02-23,209
P005,Gift Hamper,Rajpura,2025-02-23,223
P005,Gift Hamper,Patiala,2025-02-23,211
P001,Soft Drink ,Bathinda,2025-02-24,165
P001,Soft Drink ,Malout,2025-02-24,136
P001,Soft Drink ,Mohali,2025-02-24,149
P001,Soft Drink ,Rajpura,2025-02-24,229
P001,Soft Drink ,Patiala,2025-02-24,131
P002,Sweets ,Bathinda,2025-02-24,183
P002,Sweets ,Malout,2025-02-24,134
P002,Sweets ,Mohali,2025-02-24,116
P002,Sweets ,Rajpura,2025-02-24,93
P002,Sweets ,Patiala,2025-02-24,162
P003,Moisturizer ,Bathinda,2025-02-24,18
P003,Moisturizer ,Malout,2025-02-24,34
P003,Moisturizer ,Mohali,2025-02-24,41
P003,Moisturizer ,Rajpura,2025-02-24,63
P003,Moisturizer ,Patiala,2025-02-24,76
P004,Pooja Articles,Bathinda,2025-02-24,128
P004,Pooja Articles,Malout,2025-02-24,126
P004,Pooja Articles,Mohali,2025-02-24,135
P004,Pooja Articles,Rajpura,2025-02-24,121
P004,Pooja Articles,Patiala,2025-02-24,171
P005,Gift Hamper,Bathinda,2025-02-24,270
P005,Gift Hamper,Malout,2025-02-24,194
P005,Gift Hamper,Mohali,2025-02-24,241
P005,Gift Hamper,Rajpura,2025-02-24,203
P005,Gift Hamper,Patiala,2025-02-24,249
P001,Soft Drink ,Bathinda,2025-02-25,220
P001,Soft Drink ,Malout,2025-02-25,195
P001,Soft Drink ,Mohali,2025-02-25,165
P001,Soft Drink ,Rajpura,2025-02-25,183
P001,Soft Drink ,Patiala,2025-02-25,146
P002,Sweets ,Bathinda,2025-02-25,136
P002,Sweets ,Malout,2025-02-25,196
P002,Sweets ,Mohali,2025-02-25,76
P002,Sweets ,Rajpura,2025-02-25,138
P002,Sweets ,Patiala,2025-02-25,118
P003,Moisturizer ,Bathinda,2025-02-25,50
P003,Moisturizer ,Malout,2025-02-25,105
P003,Moisturizer ,Mohali,2025-02-25,76
P003,Moisturizer ,Rajpura,2025-02-25,64
P003,Moisturizer ,Patiala,2025-02-25,81
P004,Pooja Articles,Bathinda,2025-02-25,155
P004,Pooja Articles,Malout,2025-02-25,188
P004,Pooja Articles,Mohali,2025-02-25,148
P004,Pooja Articles,Rajpura,2025-02-25,122
P004,Pooja Articles,Patiala,2025-02-25,158
P005,Gift Hamper,Bathinda,2025-02-25,225
P005,Gift Hamper,Malout,2025-02-25,233
P005,Gift Hamper,Mohali,2025-02-25,243
P005,Gift Hamper,Rajpura,2025-02-25,236
P005,Gift Hamper,Patiala,2025-02-25,234
P001,Soft Drink ,Bathinda,2025-02-26,183
P001,Soft Drink ,Malout,2025-02-26,211
P001,Soft Drink ,Mohali,2025-02-26,185
P001,Soft Drink ,Rajpura,2025-02-26,169
P001,Soft Drink ,Patiala,2025-02-26,129
P002,Sweets ,Bathinda,2025-02-26,111
P002,Sweets ,Malout,2025-02-26,66
P002,Sweets ,Mohali,2025-02-26,148
P002,Sweets ,Rajpura,2025-02-26,146
P002,Sweets ,Patiala,2025-02-26,101
P003,Moisturizer ,Bathinda,2025-02-26,77
P003,Moisturizer ,Malout,2025-02-26,84
P003,Moisturizer ,Mohali,2025-02-26,69
P003,Moisturizer ,Rajpura,2025-02-26,99
P003,Moisturizer ,Patiala,2025-02-26,141
P004,Pooja Articles,Bathinda,2025-02-26,142
P004,Pooja Articles,Malout,2025-02-26,150
P004,Pooja Articles,Mohali,2025-02-26,136
P004,Pooja Articles,Rajpura,2025-02-26,118
P004,Pooja Articles,Patiala,2025-02-26,174
P005,Gift Hamper,Bathinda,2025-02-26,207
P005,Gift Hamper,Malout,2025-02-26,178
P005,Gift Hamper,Mohali,2025-02-26,225
P005,Gift Hamper,Rajpura,2025-02-26,230
P005,Gift Hamper,Patiala,2025-02-26,209
P001,Soft Drink ,Bathinda,2025-02-27,179
P001,Soft Drink ,Malout,2025-02-27,231
P001,Soft Drink ,Mohali,2025-02-27,161
P001,Soft Drink ,Rajpura,2025-02-27,149
P001,Soft Drink ,Patiala,2025-02-27,185
P002,Sweets ,Bathinda,2025-02-27,108
P002,Sweets ,Malout,2025-02-27,102
P002,Sweets ,Mohali,2025-02-27,125
P002,Sweets ,Rajpura,2025-02-27,147
P002,Sweets ,Patiala,2025-02-27,142
P003,Moisturizer ,Bathinda,2025-02-27,27
P003,Moisturizer ,Malout,2025-02-27,43
P003,Moisturizer ,Mohali,2025-02-27,70
P003,Moisturizer ,Rajpura,2025-02-27,27
P003,Moisturizer ,Patiala,2025-02-27,78
P004,Pooja Articles,Bathinda,2025-02-27,120
P004,Pooja Articles,Malout,2025-02-27,116
P004,Pooja Articles,Mohali,2025-02-27,139
P004,Pooja Articles,Rajpura,2025-02-27,179
P004,Pooja Articles,Patiala,2025-02-27,176
P005,Gift Hamper,Bathinda,2025-02-27,188
P005,Gift Hamper,Malout,2025-02-27,199
P005,Gift Hamper,Mohali,2025-02-27,220
P005,Gift Hamper,Rajpura,2025-02-27,197
P005,Gift Hamper,Patiala,2025-02-27,249
P001,Soft Drink ,Bathinda,2025-02-28,194
P001,Soft Drink ,Malout,2025-02-28,175
P001,Soft Drink ,Mohali,2025-02-28,142
P001,Soft Drink ,Rajpura,2025-02-28,182
P001,Soft Drink ,Patiala,2025-02-28,192
P002,Sweets ,Bathinda,2025-02-28,102
P002,Sweets ,Malout,2025-02-28,108
P002,Sweets ,Mohali,2025-02-28,113
P002,Sweets ,Rajpura,2025-02-28,83
P002,Sweets ,Patiala,2025-02-28,175
P003,Moisturizer ,Bathinda,2025-02-28,51
P003,Moisturizer ,Malout,2025-02-28,41
P003,Moisturizer ,Mohali,2025-02-28,72
P003,Moisturizer ,Rajpura,2025-02-28,59
P003,Moisturizer ,Patiala,2025-02-28,29
P004,Pooja Articles,Bathinda,2025-02-28,86
P004,Pooja Articles,Malout,2025-02-28,116
P004,Pooja Articles,Mohali,2025-02-28,190
P004,Pooja Articles,Rajpura,2025-02-28,174
P004,Pooja Articles,Patiala,2025-02-28,212
P005,Gift Hamper,Bathinda,2025-02-28,236
P005,Gift Hamper,Malout,2025-02-28,209
P005,Gift Hamper,Mohali,2025-02-28,178
P005,Gift Hamper,Rajpura,2025-02-28,186
P005,Gift Hamper,Patiala,2025-02-28,228
P001,Soft Drink ,Bathinda,2025-03-01,188
P001,Soft Drink ,Malout,2025-03-01,199
P001,Soft Drink ,Mohali,2025-03-01,168
P001,Soft Drink ,Rajpura,2025-03-01,202
P001,Soft Drink ,Patiala,2025-03-01,182
P002,Sweets ,Bathinda,2025-03-01,66
P002,Sweets ,Malout,2025-03-01,143
P002,Sweets ,Mohali,2025-03-01,103
P002,Sweets ,Rajpura,2025-03-01,104
P002,Sweets ,Patiala,2025-03-01,128
P003,Moisturizer ,Bathinda,2025-03-01,95
P003,Moisturizer ,Malout,2025-03-01,45
P003,Moisturizer ,Mohali,2025-03-01,59
P003,Moisturizer ,Rajpura,2025-03-01,34
P003,Moisturizer ,Patiala,2025-03-01,73
P004,Pooja Articles,Bathinda,2025-03-01,102
P004,Pooja Articles,Malout,2025-03-01,163
P004,Pooja Articles,Mohali,2025-03-01,123
P004,Pooja Articles,Rajpura,2025-03-01,146
P004,Pooja Articles,Patiala,2025-03-01,135
P005,Gift Hamper,Bathinda,2025-03-01,152
P005,Gift Hamper,Malout,2025-03-01,226
P005,Gift Hamper,Mohali,2025-03-01,230
P005,Gift Hamper,Rajpura,2025-03-01,155
P005,Gift Hamper,Patiala,2025-03-01,218
P001,Soft Drink ,Bathinda,2025-03-02,202
P001,Soft Drink ,Malout,2025-03-02,150
P001,Soft Drink ,Mohali,2025-03-02,197
P001,Soft Drink ,Rajpura,2025-03-02,156
P001,Soft Drink ,Patiala,2025-03-02,162
P002,Sweets ,Bathinda,2025-03-02,125
P002,Sweets ,Malout,2025-03-02,85
P002,Sweets ,Mohali,2025-03-02,113
P002,Sweets ,Rajpura,2025-03-02,101
P002,Sweets ,Patiala,2025-03-02,163
P003,Moisturizer ,Bathinda,2025-03-02,49
P003,Moisturizer ,Malout,2025-03-02,89
P003,Moisturizer ,Mohali,2025-03-02,51
P003,Moisturizer ,Rajpura,2025-03-02,30
P003,Moisturizer ,Patiala,2025-03-02,79
P004,Pooja Articles,Bathinda,2025-03-02,135
P004,Pooja Articles,Malout,2025-03-02,162
P004,Pooja Articles,Mohali,2025-03-02,154
P004,Pooja Articles,Rajpura,2025-03-02,134
P004,Pooja Articles,Patiala,2025-03-02,100
P005,Gift Hamper,Bathinda,2025-03-02,183
P005,Gift Hamper,Malout,2025-03-02,204
P005,Gift Hamper,Mohali,2025-03-02,175
P005,Gift Hamper,Rajpura,2025-03-02,227
P005,Gift Hamper,Patiala,2025-03-02,265
P001,Soft Drink ,Bathinda,2025-03-03,154
P001,Soft Drink ,Malout,2025-03-03,136
P001,Soft Drink ,Mohali,2025-03-03,183
P001,Soft Drink ,Rajpura,2025-03-03,208
P001,Soft Drink ,Patiala,2025-03-03,215
P002,Sweets ,Bathinda,2025-03-03,172
P002,Sweets ,Malout,2025-03-03,152
P002,Sweets ,Mohali,2025-03-03,111
P002,Sweets ,Rajpura,2025-03-03,145
P002,Sweets ,Patiala,2025-03-03,115
P003,Moisturizer ,Bathinda,2025-03-03,35
P003,Moisturizer ,Malout,2025-03-03,58
P003,Moisturizer ,Mohali,2025-03-03,92
P003,Moisturizer ,Rajpura,2025-03-03,81
P003,Moisturizer ,Patiala,2025-03-03,16
P004,Pooja Articles,Bathinda,2025-03-03,175
P004,Pooja Articles,Malout,2025-03-03,162
P004,Pooja Articles,Mohali,2025-03-03,143
P004,Pooja Articles,Rajpura,2025-03-03,156
P004,Pooja Articles,Patiala,2025-03-03,133
P005,Gift Hamper,Bathinda,2025-03-03,198
P005,Gift Hamper,Malout,2025-03-03,274
P005,Gift Hamper,Mohali,2025-03-03,187
P005,Gift Hamper,Rajpura,2025-03-03,243
P005,Gift Hamper,Patiala,2025-03-03,240
P001,Soft Drink ,Bathinda,2025-03-04,173
P001,Soft Drink ,Malout,2025-03-04,153
P001,Soft Drink ,Mohali,2025-03-04,171
P001,Soft Drink ,Rajpura,2025-03-04,185
P001,Soft Drink ,Patiala,2025-03-04,208
P002,Sweets ,Bathinda,2025-03-04,137
P002,Sweets ,Malout,2025-03-04,95
P002,Sweets ,Mohali,2025-03-04,150
P002,Sweets ,Rajpura,2025-03-04,134
P002,Sweets ,Patiala,2025-03-04,143
P003,Moisturizer ,Bathinda,2025-03-04,77
P003,Moisturizer ,Malout,2025-03-04,40
P003,Moisturizer ,Mohali,2025-03-04,85
P003,Moisturizer ,Rajpura,2025-03-04,82
P003,Moisturizer ,Patiala,2025-03-04,77
P004,Pooja Articles,Bathinda,2025-03-04,157
P004,Pooja Articles,Malout,2025-03-04,150
P004,Pooja Articles,Mohali,2025-03-04,164
P004,Pooja Articles,Rajpura,2025-03-04,139
P004,Pooja Articles,Patiala,2025-03-04,123
P005,Gift Hamper,Bathinda,2025-03-04,220
P005,Gift Hamper,Malout,2025-03-04,209
P005,Gift Hamper,Mohali,2025-03-04,187
P005,Gift Hamper,Rajpura,2025-03-04,230
P005,Gift Hamper,Patiala,2025-03-04,240
P001,Soft Drink ,Bathinda,2025-03-05,171
P001,Soft Drink ,Malout,2025-03-05,155
P001,Soft Drink ,Mohali,2025-03-05,145
P001,Soft Drink ,Rajpura,2025-03-05,179
P001,Soft Drink ,Patiala,2025-03-05,145
P002,Sweets ,Bathinda,2025-03-05,118
P002,Sweets ,Malout,2025-03-05,102
P002,Sweets ,Mohali,2025-03-05,117
P002,Sweets ,Rajpura,2025-03-05,142
P002,Sweets ,Patiala,2025-03-05,110
P003,Moisturizer ,Bathinda,2025-03-05,17
P003,Moisturizer ,Malout,2025-03-05,49
P003,Moisturizer ,Mohali,2025-03-05,29
P003,Moisturizer ,Rajpura,2025-03-05,64
P003,Moisturizer ,Patiala,2025-03-05,50
P004,Pooja Articles,Bathinda,2025-03-05,166
P004,Pooja Articles,Malout,2025-03-05,164
P004,Pooja Articles,Mohali,2025-03-05,121
P004,Pooja Articles,Rajpura,2025-03-05,131
P004,Pooja Articles,Patiala,2025-03-05,171
P005,Gift Hamper,Bathinda,2025-03-05,260
P005,Gift Hamper,Malout,2025-03-05,208
P005,Gift Hamper,Mohali,2025-03-05,243
P005,Gift Hamper,Rajpura,2025-03-05,196
P005,Gift Hamper,Patiala,2025-03-05,212
P001,Soft Drink ,Bathinda,2025-03-06,167
P001,Soft Drink ,Malout,2025-03-06,156
P001,Soft Drink ,Mohali,2025-03-06,217
P001,Soft Drink ,Rajpura,2025-03-06,175
P001,Soft Drink ,Patiala,2025-03-06,151
P002,Sweets ,Bathinda,2025-03-06,99
P002,Sweets ,Malout,2025-03-06,120
P002,Sweets ,Mohali,2025-03-06,130
P002,Sweets ,Rajpura,2025-03-06,142
P002,Sweets ,Patiala,2025-03-06,95
P003,Moisturizer ,Bathinda,2025-03-06,66
P003,Moisturizer ,Malout,2025-03-06,49
P003,Moisturizer ,Mohali,2025-03-06,64
P003,Moisturizer ,Rajpura,2025-03-06,4
P003,Moisturizer ,Patiala,2025-03-06,80
P004,Pooja Articles,Bathinda,2025-03-06,138
P004,Pooja Articles,Malout,2025-03-06,133
P004,Pooja Articles,Mohali,2025-03-06,104
P004,Pooja Articles,Rajpura,2025-03-06,153
P004,Pooja Articles,Patiala,2025-03-06,137
P005,Gift Hamper,Bathinda,2025-03-06,186
P005,Gift Hamper,Malout,2025-03-06,215
P005,Gift Hamper,Mohali,2025-03-06,229
P005,Gift Hamper,Rajpura,2025-03-06,229
P005,Gift Hamper,Patiala,2025-03-06,213
P001,Soft Drink ,Bathinda,2025-03-07,220
P001,Soft Drink ,Malout,2025-03-07,212
P001,Soft Drink ,Mohali,2025-03-07,135
P001,Soft Drink ,Rajpura,2025-03-07,205
P001,Soft Drink ,Patiala,2025-03-07,148
P002,Sweets ,Bathinda,2025-03-07,103
P002,Sweets ,Malout,2025-03-07,106
P002,Sweets ,Mohali,2025-03-07,110
P002,Sweets ,Rajpura,2025-03-07,101
P002,Sweets ,Patiala,2025-03-07,128
P003,Moisturizer ,Bathinda,2025-03-07,101
P003,Moisturizer ,Malout,2025-03-07,82
P003,Moisturizer ,Mohali,2025-03-07,87
P003,Moisturizer ,Rajpura,2025-03-07,60
P003,Moisturizer ,Patiala,2025-03-07,92
P004,Pooja Articles,Bathinda,2025-03-07,183
P004,Pooja Articles,Malout,2025-03-07,139
P004,Pooja Articles,Mohali,2025-03-07,169
P004,Pooja Articles,Rajpura,2025-03-07,143
P004,Pooja Articles,Patiala,2025-03-07,151
P005,Gift Hamper,Bathinda,2025-03-07,183
P005,Gift Hamper,Malout,2025-03-07,194
P005,Gift Hamper,Mohali,2025-03-07,223
P005,Gift Hamper,Rajpura,2025-03-07,163
P005,Gift Hamper,Patiala,2025-03-07,203
P001,Soft Drink ,Bathinda,2025-03-08,210
P001,Soft Drink ,Malout,2025-03-08,168
P001,Soft Drink ,Mohali,2025-03-08,168
P001,Soft Drink ,Rajpura,2025-03-08,178
P001,Soft Drink ,Patiala,2025-03-08,186
P002,Sweets ,Bathinda,2025-03-08,133
P002,Sweets ,Malout,2025-03-08,113
P002,Sweets ,Mohali,2025-03-08,126
P002,Sweets ,Rajpura,2025-03-08,109
P002,Sweets ,Patiala,2025-03-08,152
P003,Moisturizer ,Bathinda,2025-03-08,54
P003,Moisturizer ,Malout,2025-03-08,129
P003,Moisturizer ,Mohali,2025-03-08,6
P003,Moisturizer ,Rajpura,2025-03-08,102
P003,Moisturizer ,Patiala,2025-03-08,34
P004,Pooja Articles,Bathinda,2025-03-08,168
P004,Pooja Articles,Malout,2025-03-08,198
P004,Pooja Articles,Mohali,2025-03-08,143
P004,Pooja Articles,Rajpura,2025-03-08,188
P004,Pooja Articles,Patiala,2025-03-08,125
P005,Gift Hamper,Bathinda,2025-03-08,232
P005,Gift Hamper,Malout,2025-03-08,242
P005,Gift Hamper,Mohali,2025-03-08,201
P005,Gift Hamper,Rajpura,2025-03-08,228
P005,Gift Hamper,Patiala,2025-03-08,224
P001,Soft Drink ,Bathinda,2025-03-09,152
P001,Soft Drink ,Malout,2025-03-09,177
P001,Soft Drink ,Mohali,2025-03-09,151
P001,Soft Drink ,Rajpura,2025-03-09,182
P001,Soft Drink ,Patiala,2025-03-09,188
P002,Sweets ,Bathinda,2025-03-09,99
P002,Sweets ,Malout,2025-03-09,108
P002,Sweets ,Mohali,2025-03-09,107
P002,Sweets ,Rajpura,2025-03-09,133
P002,Sweets ,Patiala,2025-03-09,136
P003,Moisturizer ,Bathinda,2025-03-09,112
P003,Moisturizer ,Malout,2025-03-09,78
P003,Moisturizer ,Mohali,2025-03-09,55
P003,Moisturizer ,Rajpura,2025-03-09,29
P003,Moisturizer ,Patiala,2025-03-09,10
P004,Pooja Articles,Bathinda,2025-03-09,126
P004,Pooja Articles,Malout,2025-03-09,162
P004,Pooja Articles,Mohali,2025-03-09,170
P004,Pooja Articles,Rajpura,2025-03-09,130
P004,Pooja Articles,Patiala,2025-03-09,157
P005,Gift Hamper,Bathinda,2025-03-09,229
P005,Gift Hamper,Malout,2025-03-09,229
P005,Gift Hamper,Mohali,2025-03-09,224
P005,Gift Hamper,Rajpura,2025-03-09,225
P005,Gift Hamper,Patiala,2025-03-09,258
P001,Soft Drink ,Bathinda,2025-03-10,224
P001,Soft Drink ,Malout,2025-03-10,157
P001,Soft Drink ,Mohali,2025-03-10,165
P001,Soft Drink ,Rajpura,2025-03-10,152
P001,Soft Drink ,Patiala,2025-03-10,176
P002,Sweets ,Bathinda,2025-03-10,124
P002,Sweets ,Malout,2025-03-10,118
P002,Sweets ,Mohali,2025-03-10,138
P002,Sweets ,Rajpura,2025-03-10,197
P002,Sweets ,Patiala,2025-03-10,106
P003,Moisturizer ,Bathinda,2025-03-10,74
P003,Moisturizer ,Malout,2025-03-10,39
P003,Moisturizer ,Mohali,2025-03-10,43
P003,Moisturizer ,Rajpura,2025-03-10,74
P003,Moisturizer ,Patiala,2025-03-10,66
P004,Pooja Articles,Bathinda,2025-03-10,146
P004,Pooja Articles,Malout,2025-03-10,183
P004,Pooja Articles,Mohali,2025-03-10,128
P004,Pooja Articles,Rajpura,2025-03-10,134
P004,Pooja Articles,Patiala,2025-03-10,114
P005,Gift Hamper,Bathinda,2025-03-10,213
P005,Gift Hamper,Malout,2025-03-10,149
P005,Gift Hamper,Mohali,2025-03-10,238
P005,Gift Hamper,Rajpura,2025-03-10,265
P005,Gift Hamper,Patiala,2025-03-10,208
P001,Soft Drink ,Bathinda,2025-03-11,232
P001,Soft Drink ,Malout,2025-03-11,184
P001,Soft Drink ,Mohali,2025-03-11,184
P001,Soft Drink ,Rajpura,2025-03-11,184
P001,Soft Drink ,Patiala,2025-03-11,197
P002,Sweets ,Bathinda,2025-03-11,138
P002,Sweets ,Malout,2025-03-11,115
P002,Sweets ,Mohali,2025-03-11,114
P002,Sweets ,Rajpura,2025-03-11,109
P002,Sweets ,Patiala,2025-03-11,159
P003,Moisturizer ,Bathinda,2025-03-11,75
P003,Moisturizer ,Malout,2025-03-11,76
P003,Moisturizer ,Mohali,2025-03-11,56
P003,Moisturizer ,Rajpura,2025-03-11,71
P003,Moisturizer ,Patiala,2025-03-11,38
P004,Pooja Articles,Bathinda,2025-03-11,157
P004,Pooja Articles,Malout,2025-03-11,150
P004,Pooja Articles,Mohali,2025-03-11,141
P004,Pooja Articles,Rajpura,2025-03-11,170
P004,Pooja Articles,Patiala,2025-03-11,143
P005,Gift Hamper,Bathinda,2025-03-11,205
P005,Gift Hamper,Malout,2025-03-11,214
P005,Gift Hamper,Mohali,2025-03-11,278
P005,Gift Hamper,Rajpura,2025-03-11,225
P005,Gift Hamper,Patiala,2025-03-11,215
P001,Soft Drink ,Bathinda,2025-03-12,163
P001,Soft Drink ,Malout,2025-03-12,178
P001,Soft Drink ,Mohali,2025-03-12,138
P001,Soft Drink ,Rajpura,2025-03-12,166
P001,Soft Drink ,Patiala,2025-03-12,186
P002,Sweets ,Bathinda,2025-03-12,97
P002,Sweets ,Malout,2025-03-12,118
P002,Sweets ,Mohali,2025-03-12,119
P002,Sweets ,Rajpura,2025-03-12,97
P002,Sweets ,Patiala,2025-03-12,132
P003,Moisturizer ,Bathinda,2025-03-12,50
P003,Moisturizer ,Malout,2025-03-12,92
P003,Moisturizer ,Mohali,2025-03-12,88
P003,Moisturizer ,Rajpura,2025-03-12,78
P003,Moisturizer ,Patiala,2025-03-12,32
P004,Pooja Articles,Bathinda,2025-03-12,157
P004,Pooja Articles,Malout,2025-03-12,144
P004,Pooja Articles,Mohali,2025-03-12,138
P004,Pooja Articles,Rajpura,2025-03-12,167
P004,Pooja Articles,Patiala,2025-03-12,183
P005,Gift Hamper,Bathinda,2025-03-12,235
P005,Gift Hamper,Malout,2025-03-12,235
P005,Gift Hamper,Mohali,2025-03-12,245
P005,Gift Hamper,Rajpura,2025-03-12,193
P005,Gift Hamper,Patiala,2025-03-12,221
P001,Soft Drink ,Bathinda,2025-03-13,208
P001,Soft Drink ,Malout,2025-03-13,177
P001,Soft Drink ,Mohali,2025-03-13,202
P001,Soft Drink ,Rajpura,2025-03-13,171
P001,Soft Drink ,Patiala,2025-03-13,158
P002,Sweets ,Bathinda,2025-03-13,69
P002,Sweets ,Malout,2025-03-13,149
P002,Sweets ,Mohali,2025-03-13,130
P002,Sweets ,Rajpura,2025-03-13,130
P002,Sweets ,Patiala,2025-03-13,153
P003,Moisturizer ,Bathinda,2025-03-13,58
P003,Moisturizer ,Malout,2025-03-13,24
P003,Moisturizer ,Mohali,2025-03-13,66
P003,Moisturizer ,Rajpura,2025-03-13,70
P003,Moisturizer ,Patiala,2025-03-13,52
P004,Pooja Articles,Bathinda,2025-03-13,105
P004,Pooja Articles,Malout,2025-03-13,141
P004,Pooja Articles,Mohali,2025-03-13,167
P004,Pooja Articles,Rajpura,2025-03-13,117
P004,Pooja Articles,Patiala,2025-03-13,163
P005,Gift Hamper,Bathinda,2025-03-13,227
P005,Gift Hamper,Malout,2025-03-13,228
P005,Gift Hamper,Mohali,2025-03-13,240
P005,Gift Hamper,Rajpura,2025-03-13,232
P005,Gift Hamper,Patiala,2025-03-13,207
P001,Soft Drink ,Bathinda,2025-03-14,151
P001,Soft Drink ,Malout,2025-03-14,185
P001,Soft Drink ,Mohali,2025-03-14,170
P001,Soft Drink ,Rajpura,2025-03-14,192
P001,Soft Drink ,Patiala,2025-03-14,217
P002,Sweets ,Bathinda,2025-03-14,112
P002,Sweets ,Malout,2025-03-14,125
P002,Sweets ,Mohali,2025-03-14,156
P002,Sweets ,Rajpura,2025-03-14,122
P002,Sweets ,Patiala,2025-03-14,144
P003,Moisturizer ,Bathinda,2025-03-14,49
P003,Moisturizer ,Malout,2025-03-14,59
P003,Moisturizer ,Mohali,2025-03-14,83
P003,Moisturizer ,Rajpura,2025-03-14,31
P003,Moisturizer ,Patiala,2025-03-14,55
P004,Pooja Articles,Bathinda,2025-03-14,148
P004,Pooja Articles,Malout,2025-03-14,162
P004,Pooja Articles,Mohali,2025-03-14,161
P004,Pooja Articles,Rajpura,2025-03-14,109
P004,Pooja Articles,Patiala,2025-03-14,165
P005,Gift Hamper,Bathinda,2025-03-14,219
P005,Gift Hamper,Malout,2025-03-14,184
P005,Gift Hamper,Mohali,2025-03-14,251
P005,Gift Hamper,Rajpura,2025-03-14,247
P005,Gift Hamper,Patiala,2025-03-14,240
P001,Soft Drink ,Bathinda,2025-03-15,207
P001,Soft Drink ,Malout,2025-03-15,137
P001,Soft Drink ,Mohali,2025-03-15,166
P001,Soft Drink ,Rajpura,2025-03-15,175
P001,Soft Drink ,Patiala,2025-03-15,203
P002,Sweets ,Bathinda,2025-03-15,95
P002,Sweets ,Malout,2025-03-15,110
P002,Sweets ,Mohali,2025-03-15,136
P002,Sweets ,Rajpura,2025-03-15,117
P002,Sweets ,Patiala,2025-03-15,94
P003,Moisturizer ,Bathinda,2025-03-15,87
P003,Moisturizer ,Malout,2025-03-15,77
P003,Moisturizer ,Mohali,2025-03-15,77
P003,Moisturizer ,Rajpura,2025-03-15,32
P003,Moisturizer ,Patiala,2025-03-15,67
P004,Pooja Articles,Bathinda,2025-03-15,174
P004,Pooja Articles,Malout,2025-03-15,142
P004,Pooja Articles,Mohali,2025-03-15,119
P004,Pooja Articles,Rajpura,2025-03-15,194
P004,Pooja Articles,Patiala,2025-03-15,135
P005,Gift Hamper,Bathinda,2025-03-15,229
P005,Gift Hamper,Malout,2025-03-15,223
P005,Gift Hamper,Mohali,2025-03-15,235
P005,Gift Hamper,Rajpura,2025-03-15,193
P005,Gift Hamper,Patiala,2025-03-15,248
P001,Soft Drink ,Bathinda,2025-03-16,191
P001,Soft Drink ,Malout,2025-03-16,191
P001,Soft Drink ,Mohali,2025-03-16,143
P001,Soft Drink ,Rajpura,2025-03-16,178
P001,Soft Drink ,Patiala,2025-03-16,159
P002,Sweets ,Bathinda,2025-03-16,98
P002,Sweets ,Malout,2025-03-16,140
P002,Sweets ,Mohali,2025-03-16,149
P002,Sweets ,Rajpura,2025-03-16,117
P002,Sweets ,Patiala,2025-03-16,119
P003,Moisturizer ,Bathinda,2025-03-16,62
P003,Moisturizer ,Malout,2025-03-16,28
P003,Moisturizer ,Mohali,2025-03-16,70
P003,Moisturizer ,Rajpura,2025-03-16,77
P003,Moisturizer ,Patiala,2025-03-16,99
P004,Pooja Articles,Bathinda,2025-03-16,155
P004,Pooja Articles,Malout,2025-03-16,183
P004,Pooja Articles,Mohali,2025-03-16,180
P004,Pooja Articles,Rajpura,2025-03-16,133
P004,Pooja Articles,Patiala,2025-03-16,166
P005,Gift Hamper,Bathinda,2025-03-16,205
P005,Gift Hamper,Malout,2025-03-16,198
P005,Gift Hamper,Mohali,2025-03-16,221
P005,Gift Hamper,Rajpura,2025-03-16,247
P005,Gift Hamper,Patiala,2025-03-16,214
P001,Soft Drink ,Bathinda,2025-03-17,190
P001,Soft Drink ,Malout,2025-03-17,161
P001,Soft Drink ,Mohali,2025-03-17,150
P001,Soft Drink ,Rajpura,2025-03-17,185
P001,Soft Drink ,Patiala,2025-03-17,162
P002,Sweets ,Bathinda,2025-03-17,142
P002,Sweets ,Malout,2025-03-17,156
P002,Sweets ,Mohali,2025-03-17,57
P002,Sweets ,Rajpura,2025-03-17,114
P002,Sweets ,Patiala,2025-03-17,137
P003,Moisturizer ,Bathinda,2025-03-17,36
P003,Moisturizer ,Malout,2025-03-17,68
P003,Moisturizer ,Mohali,2025-03-17,65
P003,Moisturizer ,Rajpura,2025-03-17,24
P003,Moisturizer ,Patiala,2025-03-17,80
P004,Pooja Articles,Bathinda,2025-03-17,171
P004,Pooja Articles,Malout,2025-03-17,158
P004,Pooja Articles,Mohali,2025-03-17,196
P004,Pooja Articles,Rajpura,2025-03-17,155
P004,Pooja Articles,Patiala,2025-03-17,165
P005,Gift Hamper,Bathinda,2025-03-17,202
P005,Gift Hamper,Malout,2025-03-17,228
P005,Gift Hamper,Mohali,2025-03-17,240
P005,Gift Hamper,Rajpura,2025-03-17,197
P005,Gift Hamper,Patiala,2025-03-17,210
P001,Soft Drink ,Bathinda,2025-03-18,173
P001,Soft Drink ,Malout,2025-03-18,116
P001,Soft Drink ,Mohali,2025-03-18,175
P001,Soft Drink ,Rajpura,2025-03-18,188
P001,Soft Drink ,Patiala,2025-03-18,200
P002,Sweets ,Bathinda,2025-03-18,131
P002,Sweets ,Malout,2025-03-18,141
P002,Sweets ,Mohali,2025-03-18,166
P002,Sweets ,Rajpura,2025-03-18,100
P002,Sweets ,Patiala,2025-03-18,121
P003,Moisturizer ,Bathinda,2025-03-18,46
P003,Moisturizer ,Malout,2025-03-18,65
P003,Moisturizer ,Mohali,2025-03-18,55
P003,Moisturizer ,Rajpura,2025-03-18,93
P003,Moisturizer ,Patiala,2025-03-18,53
P004,Pooja Articles,Bathinda,2025-03-18,152
P004,Pooja Articles,Malout,2025-03-18,169
P004,Pooja Articles,Mohali,2025-03-18,147
P004,Pooja Articles,Rajpura,2025-03-18,170
P004,Pooja Articles,Patiala,2025-03-18,164
P005,Gift Hamper,Bathinda,2025-03-18,224
P005,Gift Hamper,Malout,2025-03-18,252
P005,Gift Hamper,Mohali,2025-03-18,245
P005,Gift Hamper,Rajpura,2025-03-18,222
P005,Gift Hamper,Patiala,2025-03-18,217
P001,Soft Drink ,Bathinda,2025-03-19,187
P001,Soft Drink ,Malout,2025-03-19,180
P001,Soft Drink ,Mohali,2025-03-19,199
P001,Soft Drink ,Rajpura,2025-03-19,145
P001,Soft Drink ,Patiala,2025-03-19,146
P002,Sweets ,Bathinda,2025-03-19,96
P002,Sweets ,Malout,2025-03-19,101
P002,Sweets ,Mohali,2025-03-19,118
P002,Sweets ,Rajpura,2025-03-19,150
P002,Sweets ,Patiala,2025-03-19,138
P003,Moisturizer ,Bathinda,2025-03-19,31
P003,Moisturizer ,Malout,2025-03-19,73
P003,Moisturizer ,Mohali,2025-03-19,59
P003,Moisturizer ,Rajpura,2025-03-19,76
P003,Moisturizer ,Patiala,2025-03-19,87
P004,Pooja Articles,Bathinda,2025-03-19,133
P004,Pooja Articles,Malout,2025-03-19,87
P004,Pooja Articles,Mohali,2025-03-19,149
P004,Pooja Articles,Rajpura,2025-03-19,117
P004,Pooja Articles,Patiala,2025-03-19,145
P005,Gift Hamper,Bathinda,2025-03-19,218
P005,Gift Hamper,Malout,2025-03-19,199
P005,Gift Hamper,Mohali,2025-03-19,236
P005,Gift Hamper,Rajpura,2025-03-19,179
P005,Gift Hamper,Patiala,2025-03-19,227
P001,Soft Drink ,Bathinda,2025-03-20,149
P001,Soft Drink ,Malout,2025-03-20,185
P001,Soft Drink ,Mohali,2025-03-20,204
P001,Soft Drink ,Rajpura,2025-03-20,200
P001,Soft Drink ,Patiala,2025-03-20,176
P002,Sweets ,Bathinda,2025-03-20,152
P002,Sweets ,Malout,2025-03-20,134
P002,Sweets ,Mohali,2025-03-20,180
P002,Sweets ,Rajpura,2025-03-20,94
P002,Sweets ,Patiala,2025-03-20,106
P003,Moisturizer ,Bathinda,2025-03-20,67
P003,Moisturizer ,Malout,2025-03-20,77
P003,Moisturizer ,Mohali,2025-03-20,97
P003,Moisturizer ,Rajpura,2025-03-20,17
P003,Moisturizer ,Patiala,2025-03-20,68
P004,Pooja Articles,Bathinda,2025-03-20,137
P004,Pooja Articles,Malout,2025-03-20,167
P004,Pooja Articles,Mohali,2025-03-20,139
P004,Pooja Articles,Rajpura,2025-03-20,121
P004,Pooja Articles,Patiala,2025-03-20,130
P005,Gift Hamper,Bathinda,2025-03-20,217
P005,Gift Hamper,Malout,2025-03-20,188
P005,Gift Hamper,Mohali,2025-03-20,237
P005,Gift Hamper,Rajpura,2025-03-20,203
P005,Gift Hamper,Patiala,2025-03-20,198
P001,Soft Drink ,Bathinda,2025-03-21,165
P001,Soft Drink ,Malout,2025-03-21,215
P001,Soft Drink ,Mohali,2025-03-21,205
P001,Soft Drink ,Rajpura,2025-03-21,215
P001,Soft Drink ,Patiala,2025-03-21,160
P002,Sweets ,Bathinda,2025-03-21,135
P002,Sweets ,Malout,2025-03-21,157
P002,Sweets ,Mohali,2025-03-21,148
P002,Sweets ,Rajpura,2025-03-21,133
P002,Sweets ,Patiala,2025-03-21,94
P003,Moisturizer ,Bathinda,2025-03-21,86
P003,Moisturizer ,Malout,2025-03-21,40
P003,Moisturizer ,Mohali,2025-03-21,57
P003,Moisturizer ,Rajpura,2025-03-21,111
P003,Moisturizer ,Patiala,2025-03-21,75
P004,Pooja Articles,Bathinda,2025-03-21,158
P004,Pooja Articles,Malout,2025-03-21,143
P004,Pooja Articles,Mohali,2025-03-21,165
P004,Pooja Articles,Rajpura,2025-03-21,89
P004,Pooja Articles,Patiala,2025-03-21,132
P005,Gift Hamper,Bathinda,2025-03-21,213
P005,Gift Hamper,Malout,2025-03-21,228
P005,Gift Hamper,Mohali,2025-03-21,257
P005,Gift Hamper,Rajpura,2025-03-21,233
P005,Gift Hamper,Patiala,2025-03-21,224
P001,Soft Drink ,Bathinda,2025-03-22,108
P001,Soft Drink ,Malout,2025-03-22,152
P001,Soft Drink ,Mohali,2025-03-22,175
P001,Soft Drink ,Rajpura,2025-03-22,193
P001,Soft Drink ,Patiala,2025-03-22,140
P002,Sweets ,Bathinda,2025-03-22,141
P002,Sweets ,Malout,2025-03-22,117
P002,Sweets ,Mohali,2025-03-22,121
P002,Sweets ,Rajpura,2025-03-22,89
P002,Sweets ,Patiala,2025-03-22,170
P003,Moisturizer ,Bathinda,2025-03-22,32
P003,Moisturizer ,Malout,2025-03-22,58
P003,Moisturizer ,Mohali,2025-03-22,46
P003,Moisturizer ,Rajpura,2025-03-22,94
P003,Moisturizer ,Patiala,2025-03-22,72
P004,Pooja Articles,Bathinda,2025-03-22,128
P004,Pooja Articles,Malout,2025-03-22,148
P004,Pooja Articles,Mohali,2025-03-22,161
P004,Pooja Articles,Rajpura,2025-03-22,102
P004,Pooja Articles,Patiala,2025-03-22,148
P005,Gift Hamper,Bathinda,2025-03-22,205
P005,Gift Hamper,Malout,2025-03-22,189
P005,Gift Hamper,Mohali,2025-03-22,216
P005,Gift Hamper,Rajpura,2025-03-22,238
P005,Gift Hamper,Patiala,2025-03-22,187
P001,Soft Drink ,Bathinda,2025-03-23,158
P001,Soft Drink ,Malout,2025-03-23,193
P001,Soft Drink ,Mohali,2025-03-23,207
P001,Soft Drink ,Rajpura,2025-03-23,189
P001,Soft Drink ,Patiala,2025-03-23,178
P002,Sweets ,Bathinda,2025-03-23,146
P002,Sweets ,Malout,2025-03-23,138
P002,Sweets ,Mohali,2025-03-23,191
P002,Sweets ,Rajpura,2025-03-23,84
P002,Sweets ,Patiala,2025-03-23,111
P003,Moisturizer ,Bathinda,2025-03-23,3
P003,Moisturizer ,Malout,2025-03-23,140
P003,Moisturizer ,Mohali,2025-03-23,68
P003,Moisturizer ,Rajpura,2025-03-23,51
P003,Moisturizer ,Patiala,2025-03-23,41
P004,Pooja Articles,Bathinda,2025-03-23,144
P004,Pooja Articles,Malout,2025-03-23,101
P004,Pooja Articles,Mohali,2025-03-23,142
P004,Pooja Articles,Rajpura,2025-03-23,154
P004,Pooja Articles,Patiala,2025-03-23,143
P005,Gift Hamper,Bathinda,2025-03-23,214
P005,Gift Hamper,Malout,2025-03-23,231
P005,Gift Hamper,Mohali,2025-03-23,219
P005,Gift Hamper,Rajpura,2025-03-23,217
P005,Gift Hamper,Patiala,2025-03-23,241
P001,Soft Drink ,Bathinda,2025-03-24,209
P001,Soft Drink ,Malout,2025-03-24,170
P001,Soft Drink ,Mohali,2025-03-24,138
P001,Soft Drink ,Rajpura,2025-03-24,189
P001,Soft Drink ,Patiala,2025-03-24,189
P002,Sweets ,Bathinda,2025-03-24,89
P002,Sweets ,Malout,2025-03-24,99
P002,Sweets ,Mohali,2025-03-24,140
P002,Sweets ,Rajpura,2025-03-24,142
P002,Sweets ,Patiala,2025-03-24,74
P003,Moisturizer ,Bathinda,2025-03-24,64
P003,Moisturizer ,Malout,2025-03-24,36
P003,Moisturizer ,Mohali,2025-03-24,68
P003,Moisturizer ,Rajpura,2025-03-24,79
P003,Moisturizer ,Patiala,2025-03-24,30
P004,Pooja Articles,Bathinda,2025-03-24,186
P004,Pooja Articles,Malout,2025-03-24,151
P004,Pooja Articles,Mohali,2025-03-24,136
P004,Pooja Articles,Rajpura,2025-03-24,144
P004,Pooja Articles,Patiala,2025-03-24,121
P005,Gift Hamper,Bathinda,2025-03-24,248
P005,Gift Hamper,Malout,2025-03-24,232
P005,Gift Hamper,Mohali,2025-03-24,254
P005,Gift Hamper,Rajpura,2025-03-24,232
P005,Gift Hamper,Patiala,2025-03-24,202
P001,Soft Drink ,Bathinda,2025-03-25,147
P001,Soft Drink ,Malout,2025-03-25,220
P001,Soft Drink ,Mohali,2025-03-25,163
P001,Soft Drink ,Rajpura,2025-03-25,220
P001,Soft Drink ,Patiala,2025-03-25,175
P002,Sweets ,Bathinda,2025-03-25,123
P002,Sweets ,Malout,2025-03-25,113
P002,Sweets ,Mohali,2025-03-25,128
P002,Sweets ,Rajpura,2025-03-25,145
P002,Sweets ,Patiala,2025-03-25,110
P003,Moisturizer ,Bathinda,2025-03-25,79
P003,Moisturizer ,Malout,2025-03-25,63
P003,Moisturizer ,Mohali,2025-03-25,97
P003,Moisturizer ,Rajpura,2025-03-25,49
P003,Moisturizer ,Patiala,2025-03-25,71
P004,Pooja Articles,Bathinda,2025-03-25,119
P004,Pooja Articles,Malout,2025-03-25,136
P004,Pooja Articles,Mohali,2025-03-25,186
P004,Pooja Articles,Rajpura,2025-03-25,179
P004,Pooja Articles,Patiala,2025-03-25,113
P005,Gift Hamper,Bathinda,2025-03-25,197
P005,Gift Hamper,Malout,2025-03-25,190
P005,Gift Hamper,Mohali,2025-03-25,180
P005,Gift Hamper,Rajpura,2025-03-25,255
P005,Gift Hamper,Patiala,2025-03-25,202
P001,Soft Drink ,Bathinda,2025-03-26,223
P001,Soft Drink ,Malout,2025-03-26,197
P001,Soft Drink ,Mohali,2025-03-26,192
P001,Soft Drink ,Rajpura,2025-03-26,191
P001,Soft Drink ,Patiala,2025-03-26,194
P002,Sweets ,Bathinda,2025-03-26,109
P002,Sweets ,Malout,2025-03-26,114
P002,Sweets ,Mohali,2025-03-26,135
P002,Sweets ,Rajpura,2025-03-26,86
P002,Sweets ,Patiala,2025-03-26,113
P003,Moisturizer ,Bathinda,2025-03-26,78
P003,Moisturizer ,Malout,2025-03-26,50
P003,Moisturizer ,Mohali,2025-03-26,34
P003,Moisturizer ,Rajpura,2025-03-26,65
P003,Moisturizer ,Patiala,2025-03-26,50
P004,Pooja Articles,Bathinda,2025-03-26,183
P004,Pooja Articles,Malout,2025-03-26,165
P004,Pooja Articles,Mohali,2025-03-26,143
P004,Pooja Articles,Rajpura,2025-03-26,157
P004,Pooja Articles,Patiala,2025-03-26,164
P005,Gift Hamper,Bathinda,2025-03-26,228
P005,Gift Hamper,Malout,2025-03-26,247
P005,Gift Hamper,Mohali,2025-03-26,258
P005,Gift Hamper,Rajpura,2025-03-26,199
P005,Gift Hamper,Patiala,2025-03-26,193
P001,Soft Drink ,Bathinda,2025-03-27,144
P001,Soft Drink ,Malout,2025-03-27,215
P001,Soft Drink ,Mohali,2025-03-27,205
P001,Soft Drink ,Rajpura,2025-03-27,177
P001,Soft Drink ,Patiala,2025-03-27,195
P002,Sweets ,Bathinda,2025-03-27,138
P002,Sweets ,Malout,2025-03-27,120
P002,Sweets ,Mohali,2025-03-27,115
P002,Sweets ,Rajpura,2025-03-27,116
P002,Sweets ,Patiala,2025-03-27,68
P003,Moisturizer ,Bathinda,2025-03-27,38
P003,Moisturizer ,Malout,2025-03-27,72
P003,Moisturizer ,Mohali,2025-03-27,59
P003,Moisturizer ,Rajpura,2025-03-27,97
P003,Moisturizer ,Patiala,2025-03-27,25
P004,Pooja Articles,Bathinda,2025-03-27,138
P004,Pooja Articles,Malout,2025-03-27,187
P004,Pooja Articles,Mohali,2025-03-27,159
P004,Pooja Articles,Rajpura,2025-03-27,144
P004,Pooja Articles,Patiala,2025-03-27,141
P005,Gift Hamper,Bathinda,2025-03-27,258
P005,Gift Hamper,Malout,2025-03-27,167
P005,Gift Hamper,Mohali,2025-03-27,191
P005,Gift Hamper,Rajpura,2025-03-27,247
P005,Gift Hamper,Patiala,2025-03-27,248
P001,Soft Drink ,Bathinda,2025-03-28,154
P001,Soft Drink ,Malout,2025-03-28,161
P001,Soft Drink ,Mohali,2025-03-28,180
P001,Soft Drink ,Rajpura,2025-03-28,196
P001,Soft Drink ,Patiala,2025-03-28,172
P002,Sweets ,Bathinda,2025-03-28,120
P002,Sweets ,Malout,2025-03-28,102
P002,Sweets ,Mohali,2025-03-28,120
P002,Sweets ,Rajpura,2025-03-28,154
P002,Sweets ,Patiala,2025-03-28,147
P003,Moisturizer ,Bathinda,2025-03-28,25
P003,Moisturizer ,Malout,2025-03-28,76
P003,Moisturizer ,Mohali,2025-03-28,83
P003,Moisturizer ,Rajpura,2025-03-28,67
P003,Moisturizer ,Patiala,2025-03-28,92
P004,Pooja Articles,Bathinda,2025-03-28,125
P004,Pooja Articles,Malout,2025-03-28,177
P004,Pooja Articles,Mohali,2025-03-28,187
P004,Pooja Articles,Rajpura,2025-03-28,161
P004,Pooja Articles,Patiala,2025-03-28,141
P005,Gift Hamper,Bathinda,2025-03-28,250
P005,Gift Hamper,Malout,2025-03-28,172
P005,Gift Hamper,Mohali,2025-03-28,241
P005,Gift Hamper,Rajpura,2025-03-28,238
P005,Gift Hamper,Patiala,2025-03-28,230
P001,Soft Drink ,Bathinda,2025-03-29,144
P001,Soft Drink ,Malout,2025-03-29,213
P001,Soft Drink ,Mohali,2025-03-29,158
P001,Soft Drink ,Rajpura,2025-03-29,184
P001,Soft Drink ,Patiala,2025-03-29,169
P002,Sweets ,Bathinda,2025-03-29,92
P002,Sweets ,Malout,2025-03-29,109
P002,Sweets ,Mohali,2025-03-29,114
P002,Sweets ,Rajpura,2025-03-29,133
P002,Sweets ,Patiala,2025-03-29,144
P003,Moisturizer ,Bathinda,2025-03-29,57
P003,Moisturizer ,Malout,2025-03-29,48
P003,Moisturizer ,Mohali,2025-03-29,88
P003,Moisturizer ,Rajpura,2025-03-29,37
P003,Moisturizer ,Patiala,2025-03-29,5
P004,Pooja Articles,Bathinda,2025-03-29,143
P004,Pooja Articles,Malout,2025-03-29,123
P004,Pooja Articles,Mohali,2025-03-29,176
P004,Pooja Articles,Rajpura,2025-03-29,139
P004,Pooja Articles,Patiala,2025-03-29,202
P005,Gift Hamper,Bathinda,2025-03-29,215
P005,Gift Hamper,Malout,2025-03-29,251
P005,Gift Hamper,Mohali,2025-03-29,190
P005,Gift Hamper,Rajpura,2025-03-29,230
P005,Gift Hamper,Patiala,2025-03-29,232
P001,Soft Drink ,Bathinda,2025-03-30,191
P001,Soft Drink ,Malout,2025-03-30,180
P001,Soft Drink ,Mohali,2025-03-30,193
P001,Soft Drink ,Rajpura,2025-03-30,173
P001,Soft Drink ,Patiala,2025-03-30,172
P002,Sweets ,Bathinda,2025-03-30,123
P002,Sweets ,Malout,2025-03-30,92
P002,Sweets ,Mohali,2025-03-30,112
P002,Sweets ,Rajpura,2025-03-30,62
P002,Sweets ,Patiala,2025-03-30,102
P003,Moisturizer ,Bathinda,2025-03-30,63
P003,Moisturizer ,Malout,2025-03-30,64
P003,Moisturizer ,Mohali,2025-03-30,78
P003,Moisturizer ,Rajpura,2025-03-30,110
P003,Moisturizer ,Patiala,2025-03-30,79
P004,Pooja Articles,Bathinda,2025-03-30,125
P004,Pooja Articles,Malout,2025-03-30,89
P004,Pooja Articles,Mohali,2025-03-30,120
P004,Pooja Articles,Rajpura,2025-03-30,188
P004,Pooja Articles,Patiala,2025-03-30,166
P005,Gift Hamper,Bathinda,2025-03-30,231
P005,Gift Hamper,Malout,2025-03-30,179
P005,Gift Hamper,Mohali,2025-03-30,236
P005,Gift Hamper,Rajpura,2025-03-30,180
P005,Gift Hamper,Patiala,2025-03-30,210
P001,Soft Drink ,Bathinda,2025-03-31,174
P001,Soft Drink ,Malout,2025-03-31,141
P001,Soft Drink ,Mohali,2025-03-31,182
P001,Soft Drink ,Rajpura,2025-03-31,161
P001,Soft Drink ,Patiala,2025-03-31,168
P002,Sweets ,Bathinda,2025-03-31,74
P002,Sweets ,Malout,2025-03-31,99
P002,Sweets ,Mohali,2025-03-31,165
P002,Sweets ,Rajpura,2025-03-31,121
P002,Sweets ,Patiala,2025-03-31,98
P003,Moisturizer ,Bathinda,2025-03-31,93
P003,Moisturizer ,Malout,2025-03-31,72
P003,Moisturizer ,Mohali,2025-03-31,66
P003,Moisturizer ,Rajpura,2025-03-31,53
P003,Moisturizer ,Patiala,2025-03-31,54
P004,Pooja Articles,Bathinda,2025-03-31,163
P004,Pooja Articles,Malout,2025-03-31,168
P004,Pooja Articles,Mohali,2025-03-31,157
P004,Pooja Articles,Rajpura,2025-03-31,174
P004,Pooja Articles,Patiala,2025-03-31,114
P005,Gift Hamper,Bathinda,2025-03-31,211
P005,Gift Hamper,Malout,2025-03-31,194
P005,Gift Hamper,Mohali,2025-03-31,226
P005,Gift Hamper,Rajpura,2025-03-31,234
P005,Gift Hamper,Patiala,2025-03-31,263
P001,Soft Drink ,Bathinda,2025-04-01,149
P001,Soft Drink ,Malout,2025-04-01,200
P001,Soft Drink ,Mohali,2025-04-01,180
P001,Soft Drink ,Rajpura,2025-04-01,169
P001,Soft Drink ,Patiala,2025-04-01,138
P002,Sweets ,Bathinda,2025-04-01,139
P002,Sweets ,Malout,2025-04-01,120
P002,Sweets ,Mohali,2025-04-01,124
P002,Sweets ,Rajpura,2025-04-01,134
P002,Sweets ,Patiala,2025-04-01,121
P003,Moisturizer ,Bathinda,2025-04-01,63
P003,Moisturizer ,Malout,2025-04-01,120
P003,Moisturizer ,Mohali,2025-04-01,19
P003,Moisturizer ,Rajpura,2025-04-01,105
P003,Moisturizer ,Patiala,2025-04-01,46
P004,Pooja Articles,Bathinda,2025-04-01,178
P004,Pooja Articles,Malout,2025-04-01,118
P004,Pooja Articles,Mohali,2025-04-01,157
P004,Pooja Articles,Rajpura,2025-04-01,158
P004,Pooja Articles,Patiala,2025-04-01,169
P005,Gift Hamper,Bathinda,2025-04-01,231
P005,Gift Hamper,Malout,2025-04-01,254
P005,Gift Hamper,Mohali,2025-04-01,219
P005,Gift Hamper,Rajpura,2025-04-01,265
P005,Gift Hamper,Patiala,2025-04-01,212
P001,Soft Drink ,Bathinda,2025-04-02,174
P001,Soft Drink ,Malout,2025-04-02,174
P001,Soft Drink ,Mohali,2025-04-02,159
P001,Soft Drink ,Rajpura,2025-04-02,201
P001,Soft Drink ,Patiala,2025-04-02,119
P002,Sweets ,Bathinda,2025-04-02,119
P002,Sweets ,Malout,2025-04-02,128
P002,Sweets ,Mohali,2025-04-02,132
P002,Sweets ,Rajpura,2025-04-02,130
P002,Sweets ,Patiala,2025-04-02,101
P003,Moisturizer ,Bathinda,2025-04-02,68
P003,Moisturizer ,Malout,2025-04-02,86
P003,Moisturizer ,Mohali,2025-04-02,34
P003,Moisturizer ,Rajpura,2025-04-02,52
P003,Moisturizer ,Patiala,2025-04-02,12
P004,Pooja Articles,Bathinda,2025-04-02,163
P004,Pooja Articles,Malout,2025-04-02,118
P004,Pooja Articles,Mohali,2025-04-02,137
P004,Pooja Articles,Rajpura,2025-04-02,155
P004,Pooja Articles,Patiala,2025-04-02,115
P005,Gift Hamper,Bathinda,2025-04-02,222
P005,Gift Hamper,Malout,2025-04-02,237
P005,Gift Hamper,Mohali,2025-04-02,226
P005,Gift Hamper,Rajpura,2025-04-02,231
P005,Gift Hamper,Patiala,2025-04-02,243
P001,Soft Drink ,Bathinda,2025-04-03,200
P001,Soft Drink ,Malout,2025-04-03,136
P001,Soft Drink ,Mohali,2025-04-03,165
P001,Soft Drink ,Rajpura,2025-04-03,198
P001,Soft Drink ,Patiala,2025-04-03,161
P002,Sweets ,Bathinda,2025-04-03,82
P002,Sweets ,Malout,2025-04-03,116
P002,Sweets ,Mohali,2025-04-03,133
P002,Sweets ,Rajpura,2025-04-03,121
P002,Sweets ,Patiala,2025-04-03,61
P003,Moisturizer ,Bathinda,2025-04-03,102
P003,Moisturizer ,Malout,2025-04-03,101
P003,Moisturizer ,Mohali,2025-04-03,45
P003,Moisturizer ,Rajpura,2025-04-03,23
P003,Moisturizer ,Patiala,2025-04-03,11
P004,Pooja Articles,Bathinda,2025-04-03,165
P004,Pooja Articles,Malout,2025-04-03,126
P004,Pooja Articles,Mohali,2025-04-03,122
P004,Pooja Articles,Rajpura,2025-04-03,151
P004,Pooja Articles,Patiala,2025-04-03,136
P005,Gift Hamper,Bathinda,2025-04-03,202
P005,Gift Hamper,Malout,2025-04-03,214
P005,Gift Hamper,Mohali,2025-04-03,234
P005,Gift Hamper,Rajpura,2025-04-03,225
P005,Gift Hamper,Patiala,2025-04-03,220
P001,Soft Drink ,Bathinda,2025-04-04,156
P001,Soft Drink ,Malout,2025-04-04,183
P001,Soft Drink ,Mohali,2025-04-04,212
P001,Soft Drink ,Rajpura,2025-04-04,159
P001,Soft Drink ,Patiala,2025-04-04,190
P002,Sweets ,Bathinda,2025-04-04,133
P002,Sweets ,Malout,2025-04-04,109
P002,Sweets ,Mohali,2025-04-04,111
P002,Sweets ,Rajpura,2025-04-04,111
P002,Sweets ,Patiala,2025-04-04,125
P003,Moisturizer ,Bathinda,2025-04-04,15
P003,Moisturizer ,Malout,2025-04-04,71
P003,Moisturizer ,Mohali,2025-04-04,55
P003,Moisturizer ,Rajpura,2025-04-04,22
P003,Moisturizer ,Patiala,2025-04-04,53
P004,Pooja Articles,Bathinda,2025-04-04,128
P004,Pooja Articles,Malout,2025-04-04,138
P004,Pooja Articles,Mohali,2025-04-04,139
P004,Pooja Articles,Rajpura,2025-04-04,132
P004,Pooja Articles,Patiala,2025-04-04,150
P005,Gift Hamper,Bathinda,2025-04-04,229
P005,Gift Hamper,Malout,2025-04-04,186
P005,Gift Hamper,Mohali,2025-04-04,250
P005,Gift Hamper,Rajpura,2025-04-04,223
P005,Gift Hamper,Patiala,2025-04-04,221
P001,Soft Drink ,Bathinda,2025-04-05,208
P001,Soft Drink ,Malout,2025-04-05,182
P001,Soft Drink ,Mohali,2025-04-05,160
P001,Soft Drink ,Rajpura,2025-04-05,181
P001,Soft Drink ,Patiala,2025-04-05,192
P002,Sweets ,Bathinda,2025-04-05,129
P002,Sweets ,Malout,2025-04-05,122
P002,Sweets ,Mohali,2025-04-05,100
P002,Sweets ,Rajpura,2025-04-05,163
P002,Sweets ,Patiala,2025-04-05,155
P003,Moisturizer ,Bathinda,2025-04-05,56
P003,Moisturizer ,Malout,2025-04-05,91
P003,Moisturizer ,Mohali,2025-04-05,66
P003,Moisturizer ,Rajpura,2025-04-05,31
P003,Moisturizer ,Patiala,2025-04-05,118
P004,Pooja Articles,Bathinda,2025-04-05,130
P004,Pooja Articles,Malout,2025-04-05,178
P004,Pooja Articles,Mohali,2025-04-05,144
P004,Pooja Articles,Rajpura,2025-04-05,135
P004,Pooja Articles,Patiala,2025-04-05,138
P005,Gift Hamper,Bathinda,2025-04-05,235
P005,Gift Hamper,Malout,2025-04-05,242
P005,Gift Hamper,Mohali,2025-04-05,203
P005,Gift Hamper,Rajpura,2025-04-05,217
P005,Gift Hamper,Patiala,2025-04-05,201
P001,Soft Drink ,Bathinda,2025-04-06,174
P001,Soft Drink ,Malout,2025-04-06,194
P001,Soft Drink ,Mohali,2025-04-06,162
P001,Soft Drink ,Rajpura,2025-04-06,214
P001,Soft Drink ,Patiala,2025-04-06,189
P002,Sweets ,Bathinda,2025-04-06,158
P002,Sweets ,Malout,2025-04-06,118
P002,Sweets ,Mohali,2025-04-06,112
P002,Sweets ,Rajpura,2025-04-06,119
P002,Sweets ,Patiala,2025-04-06,113
P003,Moisturizer ,Bathinda,2025-04-06,82
P003,Moisturizer ,Malout,2025-04-06,40
P003,Moisturizer ,Mohali,2025-04-06,45
P003,Moisturizer ,Rajpura,2025-04-06,81
P003,Moisturizer ,Patiala,2025-04-06,40
P004,Pooja Articles,Bathinda,2025-04-06,156
P004,Pooja Articles,Malout,2025-04-06,139
P004,Pooja Articles,Mohali,2025-04-06,183
P004,Pooja Articles,Rajpura,2025-04-06,163
P004,Pooja Articles,Patiala,2025-04-06,125
P005,Gift Hamper,Bathinda,2025-04-06,172
P005,Gift Hamper,Malout,2025-04-06,218
P005,Gift Hamper,Mohali,2025-04-06,247
P005,Gift Hamper,Rajpura,2025-04-06,207
P005,Gift Hamper,Patiala,2025-04-06,211
P001,Soft Drink ,Bathinda,2025-04-07,162
P001,Soft Drink ,Malout,2025-04-07,196
P001,Soft Drink ,Mohali,2025-04-07,201
P001,Soft Drink ,Rajpura,2025-04-07,191
P001,Soft Drink ,Patiala,2025-04-07,171
P002,Sweets ,Bathinda,2025-04-07,117
P002,Sweets ,Malout,2025-04-07,120
P002,Sweets ,Mohali,2025-04-07,145
P002,Sweets ,Rajpura,2025-04-07,114
P002,Sweets ,Patiala,2025-04-07,78
P003,Moisturizer ,Bathinda,2025-04-07,59
P003,Moisturizer ,Malout,2025-04-07,82
P003,Moisturizer ,Mohali,2025-04-07,70
P003,Moisturizer ,Rajpura,2025-04-07,42
P003,Moisturizer ,Patiala,2025-04-07,101
P004,Pooja Articles,Bathinda,2025-04-07,142
P004,Pooja Articles,Malout,2025-04-07,158
P004,Pooja Articles,Mohali,2025-04-07,108
P004,Pooja Articles,Rajpura,2025-04-07,164
P004,Pooja Articles,Patiala,2025-04-07,195
P005,Gift Hamper,Bathinda,2025-04-07,220
P005,Gift Hamper,Malout,2025-04-07,231
P005,Gift Hamper,Mohali,2025-04-07,226
P005,Gift Hamper,Rajpura,2025-04-07,224
P005,Gift Hamper,Patiala,2025-04-07,241
P001,Soft Drink ,Bathinda,2025-04-08,170
P001,Soft Drink ,Malout,2025-04-08,187
P001,Soft Drink ,Mohali,2025-04-08,207
P001,Soft Drink ,Rajpura,2025-04-08,178
P001,Soft Drink ,Patiala,2025-04-08,217
P002,Sweets ,Bathinda,2025-04-08,99
P002,Sweets ,Malout,2025-04-08,161
P002,Sweets ,Mohali,2025-04-08,104
P002,Sweets ,Rajpura,2025-04-08,63
P002,Sweets ,Patiala,2025-04-08,138
P003,Moisturizer ,Bathinda,2025-04-08,59
P003,Moisturizer ,Malout,2025-04-08,63
P003,Moisturizer ,Mohali,2025-04-08,41
P003,Moisturizer ,Rajpura,2025-04-08,60
P003,Moisturizer ,Patiala,2025-04-08,54
P004,Pooja Articles,Bathinda,2025-04-08,180
P004,Pooja Articles,Malout,2025-04-08,193
P004,Pooja Articles,Mohali,2025-04-08,182
P004,Pooja Articles,Rajpura,2025-04-08,133
P004,Pooja Articles,Patiala,2025-04-08,138
P005,Gift Hamper,Bathinda,2025-04-08,232
P005,Gift Hamper,Malout,2025-04-08,259
P005,Gift Hamper,Mohali,2025-04-08,212
P005,Gift Hamper,Rajpura,2025-04-08,268
P005,Gift Hamper,Patiala,2025-04-08,240
P001,Soft Drink ,Bathinda,2025-04-09,144
P001,Soft Drink ,Malout,2025-04-09,182
P001,Soft Drink ,Mohali,2025-04-09,215
P001,Soft Drink ,Rajpura,2025-04-09,188
P001,Soft Drink ,Patiala,2025-04-09,179
P002,Sweets ,Bathinda,2025-04-09,154
P002,Sweets ,Malout,2025-04-09,170
P002,Sweets ,Mohali,2025-04-09,138
P002,Sweets ,Rajpura,2025-04-09,91
P002,Sweets ,Patiala,2025-04-09,87
P003,Moisturizer ,Bathinda,2025-04-09,49
P003,Moisturizer ,Malout,2025-04-09,45
P003,Moisturizer ,Mohali,2025-04-09,17
P003,Moisturizer ,Rajpura,2025-04-09,56
P003,Moisturizer ,Patiala,2025-04-09,25
P004,Pooja Articles,Bathinda,2025-04-09,139
P004,Pooja Articles,Malout,2025-04-09,183
P004,Pooja Articles,Mohali,2025-04-09,160
P004,Pooja Articles,Rajpura,2025-04-09,156
P004,Pooja Articles,Patiala,2025-04-09,146
P005,Gift Hamper,Bathinda,2025-04-09,177
P005,Gift Hamper,Malout,2025-04-09,213
P005,Gift Hamper,Mohali,2025-04-09,218
P005,Gift Hamper,Rajpura,2025-04-09,184
P005,Gift Hamper,Patiala,2025-04-09,216
P001,Soft Drink ,Bathinda,2025-04-10,168
P001,Soft Drink ,Malout,2025-04-10,209
P001,Soft Drink ,Mohali,2025-04-10,181
P001,Soft Drink ,Rajpura,2025-04-10,163
P001,Soft Drink ,Patiala,2025-04-10,208
P002,Sweets ,Bathinda,2025-04-10,75
P002,Sweets ,Malout,2025-04-10,95
P002,Sweets ,Mohali,2025-04-10,85
P002,Sweets ,Rajpura,2025-04-10,72
P002,Sweets ,Patiala,2025-04-10,121
P003,Moisturizer ,Bathinda,2025-04-10,27
P003,Moisturizer ,Malout,2025-04-10,51
P003,Moisturizer ,Mohali,2025-04-10,19
P003,Moisturizer ,Rajpura,2025-04-10,17
P003,Moisturizer ,Patiala,2025-04-10,79
P004,Pooja Articles,Bathinda,2025-04-10,116
P004,Pooja Articles,Malout,2025-04-10,187
P004,Pooja Articles,Mohali,2025-04-10,140
P004,Pooja Articles,Rajpura,2025-04-10,178
P004,Pooja Articles,Patiala,2025-04-10,132
P005,Gift Hamper,Bathinda,2025-04-10,183
P005,Gift Hamper,Malout,2025-04-10,179
P005,Gift Hamper,Mohali,2025-04-10,203
P005,Gift Hamper,Rajpura,2025-04-10,192
P005,Gift Hamper,Patiala,2025-04-10,229
P001,Soft Drink ,Bathinda,2025-04-11,210
P001,Soft Drink ,Malout,2025-04-11,162
P001,Soft Drink ,Mohali,2025-04-11,157
P001,Soft Drink ,Rajpura,2025-04-11,200
P001,Soft Drink ,Patiala,2025-04-11,227
P002,Sweets ,Bathinda,2025-04-11,162
P002,Sweets ,Malout,2025-04-11,124
P002,Sweets ,Mohali,2025-04-11,65
P002,Sweets ,Rajpura,2025-04-11,78
P002,Sweets ,Patiala,2025-04-11,103
P003,Moisturizer ,Bathinda,2025-04-11,76
P003,Moisturizer ,Malout,2025-04-11,75
P003,Moisturizer ,Mohali,2025-04-11,43
P003,Moisturizer ,Rajpura,2025-04-11,47
P003,Moisturizer ,Patiala,2025-04-11,49
P004,Pooja Articles,Bathinda,2025-04-11,137
P004,Pooja Articles,Malout,2025-04-11,177
P004,Pooja Articles,Mohali,2025-04-11,95
P004,Pooja Articles,Rajpura,2025-04-11,140
P004,Pooja Articles,Patiala,2025-04-11,165
P005,Gift Hamper,Bathinda,2025-04-11,183
P005,Gift Hamper,Malout,2025-04-11,235
P005,Gift Hamper,Mohali,2025-04-11,169
P005,Gift Hamper,Rajpura,2025-04-11,243
P005,Gift Hamper,Patiala,2025-04-11,233
P001,Soft Drink ,Bathinda,2025-04-12,197
P001,Soft Drink ,Malout,2025-04-12,189
P001,Soft Drink ,Mohali,2025-04-12,214
P001,Soft Drink ,Rajpura,2025-04-12,212
P001,Soft Drink ,Patiala,2025-04-12,167
P002,Sweets ,Bathinda,2025-04-12,149
P002,Sweets ,Malout,2025-04-12,150
P002,Sweets ,Mohali,2025-04-12,91
P002,Sweets ,Rajpura,2025-04-12,156
P002,Sweets ,Patiala,2025-04-12,103
P003,Moisturizer ,Bathinda,2025-04-12,25
P003,Moisturizer ,Malout,2025-04-12,51
P003,Moisturizer ,Mohali,2025-04-12,46
P003,Moisturizer ,Rajpura,2025-04-12,43
P003,Moisturizer ,Patiala,2025-04-12,93
P004,Pooja Articles,Bathinda,2025-04-12,174
P004,Pooja Articles,Malout,2025-04-12,124
P004,Pooja Articles,Mohali,2025-04-12,145
P004,Pooja Articles,Rajpura,2025-04-12,127
P004,Pooja Articles,Patiala,2025-04-12,151
P005,Gift Hamper,Bathinda,2025-04-12,239
P005,Gift Hamper,Malout,2025-04-12,263
P005,Gift Hamper,Mohali,2025-04-12,202
P005,Gift Hamper,Rajpura,2025-04-12,235
P005,Gift Hamper,Patiala,2025-04-12,266
P001,Soft Drink ,Bathinda,2025-04-13,165
P001,Soft Drink ,Malout,2025-04-13,212
P001,Soft Drink ,Mohali,2025-04-13,176
P001,Soft Drink ,Rajpura,2025-04-13,175
P001,Soft Drink ,Patiala,2025-04-13,141
P002,Sweets ,Bathinda,2025-04-13,113
P002,Sweets ,Malout,2025-04-13,107
P002,Sweets ,Mohali,2025-04-13,129
P002,Sweets ,Rajpura,2025-04-13,75
P002,Sweets ,Patiala,2025-04-13,131
P003,Moisturizer ,Bathinda,2025-04-13,67
P003,Moisturizer ,Malout,2025-04-13,28
P003,Moisturizer ,Mohali,2025-04-13,37
P003,Moisturizer ,Rajpura,2025-04-13,59
P003,Moisturizer ,Patiala,2025-04-13,82
P004,Pooja Articles,Bathinda,2025-04-13,98
P004,Pooja Articles,Malout,2025-04-13,117
P004,Pooja Articles,Mohali,2025-04-13,155
P004,Pooja Articles,Rajpura,2025-04-13,153
P004,Pooja Articles,Patiala,2025-04-13,173
P005,Gift Hamper,Bathinda,2025-04-13,225
P005,Gift Hamper,Malout,2025-04-13,194
P005,Gift Hamper,Mohali,2025-04-13,274
P005,Gift Hamper,Rajpura,2025-04-13,227
P005,Gift Hamper,Patiala,2025-04-13,213
P001,Soft Drink ,Bathinda,2025-04-14,197
P001,Soft Drink ,Malout,2025-04-14,189
P001,Soft Drink ,Mohali,2025-04-14,157
P001,Soft Drink ,Rajpura,2025-04-14,175
P001,Soft Drink ,Patiala,2025-04-14,243
P002,Sweets ,Bathinda,2025-04-14,87
P002,Sweets ,Malout,2025-04-14,97
P002,Sweets ,Mohali,2025-04-14,147
P002,Sweets ,Rajpura,2025-04-14,123
P002,Sweets ,Patiala,2025-04-14,104
P003,Moisturizer ,Bathinda,2025-04-14,27
P003,Moisturizer ,Malout,2025-04-14,34
P003,Moisturizer ,Mohali,2025-04-14,73
P003,Moisturizer ,Rajpura,2025-04-14,69
P003,Moisturizer ,Patiala,2025-04-14,55
P004,Pooja Articles,Bathinda,2025-04-14,195
P004,Pooja Articles,Malout,2025-04-14,179
P004,Pooja Articles,Mohali,2025-04-14,155
P004,Pooja Articles,Rajpura,2025-04-14,161
P004,Pooja Articles,Patiala,2025-04-14,186
P005,Gift Hamper,Bathinda,2025-04-14,228
P005,Gift Hamper,Malout,2025-04-14,235
P005,Gift Hamper,Mohali,2025-04-14,189
P005,Gift Hamper,Rajpura,2025-04-14,238
P005,Gift Hamper,Patiala,2025-04-14,210
P001,Soft Drink ,Bathinda,2025-04-15,183
P001,Soft Drink ,Malout,2025-04-15,201
P001,Soft Drink ,Mohali,2025-04-15,207
P001,Soft Drink ,Rajpura,2025-04-15,206
P001,Soft Drink ,Patiala,2025-04-15,138
P002,Sweets ,Bathinda,2025-04-15,123
P002,Sweets ,Malout,2025-04-15,110
P002,Sweets ,Mohali,2025-04-15,125
P002,Sweets ,Rajpura,2025-04-15,138
P002,Sweets ,Patiala,2025-04-15,112
P003,Moisturizer ,Bathinda,2025-04-15,43
P003,Moisturizer ,Malout,2025-04-15,37
P003,Moisturizer ,Mohali,2025-04-15,42
P003,Moisturizer ,Rajpura,2025-04-15,49
P003,Moisturizer ,Patiala,2025-04-15,62
P004,Pooja Articles,Bathinda,2025-04-15,125
P004,Pooja Articles,Malout,2025-04-15,120
P004,Pooja Articles,Mohali,2025-04-15,162
P004,Pooja Articles,Rajpura,2025-04-15,150
P004,Pooja Articles,Patiala,2025-04-15,174
P005,Gift Hamper,Bathinda,2025-04-15,215
P005,Gift Hamper,Malout,2025-04-15,246
P005,Gift Hamper,Mohali,2025-04-15,191
P005,Gift Hamper,Rajpura,2025-04-15,251
P005,Gift Hamper,Patiala,2025-04-15,229
P001,Soft Drink ,Bathinda,2025-04-16,200
P001,Soft Drink ,Malout,2025-04-16,141
P001,Soft Drink ,Mohali,2025-04-16,164
P001,Soft Drink ,Rajpura,2025-04-16,187
P001,Soft Drink ,Patiala,2025-04-16,170
P002,Sweets ,Bathinda,2025-04-16,125
P002,Sweets ,Malout,2025-04-16,114
P002,Sweets ,Mohali,2025-04-16,171
P002,Sweets ,Rajpura,2025-04-16,108
P002,Sweets ,Patiala,2025-04-16,160
P003,Moisturizer ,Bathinda,2025-04-16,79
P003,Moisturizer ,Malout,2025-04-16,23
P003,Moisturizer ,Mohali,2025-04-16,36
P003,Moisturizer ,Rajpura,2025-04-16,75
P003,Moisturizer ,Patiala,2025-04-16,45
P004,Pooja Articles,Bathinda,2025-04-16,150
P004,Pooja Articles,Malout,2025-04-16,146
P004,Pooja Articles,Mohali,2025-04-16,179
P004,Pooja Articles,Rajpura,2025-04-16,98
P004,Pooja Articles,Patiala,2025-04-16,147
P005,Gift Hamper,Bathinda,2025-04-16,239
P005,Gift Hamper,Malout,2025-04-16,216
P005,Gift Hamper,Mohali,2025-04-16,220
P005,Gift Hamper,Rajpura,2025-04-16,221
P005,Gift Hamper,Patiala,2025-04-16,246
P001,Soft Drink ,Bathinda,2025-04-17,264
P001,Soft Drink ,Malout,2025-04-17,192
P001,Soft Drink ,Mohali,2025-04-17,149
P001,Soft Drink ,Rajpura,2025-04-17,173
P001,Soft Drink ,Patiala,2025-04-17,156
P002,Sweets ,Bathinda,2025-04-17,164
P002,Sweets ,Malout,2025-04-17,122
P002,Sweets ,Mohali,2025-04-17,89
P002,Sweets ,Rajpura,2025-04-17,108
P002,Sweets ,Patiala,2025-04-17,110
P003,Moisturizer ,Bathinda,2025-04-17,122
P003,Moisturizer ,Malout,2025-04-17,88
P003,Moisturizer ,Mohali,2025-04-17,68
P003,Moisturizer ,Rajpura,2025-04-17,57
P003,Moisturizer ,Patiala,2025-04-17,32
P004,Pooja Articles,Bathinda,2025-04-17,200
P004,Pooja Articles,Malout,2025-04-17,169
P004,Pooja Articles,Mohali,2025-04-17,123
P004,Pooja Articles,Rajpura,2025-04-17,154
P004,Pooja Articles,Patiala,2025-04-17,120
P005,Gift Hamper,Bathinda,2025-04-17,253
P005,Gift Hamper,Malout,2025-04-17,245
P005,Gift Hamper,Mohali,2025-04-17,200
P005,Gift Hamper,Rajpura,2025-04-17,211
P005,Gift Hamper,Patiala,2025-04-17,215
P001,Soft Drink ,Bathinda,2025-04-18,163
P001,Soft Drink ,Malout,2025-04-18,170
P001,Soft Drink ,Mohali,2025-04-18,175
P001,Soft Drink ,Rajpura,2025-04-18,179
P001,Soft Drink ,Patiala,2025-04-18,212
P002,Sweets ,Bathinda,2025-04-18,127
P002,Sweets ,Malout,2025-04-18,77
P002,Sweets ,Mohali,2025-04-18,104
P002,Sweets ,Rajpura,2025-04-18,137
P002,Sweets ,Patiala,2025-04-18,125
P003,Moisturizer ,Bathinda,2025-04-18,46
P003,Moisturizer ,Malout,2025-04-18,84
P003,Moisturizer ,Mohali,2025-04-18,71
P003,Moisturizer ,Rajpura,2025-04-18,77
P003,Moisturizer ,Patiala,2025-04-18,59
P004,Pooja Articles,Bathinda,2025-04-18,165
P004,Pooja Articles,Malout,2025-04-18,134
P004,Pooja Articles,Mohali,2025-04-18,144
P004,Pooja Articles,Rajpura,2025-04-18,216
P004,Pooja Articles,Patiala,2025-04-18,149
P005,Gift Hamper,Bathinda,2025-04-18,203
P005,Gift Hamper,Malout,2025-04-18,195
P005,Gift Hamper,Mohali,2025-04-18,249
P005,Gift Hamper,Rajpura,2025-04-18,239
P005,Gift Hamper,Patiala,2025-04-18,235
P001,Soft Drink ,Bathinda,2025-04-19,164
P001,Soft Drink ,Malout,2025-04-19,210
P001,Soft Drink ,Mohali,2025-04-19,150
P001,Soft Drink ,Rajpura,2025-04-19,196
P001,Soft Drink ,Patiala,2025-04-19,152
P002,Sweets ,Bathinda,2025-04-19,68
P002,Sweets ,Malout,2025-04-19,114
P002,Sweets ,Mohali,2025-04-19,155
P002,Sweets ,Rajpura,2025-04-19,115
P002,Sweets ,Patiala,2025-04-19,125
P003,Moisturizer ,Bathinda,2025-04-19,34
P003,Moisturizer ,Malout,2025-04-19,107
P003,Moisturizer ,Mohali,2025-04-19,49
P003,Moisturizer ,Rajpura,2025-04-19,35
P003,Moisturizer ,Patiala,2025-04-19,79
P004,Pooja Articles,Bathinda,2025-04-19,169
P004,Pooja Articles,Malout,2025-04-19,141
P004,Pooja Articles,Mohali,2025-04-19,140
P004,Pooja Articles,Rajpura,2025-04-19,136
P004,Pooja Articles,Patiala,2025-04-19,173
P005,Gift Hamper,Bathinda,2025-04-19,182
P005,Gift Hamper,Malout,2025-04-19,222
P005,Gift Hamper,Mohali,2025-04-19,228
P005,Gift Hamper,Rajpura,2025-04-19,211
P005,Gift Hamper,Patiala,2025-04-19,247
P001,Soft Drink ,Bathinda,2025-04-20,193
P001,Soft Drink ,Malout,2025-04-20,191
P001,Soft Drink ,Mohali,2025-04-20,164
P001,Soft Drink ,Rajpura,2025-04-20,226
P001,Soft Drink ,Patiala,2025-04-20,160
P002,Sweets ,Bathinda,2025-04-20,113
P002,Sweets ,Malout,2025-04-20,94
P002,Sweets ,Mohali,2025-04-20,91
P002,Sweets ,Rajpura,2025-04-20,141
P002,Sweets ,Patiala,2025-04-20,117
P003,Moisturizer ,Bathinda,2025-04-20,48
P003,Moisturizer ,Malout,2025-04-20,60
P003,Moisturizer ,Mohali,2025-04-20,84
P003,Moisturizer ,Rajpura,2025-04-20,71
P003,Moisturizer ,Patiala,2025-04-20,32
P004,Pooja Articles,Bathinda,2025-04-20,164
P004,Pooja Articles,Malout,2025-04-20,180
P004,Pooja Articles,Mohali,2025-04-20,187
P004,Pooja Articles,Rajpura,2025-04-20,110
P004,Pooja Articles,Patiala,2025-04-20,151
P005,Gift Hamper,Bathinda,2025-04-20,230
P005,Gift Hamper,Malout,2025-04-20,206
P005,Gift Hamper,Mohali,2025-04-20,209
P005,Gift Hamper,Rajpura,2025-04-20,231
P005,Gift Hamper,Patiala,2025-04-20,242
P001,Soft Drink ,Bathinda,2025-04-21,148
P001,Soft Drink ,Malout,2025-04-21,192
P001,Soft Drink ,Mohali,2025-04-21,157
P001,Soft Drink ,Rajpura,2025-04-21,220
P001,Soft Drink ,Patiala,2025-04-21,169
P002,Sweets ,Bathinda,2025-04-21,84
P002,Sweets ,Malout,2025-04-21,151
P002,Sweets ,Mohali,2025-04-21,84
P002,Sweets ,Rajpura,2025-04-21,102
P002,Sweets ,Patiala,2025-04-21,99
P003,Moisturizer ,Bathinda,2025-04-21,36
P003,Moisturizer ,Malout,2025-04-21,36
P003,Moisturizer ,Mohali,2025-04-21,96
P003,Moisturizer ,Rajpura,2025-04-21,88
P003,Moisturizer ,Patiala,2025-04-21,63
P004,Pooja Articles,Bathinda,2025-04-21,166
P004,Pooja Articles,Malout,2025-04-21,171
P004,Pooja Articles,Mohali,2025-04-21,182
P004,Pooja Articles,Rajpura,2025-04-21,148
P004,Pooja Articles,Patiala,2025-04-21,121
P005,Gift Hamper,Bathinda,2025-04-21,228
P005,Gift Hamper,Malout,2025-04-21,260
P005,Gift Hamper,Mohali,2025-04-21,186
P005,Gift Hamper,Rajpura,2025-04-21,175
P005,Gift Hamper,Patiala,2025-04-21,189
P001,Soft Drink ,Bathinda,2025-04-22,205
P001,Soft Drink ,Malout,2025-04-22,181
P001,Soft Drink ,Mohali,2025-04-22,204
P001,Soft Drink ,Rajpura,2025-04-22,205
P001,Soft Drink ,Patiala,2025-04-22,193
P002,Sweets ,Bathinda,2025-04-22,86
P002,Sweets ,Malout,2025-04-22,146
P002,Sweets ,Mohali,2025-04-22,125
P002,Sweets ,Rajpura,2025-04-22,100
P002,Sweets ,Patiala,2025-04-22,149
P003,Moisturizer ,Bathinda,2025-04-22,84
P003,Moisturizer ,Malout,2025-04-22,79
P003,Moisturizer ,Mohali,2025-04-22,88
P003,Moisturizer ,Rajpura,2025-04-22,77
P003,Moisturizer ,Patiala,2025-04-22,73
P004,Pooja Articles,Bathinda,2025-04-22,176
P004,Pooja Articles,Malout,2025-04-22,166
P004,Pooja Articles,Mohali,2025-04-22,158
P004,Pooja Articles,Rajpura,2025-04-22,135
P004,Pooja Articles,Patiala,2025-04-22,172
P005,Gift Hamper,Bathinda,2025-04-22,241
P005,Gift Hamper,Malout,2025-04-22,239
P005,Gift Hamper,Mohali,2025-04-22,188
P005,Gift Hamper,Rajpura,2025-04-22,253
P005,Gift Hamper,Patiala,2025-04-22,212
P001,Soft Drink ,Bathinda,2025-04-23,198
P001,Soft Drink ,Malout,2025-04-23,215
P001,Soft Drink ,Mohali,2025-04-23,228
P001,Soft Drink ,Rajpura,2025-04-23,195
P001,Soft Drink ,Patiala,2025-04-23,159
P002,Sweets ,Bathinda,2025-04-23,108
P002,Sweets ,Malout,2025-04-23,120
P002,Sweets ,Mohali,2025-04-23,131
P002,Sweets ,Rajpura,2025-04-23,159
P002,Sweets ,Patiala,2025-04-23,107
P003,Moisturizer ,Bathinda,2025-04-23,69
P003,Moisturizer ,Malout,2025-04-23,39
P003,Moisturizer ,Mohali,2025-04-23,34
P003,Moisturizer ,Rajpura,2025-04-23,81
P003,Moisturizer ,Patiala,2025-04-23,50
P004,Pooja Articles,Bathinda,2025-04-23,159
P004,Pooja Articles,Malout,2025-04-23,130
P004,Pooja Articles,Mohali,2025-04-23,145
P004,Pooja Articles,Rajpura,2025-04-23,139
P004,Pooja Articles,Patiala,2025-04-23,153
P005,Gift Hamper,Bathinda,2025-04-23,180
P005,Gift Hamper,Malout,2025-04-23,186
P005,Gift Hamper,Mohali,2025-04-23,253
P005,Gift Hamper,Rajpura,2025-04-23,222
P005,Gift Hamper,Patiala,2025-04-23,172
P001,Soft Drink ,Bathinda,2025-04-24,194
P001,Soft Drink ,Malout,2025-04-24,189
P001,Soft Drink ,Mohali,2025-04-24,230
P001,Soft Drink ,Rajpura,2025-04-24,187
P001,Soft Drink ,Patiala,2025-04-24,171
P002,Sweets ,Bathinda,2025-04-24,97
P002,Sweets ,Malout,2025-04-24,149
P002,Sweets ,Mohali,2025-04-24,93
P002,Sweets ,Rajpura,2025-04-24,134
P002,Sweets ,Patiala,2025-04-24,145
P003,Moisturizer ,Bathinda,2025-04-24,52
P003,Moisturizer ,Malout,2025-04-24,80
P003,Moisturizer ,Mohali,2025-04-24,72
P003,Moisturizer ,Rajpura,2025-04-24,29
P003,Moisturizer ,Patiala,2025-04-24,68
P004,Pooja Articles,Bathinda,2025-04-24,167
P004,Pooja Articles,Malout,2025-04-24,175
P004,Pooja Articles,Mohali,2025-04-24,165
P004,Pooja Articles,Rajpura,2025-04-24,121
P004,Pooja Articles,Patiala,2025-04-24,140
P005,Gift Hamper,Bathinda,2025-04-24,246
P005,Gift Hamper,Malout,2025-04-24,220
P005,Gift Hamper,Mohali,2025-04-24,203
P005,Gift Hamper,Rajpura,2025-04-24,217
P005,Gift Hamper,Patiala,2025-04-24,187
P001,Soft Drink ,Bathinda,2025-04-25,197
P001,Soft Drink ,Malout,2025-04-25,146
P001,Soft Drink ,Mohali,2025-04-25,194
P001,Soft Drink ,Rajpura,2025-04-25,172
P001,Soft Drink ,Patiala,2025-04-25,188
P002,Sweets ,Bathinda,2025-04-25,110
P002,Sweets ,Malout,2025-04-25,75
P002,Sweets ,Mohali,2025-04-25,122
P002,Sweets ,Rajpura,2025-04-25,86
P002,Sweets ,Patiala,2025-04-25,100
P003,Moisturizer ,Bathinda,2025-04-25,65
P003,Moisturizer ,Malout,2025-04-25,95
P003,Moisturizer ,Mohali,2025-04-25,30
P003,Moisturizer ,Rajpura,2025-04-25,32
P003,Moisturizer ,Patiala,2025-04-25,92
P004,Pooja Articles,Bathinda,2025-04-25,178
P004,Pooja Articles,Malout,2025-04-25,178
P004,Pooja Articles,Mohali,2025-04-25,137
P004,Pooja Articles,Rajpura,2025-04-25,125
P004,Pooja Articles,Patiala,2025-04-25,149
P005,Gift Hamper,Bathinda,2025-04-25,221
P005,Gift Hamper,Malout,2025-04-25,180
P005,Gift Hamper,Mohali,2025-04-25,234
P005,Gift Hamper,Rajpura,2025-04-25,208
P005,Gift Hamper,Patiala,2025-04-25,187
P001,Soft Drink ,Bathinda,2025-04-26,168
P001,Soft Drink ,Malout,2025-04-26,175
P001,Soft Drink ,Mohali,2025-04-26,170
P001,Soft Drink ,Rajpura,2025-04-26,175
P001,Soft Drink ,Patiala,2025-04-26,203
P002,Sweets ,Bathinda,2025-04-26,84
P002,Sweets ,Malout,2025-04-26,101
P002,Sweets ,Mohali,2025-04-26,104
P002,Sweets ,Rajpura,2025-04-26,149
P002,Sweets ,Patiala,2025-04-26,155
P003,Moisturizer ,Bathinda,2025-04-26,47
P003,Moisturizer ,Malout,2025-04-26,52
P003,Moisturizer ,Mohali,2025-04-26,64
P003,Moisturizer ,Rajpura,2025-04-26,64
P003,Moisturizer ,Patiala,2025-04-26,67
P004,Pooja Articles,Bathinda,2025-04-26,175
P004,Pooja Articles,Malout,2025-04-26,141
P004,Pooja Articles,Mohali,2025-04-26,174
P004,Pooja Articles,Rajpura,2025-04-26,158
P004,Pooja Articles,Patiala,2025-04-26,154
P005,Gift Hamper,Bathinda,2025-04-26,196
P005,Gift Hamper,Malout,2025-04-26,190
P005,Gift Hamper,Mohali,2025-04-26,211
P005,Gift Hamper,Rajpura,2025-04-26,198
P005,Gift Hamper,Patiala,2025-04-26,253
P001,Soft Drink ,Bathinda,2025-04-27,143
P001,Soft Drink ,Malout,2025-04-27,178
P001,Soft Drink ,Mohali,2025-04-27,165
P001,Soft Drink ,Rajpura,2025-04-27,238
P001,Soft Drink ,Patiala,2025-04-27,174
P002,Sweets ,Bathinda,2025-04-27,110
P002,Sweets ,Malout,2025-04-27,121
P002,Sweets ,Mohali,2025-04-27,157
P002,Sweets ,Rajpura,2025-04-27,167
P002,Sweets ,Patiala,2025-04-27,128
P003,Moisturizer ,Bathinda,2025-04-27,60
P003,Moisturizer ,Malout,2025-04-27,53
P003,Moisturizer ,Mohali,2025-04-27,65
P003,Moisturizer ,Rajpura,2025-04-27,15
P003,Moisturizer ,Patiala,2025-04-27,84
P004,Pooja Articles,Bathinda,2025-04-27,160
P004,Pooja Articles,Malout,2025-04-27,175
P004,Pooja Articles,Mohali,2025-04-27,169
P004,Pooja Articles,Rajpura,2025-04-27,189
P004,Pooja Articles,Patiala,2025-04-27,145
P005,Gift Hamper,Bathinda,2025-04-27,207
P005,Gift Hamper,Malout,2025-04-27,259
P005,Gift Hamper,Mohali,2025-04-27,198
P005,Gift Hamper,Rajpura,2025-04-27,264
P005,Gift Hamper,Patiala,2025-04-27,178
P001,Soft Drink ,Bathinda,2025-04-28,181
P001,Soft Drink ,Malout,2025-04-28,142
P001,Soft Drink ,Mohali,2025-04-28,200
P001,Soft Drink ,Rajpura,2025-04-28,196
P001,Soft Drink ,Patiala,2025-04-28,187
P002,Sweets ,Bathinda,2025-04-28,106
P002,Sweets ,Malout,2025-04-28,118
P002,Sweets ,Mohali,2025-04-28,164
P002,Sweets ,Rajpura,2025-04-28,144
P002,Sweets ,Patiala,2025-04-28,122
P003,Moisturizer ,Bathinda,2025-04-28,67
P003,Moisturizer ,Malout,2025-04-28,50
P003,Moisturizer ,Mohali,2025-04-28,42
P003,Moisturizer ,Rajpura,2025-04-28,92
P003,Moisturizer ,Patiala,2025-04-28,26
P004,Pooja Articles,Bathinda,2025-04-28,108
P004,Pooja Articles,Malout,2025-04-28,153
P004,Pooja Articles,Mohali,2025-04-28,187
P004,Pooja Articles,Rajpura,2025-04-28,167
P004,Pooja Articles,Patiala,2025-04-28,158
P005,Gift Hamper,Bathinda,2025-04-28,210
P005,Gift Hamper,Malout,2025-04-28,246
P005,Gift Hamper,Mohali,2025-04-28,242
P005,Gift Hamper,Rajpura,2025-04-28,222
P005,Gift Hamper,Patiala,2025-04-28,211
P001,Soft Drink ,Bathinda,2025-04-29,206
P001,Soft Drink ,Malout,2025-04-29,178
P001,Soft Drink ,Mohali,2025-04-29,170
P001,Soft Drink ,Rajpura,2025-04-29,200
P001,Soft Drink ,Patiala,2025-04-29,163
P002,Sweets ,Bathinda,2025-04-29,102
P002,Sweets ,Malout,2025-04-29,74
P002,Sweets ,Mohali,2025-04-29,124
P002,Sweets ,Rajpura,2025-04-29,146
P002,Sweets ,Patiala,2025-04-29,164
P003,Moisturizer ,Bathinda,2025-04-29,57
P003,Moisturizer ,Malout,2025-04-29,46
P003,Moisturizer ,Mohali,2025-04-29,81
P003,Moisturizer ,Rajpura,2025-04-29,68
P003,Moisturizer ,Patiala,2025-04-29,0
P004,Pooja Articles,Bathinda,2025-04-29,174
P004,Pooja Articles,Malout,2025-04-29,135
P004,Pooja Articles,Mohali,2025-04-29,152
P004,Pooja Articles,Rajpura,2025-04-29,155
P004,Pooja Articles,Patiala,2025-04-29,103
P005,Gift Hamper,Bathinda,2025-04-29,220
P005,Gift Hamper,Malout,2025-04-29,219
P005,Gift Hamper,Mohali,2025-04-29,225
P005,Gift Hamper,Rajpura,2025-04-29,239
P005,Gift Hamper,Patiala,2025-04-29,233
P001,Soft Drink ,Bathinda,2025-04-30,152
P001,Soft Drink ,Malout,2025-04-30,201
P001,Soft Drink ,Mohali,2025-04-30,198
P001,Soft Drink ,Rajpura,2025-04-30,163
P001,Soft Drink ,Patiala,2025-04-30,167
P002,Sweets ,Bathinda,2025-04-30,128
P002,Sweets ,Malout,2025-04-30,92
P002,Sweets ,Mohali,2025-04-30,106
P002,Sweets ,Rajpura,2025-04-30,74
P002,Sweets ,Patiala,2025-04-30,132
P003,Moisturizer ,Bathinda,2025-04-30,64
P003,Moisturizer ,Malout,2025-04-30,50
P003,Moisturizer ,Mohali,2025-04-30,32
P003,Moisturizer ,Rajpura,2025-04-30,36
P003,Moisturizer ,Patiala,2025-04-30,38
P004,Pooja Articles,Bathinda,2025-04-30,169
P004,Pooja Articles,Malout,2025-04-30,96
P004,Pooja Articles,Mohali,2025-04-30,144
P004,Pooja Articles,Rajpura,2025-04-30,138
P004,Pooja Articles,Patiala,2025-04-30,208
P005,Gift Hamper,Bathinda,2025-04-30,240
P005,Gift Hamper,Malout,2025-04-30,217
P005,Gift Hamper,Mohali,2025-04-30,222
P005,Gift Hamper,Rajpura,2025-04-30,215
P005,Gift Hamper,Patiala,2025-04-30,202
P001,Soft Drink ,Bathinda,2025-05-01,198
P001,Soft Drink ,Malout,2025-05-01,201
P001,Soft Drink ,Mohali,2025-05-01,203
P001,Soft Drink ,Rajpura,2025-05-01,147
P001,Soft Drink ,Patiala,2025-05-01,216
P002,Sweets ,Bathinda,2025-05-01,114
P002,Sweets ,Malout,2025-05-01,129
P002,Sweets ,Mohali,2025-05-01,90
P002,Sweets ,Rajpura,2025-05-01,97
P002,Sweets ,Patiala,2025-05-01,85
P003,Moisturizer ,Bathinda,2025-05-01,93
P003,Moisturizer ,Malout,2025-05-01,107
P003,Moisturizer ,Mohali,2025-05-01,51
P003,Moisturizer ,Rajpura,2025-05-01,46
P003,Moisturizer ,Patiala,2025-05-01,41
P004,Pooja Articles,Bathinda,2025-05-01,158
P004,Pooja Articles,Malout,2025-05-01,126
P004,Pooja Articles,Mohali,2025-05-01,109
P004,Pooja Articles,Rajpura,2025-05-01,145
P004,Pooja Articles,Patiala,2025-05-01,139
P005,Gift Hamper,Bathinda,2025-05-01,217
P005,Gift Hamper,Malout,2025-05-01,244
P005,Gift Hamper,Mohali,2025-05-01,200
P005,Gift Hamper,Rajpura,2025-05-01,276
P005,Gift Hamper,Patiala,2025-05-01,191
P001,Soft Drink ,Bathinda,2025-05-02,198
P001,Soft Drink ,Malout,2025-05-02,154
P001,Soft Drink ,Mohali,2025-05-02,212
P001,Soft Drink ,Rajpura,2025-05-02,141
P001,Soft Drink ,Patiala,2025-05-02,160
P002,Sweets ,Bathinda,2025-05-02,125
P002,Sweets ,Malout,2025-05-02,100
P002,Sweets ,Mohali,2025-05-02,149
P002,Sweets ,Rajpura,2025-05-02,116
P002,Sweets ,Patiala,2025-05-02,162
P003,Moisturizer ,Bathinda,2025-05-02,4
P003,Moisturizer ,Malout,2025-05-02,60
P003,Moisturizer ,Mohali,2025-05-02,72
P003,Moisturizer ,Rajpura,2025-05-02,80
P003,Moisturizer ,Patiala,2025-05-02,90
P004,Pooja Articles,Bathinda,2025-05-02,123
P004,Pooja Articles,Malout,2025-05-02,162
P004,Pooja Articles,Mohali,2025-05-02,180
P004,Pooja Articles,Rajpura,2025-05-02,106
P004,Pooja Articles,Patiala,2025-05-02,137
P005,Gift Hamper,Bathinda,2025-05-02,239
P005,Gift Hamper,Malout,2025-05-02,192
P005,Gift Hamper,Mohali,2025-05-02,205
P005,Gift Hamper,Rajpura,2025-05-02,221
P005,Gift Hamper,Patiala,2025-05-02,191
P001,Soft Drink ,Bathinda,2025-05-03,204
P001,Soft Drink ,Malout,2025-05-03,211
P001,Soft Drink ,Mohali,2025-05-03,161
P001,Soft Drink ,Rajpura,2025-05-03,166
P001,Soft Drink ,Patiala,2025-05-03,178
P002,Sweets ,Bathinda,2025-05-03,47
P002,Sweets ,Malout,2025-05-03,103
P002,Sweets ,Mohali,2025-05-03,106
P002,Sweets ,Rajpura,2025-05-03,87
P002,Sweets ,Patiala,2025-05-03,138
P003,Moisturizer ,Bathinda,2025-05-03,11
P003,Moisturizer ,Malout,2025-05-03,89
P003,Moisturizer ,Mohali,2025-05-03,24
P003,Moisturizer ,Rajpura,2025-05-03,53
P003,Moisturizer ,Patiala,2025-05-03,78
P004,Pooja Articles,Bathinda,2025-05-03,116
P004,Pooja Articles,Malout,2025-05-03,180
P004,Pooja Articles,Mohali,2025-05-03,145
P004,Pooja Articles,Rajpura,2025-05-03,135
P004,Pooja Articles,Patiala,2025-05-03,158
P005,Gift Hamper,Bathinda,2025-05-03,159
P005,Gift Hamper,Malout,2025-05-03,273
P005,Gift Hamper,Mohali,2025-05-03,193
P005,Gift Hamper,Rajpura,2025-05-03,205
P005,Gift Hamper,Patiala,2025-05-03,219
P001,Soft Drink ,Bathinda,2025-05-04,153
P001,Soft Drink ,Malout,2025-05-04,182
P001,Soft Drink ,Mohali,2025-05-04,162
P001,Soft Drink ,Rajpura,2025-05-04,186
P001,Soft Drink ,Patiala,2025-05-04,190
P002,Sweets ,Bathinda,2025-05-04,96
P002,Sweets ,Malout,2025-05-04,156
P002,Sweets ,Mohali,2025-05-04,120
P002,Sweets ,Rajpura,2025-05-04,134
P002,Sweets ,Patiala,2025-05-04,60
P003,Moisturizer ,Bathinda,2025-05-04,0
P003,Moisturizer ,Malout,2025-05-04,32
P003,Moisturizer ,Mohali,2025-05-04,56
P003,Moisturizer ,Rajpura,2025-05-04,89
P003,Moisturizer ,Patiala,2025-05-04,88
P004,Pooja Articles,Bathinda,2025-05-04,143
P004,Pooja Articles,Malout,2025-05-04,132
P004,Pooja Articles,Mohali,2025-05-04,152
P004,Pooja Articles,Rajpura,2025-05-04,98
P004,Pooja Articles,Patiala,2025-05-04,136
P005,Gift Hamper,Bathinda,2025-05-04,203
P005,Gift Hamper,Malout,2025-05-04,223
P005,Gift Hamper,Mohali,2025-05-04,204
P005,Gift Hamper,Rajpura,2025-05-04,237
P005,Gift Hamper,Patiala,2025-05-04,236
P001,Soft Drink ,Bathinda,2025-05-05,215
P001,Soft Drink ,Malout,2025-05-05,194
P001,Soft Drink ,Mohali,2025-05-05,188
P001,Soft Drink ,Rajpura,2025-05-05,169
P001,Soft Drink ,Patiala,2025-05-05,176
P002,Sweets ,Bathinda,2025-05-05,169
P002,Sweets ,Malout,2025-05-05,102
P002,Sweets ,Mohali,2025-05-05,155
P002,Sweets ,Rajpura,2025-05-05,55
P002,Sweets ,Patiala,2025-05-05,81
P003,Moisturizer ,Bathinda,2025-05-05,65
P003,Moisturizer ,Malout,2025-05-05,43
P003,Moisturizer ,Mohali,2025-05-05,23
P003,Moisturizer ,Rajpura,2025-05-05,6
P003,Moisturizer ,Patiala,2025-05-05,100
P004,Pooja Articles,Bathinda,2025-05-05,130
P004,Pooja Articles,Malout,2025-05-05,143
P004,Pooja Articles,Mohali,2025-05-05,137
P004,Pooja Articles,Rajpura,2025-05-05,154
P004,Pooja Articles,Patiala,2025-05-05,152
P005,Gift Hamper,Bathinda,2025-05-05,198
P005,Gift Hamper,Malout,2025-05-05,255
P005,Gift Hamper,Mohali,2025-05-05,196
P005,Gift Hamper,Rajpura,2025-05-05,229
P005,Gift Hamper,Patiala,2025-05-05,253
P001,Soft Drink ,Bathinda,2025-05-06,170
P001,Soft Drink ,Malout,2025-05-06,160
P001,Soft Drink ,Mohali,2025-05-06,193
P001,Soft Drink ,Rajpura,2025-05-06,175
P001,Soft Drink ,Patiala,2025-05-06,179
P002,Sweets ,Bathinda,2025-05-06,125
P002,Sweets ,Malout,2025-05-06,158
P002,Sweets ,Mohali,2025-05-06,101
P002,Sweets ,Rajpura,2025-05-06,75
P002,Sweets ,Patiala,2025-05-06,86
P003,Moisturizer ,Bathinda,2025-05-06,80
P003,Moisturizer ,Malout,2025-05-06,33
P003,Moisturizer ,Mohali,2025-05-06,46
P003,Moisturizer ,Rajpura,2025-05-06,78
P003,Moisturizer ,Patiala,2025-05-06,40
P004,Pooja Articles,Bathinda,2025-05-06,165
P004,Pooja Articles,Malout,2025-05-06,151
P004,Pooja Articles,Mohali,2025-05-06,136
P004,Pooja Articles,Rajpura,2025-05-06,126
P004,Pooja Articles,Patiala,2025-05-06,142
P005,Gift Hamper,Bathinda,2025-05-06,231
P005,Gift Hamper,Malout,2025-05-06,256
P005,Gift Hamper,Mohali,2025-05-06,240
P005,Gift Hamper,Rajpura,2025-05-06,224
P005,Gift Hamper,Patiala,2025-05-06,211
P001,Soft Drink ,Bathinda,2025-05-07,137
P001,Soft Drink ,Malout,2025-05-07,205
P001,Soft Drink ,Mohali,2025-05-07,202
P001,Soft Drink ,Rajpura,2025-05-07,204
P001,Soft Drink ,Patiala,2025-05-07,194
P002,Sweets ,Bathinda,2025-05-07,123
P002,Sweets ,Malout,2025-05-07,135
P002,Sweets ,Mohali,2025-05-07,162
P002,Sweets ,Rajpura,2025-05-07,84
P002,Sweets ,Patiala,2025-05-07,143
P003,Moisturizer ,Bathinda,2025-05-07,75
P003,Moisturizer ,Malout,2025-05-07,47
P003,Moisturizer ,Mohali,2025-05-07,87
P003,Moisturizer ,Rajpura,2025-05-07,58
P003,Moisturizer ,Patiala,2025-05-07,72
P004,Pooja Articles,Bathinda,2025-05-07,138
P004,Pooja Articles,Malout,2025-05-07,110
P004,Pooja Articles,Mohali,2025-05-07,195
P004,Pooja Articles,Rajpura,2025-05-07,185
P004,Pooja Articles,Patiala,2025-05-07,148
P005,Gift Hamper,Bathinda,2025-05-07,251
P005,Gift Hamper,Malout,2025-05-07,189
P005,Gift Hamper,Mohali,2025-05-07,244
P005,Gift Hamper,Rajpura,2025-05-07,221
P005,Gift Hamper,Patiala,2025-05-07,264
P001,Soft Drink ,Bathinda,2025-05-08,163
P001,Soft Drink ,Malout,2025-05-08,181
P001,Soft Drink ,Mohali,2025-05-08,178
P001,Soft Drink ,Rajpura,2025-05-08,201
P001,Soft Drink ,Patiala,2025-05-08,147
P002,Sweets ,Bathinda,2025-05-08,137
P002,Sweets ,Malout,2025-05-08,103
P002,Sweets ,Mohali,2025-05-08,120
P002,Sweets ,Rajpura,2025-05-08,112
P002,Sweets ,Patiala,2025-05-08,99
P003,Moisturizer ,Bathinda,2025-05-08,96
P003,Moisturizer ,Malout,2025-05-08,55
P003,Moisturizer ,Mohali,2025-05-08,83
P003,Moisturizer ,Rajpura,2025-05-08,84
P003,Moisturizer ,Patiala,2025-05-08,56
P004,Pooja Articles,Bathinda,2025-05-08,135
P004,Pooja Articles,Malout,2025-05-08,120
P004,Pooja Articles,Mohali,2025-05-08,139
P004,Pooja Articles,Rajpura,2025-05-08,107
P004,Pooja Articles,Patiala,2025-05-08,150
P005,Gift Hamper,Bathinda,2025-05-08,188
P005,Gift Hamper,Malout,2025-05-08,248
P005,Gift Hamper,Mohali,2025-05-08,228
P005,Gift Hamper,Rajpura,2025-05-08,170
P005,Gift Hamper,Patiala,2025-05-08,259
P001,Soft Drink ,Bathinda,2025-05-09,229
P001,Soft Drink ,Malout,2025-05-09,170
P001,Soft Drink ,Mohali,2025-05-09,191
P001,Soft Drink ,Rajpura,2025-05-09,239
P001,Soft Drink ,Patiala,2025-05-09,197
P002,Sweets ,Bathinda,2025-05-09,69
P002,Sweets ,Malout,2025-05-09,136
P002,Sweets ,Mohali,2025-05-09,163
P002,Sweets ,Rajpura,2025-05-09,62
P002,Sweets ,Patiala,2025-05-09,135
P003,Moisturizer ,Bathinda,2025-05-09,45
P003,Moisturizer ,Malout,2025-05-09,69
P003,Moisturizer ,Mohali,2025-05-09,82
P003,Moisturizer ,Rajpura,2025-05-09,80
P003,Moisturizer ,Patiala,2025-05-09,65
P004,Pooja Articles,Bathinda,2025-05-09,162
P004,Pooja Articles,Malout,2025-05-09,149
P004,Pooja Articles,Mohali,2025-05-09,122
P004,Pooja Articles,Rajpura,2025-05-09,154
P004,Pooja Articles,Patiala,2025-05-09,90
P005,Gift Hamper,Bathinda,2025-05-09,199
P005,Gift Hamper,Malout,2025-05-09,205
P005,Gift Hamper,Mohali,2025-05-09,208
P005,Gift Hamper,Rajpura,2025-05-09,206
P005,Gift Hamper,Patiala,2025-05-09,231
P001,Soft Drink ,Bathinda,2025-05-10,200
P001,Soft Drink ,Malout,2025-05-10,158
P001,Soft Drink ,Mohali,2025-05-10,199
P001,Soft Drink ,Rajpura,2025-05-10,182
P001,Soft Drink ,Patiala,2025-05-10,167
P002,Sweets ,Bathinda,2025-05-10,100
P002,Sweets ,Malout,2025-05-10,143
P002,Sweets ,Mohali,2025-05-10,119
P002,Sweets ,Rajpura,2025-05-10,105
P002,Sweets ,Patiala,2025-05-10,156
P003,Moisturizer ,Bathinda,2025-05-10,38
P003,Moisturizer ,Malout,2025-05-10,51
P003,Moisturizer ,Mohali,2025-05-10,44
P003,Moisturizer ,Rajpura,2025-05-10,88
P003,Moisturizer ,Patiala,2025-05-10,91
P004,Pooja Articles,Bathinda,2025-05-10,150
P004,Pooja Articles,Malout,2025-05-10,143
P004,Pooja Articles,Mohali,2025-05-10,154
P004,Pooja Articles,Rajpura,2025-05-10,150
P004,Pooja Articles,Patiala,2025-05-10,123
P005,Gift Hamper,Bathinda,2025-05-10,236
P005,Gift Hamper,Malout,2025-05-10,238
P005,Gift Hamper,Mohali,2025-05-10,236
P005,Gift Hamper,Rajpura,2025-05-10,244
P005,Gift Hamper,Patiala,2025-05-10,248
P001,Soft Drink ,Bathinda,2025-05-11,169
P001,Soft Drink ,Malout,2025-05-11,186
P001,Soft Drink ,Mohali,2025-05-11,149
P001,Soft Drink ,Rajpura,2025-05-11,165
P001,Soft Drink ,Patiala,2025-05-11,198
P002,Sweets ,Bathinda,2025-05-11,122
P002,Sweets ,Malout,2025-05-11,92
P002,Sweets ,Mohali,2025-05-11,101
P002,Sweets ,Rajpura,2025-05-11,96
P002,Sweets ,Patiala,2025-05-11,148
P003,Moisturizer ,Bathinda,2025-05-11,43
P003,Moisturizer ,Malout,2025-05-11,50
P003,Moisturizer ,Mohali,2025-05-11,12
P003,Moisturizer ,Rajpura,2025-05-11,88
P003,Moisturizer ,Patiala,2025-05-11,87
P004,Pooja Articles,Bathinda,2025-05-11,147
P004,Pooja Articles,Malout,2025-05-11,155
P004,Pooja Articles,Mohali,2025-05-11,99
P004,Pooja Articles,Rajpura,2025-05-11,166
P004,Pooja Articles,Patiala,2025-05-11,165
P005,Gift Hamper,Bathinda,2025-05-11,225
P005,Gift Hamper,Malout,2025-05-11,212
P005,Gift Hamper,Mohali,2025-05-11,210
P005,Gift Hamper,Rajpura,2025-05-11,238
P005,Gift Hamper,Patiala,2025-05-11,233
P001,Soft Drink ,Bathinda,2025-05-12,204
P001,Soft Drink ,Malout,2025-05-12,143
P001,Soft Drink ,Mohali,2025-05-12,176
P001,Soft Drink ,Rajpura,2025-05-12,167
P001,Soft Drink ,Patiala,2025-05-12,180
P002,Sweets ,Bathinda,2025-05-12,164
P002,Sweets ,Malout,2025-05-12,140
P002,Sweets ,Mohali,2025-05-12,148
P002,Sweets ,Rajpura,2025-05-12,100
P002,Sweets ,Patiala,2025-05-12,88
P003,Moisturizer ,Bathinda,2025-05-12,25
P003,Moisturizer ,Malout,2025-05-12,48
P003,Moisturizer ,Mohali,2025-05-12,26
P003,Moisturizer ,Rajpura,2025-05-12,95
P003,Moisturizer ,Patiala,2025-05-12,80
P004,Pooja Articles,Bathinda,2025-05-12,133
P004,Pooja Articles,Malout,2025-05-12,166
P004,Pooja Articles,Mohali,2025-05-12,176
P004,Pooja Articles,Rajpura,2025-05-12,151
P004,Pooja Articles,Patiala,2025-05-12,182
P005,Gift Hamper,Bathinda,2025-05-12,227
P005,Gift Hamper,Malout,2025-05-12,159
P005,Gift Hamper,Mohali,2025-05-12,251
P005,Gift Hamper,Rajpura,2025-05-12,209
P005,Gift Hamper,Patiala,2025-05-12,220
P001,Soft Drink ,Bathinda,2025-05-13,193
P001,Soft Drink ,Malout,2025-05-13,179
P001,Soft Drink ,Mohali,2025-05-13,166
P001,Soft Drink ,Rajpura,2025-05-13,176
P001,Soft Drink ,Patiala,2025-05-13,190
P002,Sweets ,Bathinda,2025-05-13,127
P002,Sweets ,Malout,2025-05-13,168
P002,Sweets ,Mohali,2025-05-13,106
P002,Sweets ,Rajpura,2025-05-13,86
P002,Sweets ,Patiala,2025-05-13,130
P003,Moisturizer ,Bathinda,2025-05-13,65
P003,Moisturizer ,Malout,2025-05-13,75
P003,Moisturizer ,Mohali,2025-05-13,8
P003,Moisturizer ,Rajpura,2025-05-13,85
P003,Moisturizer ,Patiala,2025-05-13,61
P004,Pooja Articles,Bathinda,2025-05-13,111
P004,Pooja Articles,Malout,2025-05-13,145
P004,Pooja Articles,Mohali,2025-05-13,163
P004,Pooja Articles,Rajpura,2025-05-13,162
P004,Pooja Articles,Patiala,2025-05-13,160
P005,Gift Hamper,Bathinda,2025-05-13,262
P005,Gift Hamper,Malout,2025-05-13,220
P005,Gift Hamper,Mohali,2025-05-13,234
P005,Gift Hamper,Rajpura,2025-05-13,218
P005,Gift Hamper,Patiala,2025-05-13,234
P001,Soft Drink ,Bathinda,2025-05-14,151
P001,Soft Drink ,Malout,2025-05-14,152
P001,Soft Drink ,Mohali,2025-05-14,178
P001,Soft Drink ,Rajpura,2025-05-14,216
P001,Soft Drink ,Patiala,2025-05-14,176
P002,Sweets ,Bathinda,2025-05-14,128
P002,Sweets ,Malout,2025-05-14,159
P002,Sweets ,Mohali,2025-05-14,69
P002,Sweets ,Rajpura,2025-05-14,136
P002,Sweets ,Patiala,2025-05-14,88
P003,Moisturizer ,Bathinda,2025-05-14,25
P003,Moisturizer ,Malout,2025-05-14,61
P003,Moisturizer ,Mohali,2025-05-14,73
P003,Moisturizer ,Rajpura,2025-05-14,22
P003,Moisturizer ,Patiala,2025-05-14,78
P004,Pooja Articles,Bathinda,2025-05-14,214
P004,Pooja Articles,Malout,2025-05-14,176
P004,Pooja Articles,Mohali,2025-05-14,153
P004,Pooja Articles,Rajpura,2025-05-14,144
P004,Pooja Articles,Patiala,2025-05-14,116
P005,Gift Hamper,Bathinda,2025-05-14,223
P005,Gift Hamper,Malout,2025-05-14,261
P005,Gift Hamper,Mohali,2025-05-14,230
P005,Gift Hamper,Rajpura,2025-05-14,239
P005,Gift Hamper,Patiala,2025-05-14,255
P001,Soft Drink ,Bathinda,2025-05-15,207
P001,Soft Drink ,Malout,2025-05-15,162
P001,Soft Drink ,Mohali,2025-05-15,186
P001,Soft Drink ,Rajpura,2025-05-15,177
P001,Soft Drink ,Patiala,2025-05-15,206
P002,Sweets ,Bathinda,2025-05-15,136
P002,Sweets ,Malout,2025-05-15,109
P002,Sweets ,Mohali,2025-05-15,121
P002,Sweets ,Rajpura,2025-05-15,132
P002,Sweets ,Patiala,2025-05-15,95
P003,Moisturizer ,Bathinda,2025-05-15,57
P003,Moisturizer ,Malout,2025-05-15,79
P003,Moisturizer ,Mohali,2025-05-15,66
P003,Moisturizer ,Rajpura,2025-05-15,31
P003,Moisturizer ,Patiala,2025-05-15,87
P004,Pooja Articles,Bathinda,2025-05-15,177
P004,Pooja Articles,Malout,2025-05-15,186
P004,Pooja Articles,Mohali,2025-05-15,164
P004,Pooja Articles,Rajpura,2025-05-15,172
P004,Pooja Articles,Patiala,2025-05-15,185
P005,Gift Hamper,Bathinda,2025-05-15,216
P005,Gift Hamper,Malout,2025-05-15,237
P005,Gift Hamper,Mohali,2025-05-15,194
P005,Gift Hamper,Rajpura,2025-05-15,264
P005,Gift Hamper,Patiala,2025-05-15,183
P001,Soft Drink ,Bathinda,2025-05-16,207
P001,Soft Drink ,Malout,2025-05-16,167
P001,Soft Drink ,Mohali,2025-05-16,178
P001,Soft Drink ,Rajpura,2025-05-16,195
P001,Soft Drink ,Patiala,2025-05-16,204
P002,Sweets ,Bathinda,2025-05-16,143
P002,Sweets ,Malout,2025-05-16,80
P002,Sweets ,Mohali,2025-05-16,115
P002,Sweets ,Rajpura,2025-05-16,86
P002,Sweets ,Patiala,2025-05-16,74
P003,Moisturizer ,Bathinda,2025-05-16,57
P003,Moisturizer ,Malout,2025-05-16,72
P003,Moisturizer ,Mohali,2025-05-16,51
P003,Moisturizer ,Rajpura,2025-05-16,79
P003,Moisturizer ,Patiala,2025-05-16,32
P004,Pooja Articles,Bathinda,2025-05-16,148
P004,Pooja Articles,Malout,2025-05-16,144
P004,Pooja Articles,Mohali,2025-05-16,146
P004,Pooja Articles,Rajpura,2025-05-16,177
P004,Pooja Articles,Patiala,2025-05-16,100
P005,Gift Hamper,Bathinda,2025-05-16,209
P005,Gift Hamper,Malout,2025-05-16,215
P005,Gift Hamper,Mohali,2025-05-16,192
P005,Gift Hamper,Rajpura,2025-05-16,184
P005,Gift Hamper,Patiala,2025-05-16,210
P001,Soft Drink ,Bathinda,2025-05-17,170
P001,Soft Drink ,Malout,2025-05-17,171
P001,Soft Drink ,Mohali,2025-05-17,189
P001,Soft Drink ,Rajpura,2025-05-17,173
P001,Soft Drink ,Patiala,2025-05-17,161
P002,Sweets ,Bathinda,2025-05-17,113
P002,Sweets ,Malout,2025-05-17,111
P002,Sweets ,Mohali,2025-05-17,150
P002,Sweets ,Rajpura,2025-05-17,121
P002,Sweets ,Patiala,2025-05-17,121
P003,Moisturizer ,Bathinda,2025-05-17,0
P003,Moisturizer ,Malout,2025-05-17,90
P003,Moisturizer ,Mohali,2025-05-17,35
P003,Moisturizer ,Rajpura,2025-05-17,75
P003,Moisturizer ,Patiala,2025-05-17,36
P004,Pooja Articles,Bathinda,2025-05-17,142
P004,Pooja Articles,Malout,2025-05-17,161
P004,Pooja Articles,Mohali,2025-05-17,137
P004,Pooja Articles,Rajpura,2025-05-17,113
P004,Pooja Articles,Patiala,2025-05-17,127
P005,Gift Hamper,Bathinda,2025-05-17,174
P005,Gift Hamper,Malout,2025-05-17,225
P005,Gift Hamper,Mohali,2025-05-17,227
P005,Gift Hamper,Rajpura,2025-05-17,225
P005,Gift Hamper,Patiala,2025-05-17,255
P001,Soft Drink ,Bathinda,2025-05-18,235
P001,Soft Drink ,Malout,2025-05-18,166
P001,Soft Drink ,Mohali,2025-05-18,163
P001,Soft Drink ,Rajpura,2025-05-18,178
P001,Soft Drink ,Patiala,2025-05-18,167
P002,Sweets ,Bathinda,2025-05-18,141
P002,Sweets ,Malout,2025-05-18,108
P002,Sweets ,Mohali,2025-05-18,129
P002,Sweets ,Rajpura,2025-05-18,45
P002,Sweets ,Patiala,2025-05-18,84
P003,Moisturizer ,Bathinda,2025-05-18,35
P003,Moisturizer ,Malout,2025-05-18,42
P003,Moisturizer ,Mohali,2025-05-18,124
P003,Moisturizer ,Rajpura,2025-05-18,84
P003,Moisturizer ,Patiala,2025-05-18,74
P004,Pooja Articles,Bathinda,2025-05-18,193
P004,Pooja Articles,Malout,2025-05-18,130
P004,Pooja Articles,Mohali,2025-05-18,168
P004,Pooja Articles,Rajpura,2025-05-18,210
P004,Pooja Articles,Patiala,2025-05-18,158
P005,Gift Hamper,Bathinda,2025-05-18,245
P005,Gift Hamper,Malout,2025-05-18,241
P005,Gift Hamper,Mohali,2025-05-18,209
P005,Gift Hamper,Rajpura,2025-05-18,210
P005,Gift Hamper,Patiala,2025-05-18,247
P001,Soft Drink ,Bathinda,2025-05-19,219
P001,Soft Drink ,Malout,2025-05-19,192
P001,Soft Drink ,Mohali,2025-05-19,159
P001,Soft Drink ,Rajpura,2025-05-19,193
P001,Soft Drink ,Patiala,2025-05-19,235
P002,Sweets ,Bathinda,2025-05-19,105
P002,Sweets ,Malout,2025-05-19,119
P002,Sweets ,Mohali,2025-05-19,118
P002,Sweets ,Rajpura,2025-05-19,131
P002,Sweets ,Patiala,2025-05-19,88
P003,Moisturizer ,Bathinda,2025-05-19,59
P003,Moisturizer ,Malout,2025-05-19,55
P003,Moisturizer ,Mohali,2025-05-19,36
P003,Moisturizer ,Rajpura,2025-05-19,46
P003,Moisturizer ,Patiala,2025-05-19,87
P004,Pooja Articles,Bathinda,2025-05-19,142
P004,Pooja Articles,Malout,2025-05-19,118
P004,Pooja Articles,Mohali,2025-05-19,126
P004,Pooja Articles,Rajpura,2025-05-19,145
P004,Pooja Articles,Patiala,2025-05-19,154
P005,Gift Hamper,Bathinda,2025-05-19,228
P005,Gift Hamper,Malout,2025-05-19,201
P005,Gift Hamper,Mohali,2025-05-19,239
P005,Gift Hamper,Rajpura,2025-05-19,237
P005,Gift Hamper,Patiala,2025-05-19,224
P001,Soft Drink ,Bathinda,2025-05-20,184
P001,Soft Drink ,Malout,2025-05-20,178
P001,Soft Drink ,Mohali,2025-05-20,174
P001,Soft Drink ,Rajpura,2025-05-20,157
P001,Soft Drink ,Patiala,2025-05-20,186
P002,Sweets ,Bathinda,2025-05-20,158
P002,Sweets ,Malout,2025-05-20,85
P002,Sweets ,Mohali,2025-05-20,142
P002,Sweets ,Rajpura,2025-05-20,136
P002,Sweets ,Patiala,2025-05-20,115
P003,Moisturizer ,Bathinda,2025-05-20,31
P003,Moisturizer ,Malout,2025-05-20,50
P003,Moisturizer ,Mohali,2025-05-20,86
P003,Moisturizer ,Rajpura,2025-05-20,40
P003,Moisturizer ,Patiala,2025-05-20,54
P004,Pooja Articles,Bathinda,2025-05-20,154
P004,Pooja Articles,Malout,2025-05-20,114
P004,Pooja Articles,Mohali,2025-05-20,164
P004,Pooja Articles,Rajpura,2025-05-20,124
P004,Pooja Articles,Patiala,2025-05-20,135
P005,Gift Hamper,Bathinda,2025-05-20,185
P005,Gift Hamper,Malout,2025-05-20,194
P005,Gift Hamper,Mohali,2025-05-20,212
P005,Gift Hamper,Rajpura,2025-05-20,223
P005,Gift Hamper,Patiala,2025-05-20,190
P001,Soft Drink ,Bathinda,2025-05-21,171
P001,Soft Drink ,Malout,2025-05-21,216
P001,Soft Drink ,Mohali,2025-05-21,167
P001,Soft Drink ,Rajpura,2025-05-21,203
P001,Soft Drink ,Patiala,2025-05-21,194
P002,Sweets ,Bathinda,2025-05-21,148
P002,Sweets ,Malout,2025-05-21,143
P002,Sweets ,Mohali,2025-05-21,124
P002,Sweets ,Rajpura,2025-05-21,121
P002,Sweets ,Patiala,2025-05-21,98
P003,Moisturizer ,Bathinda,2025-05-21,41
P003,Moisturizer ,Malout,2025-05-21,35
P003,Moisturizer ,Mohali,2025-05-21,26
P003,Moisturizer ,Rajpura,2025-05-21,20
P003,Moisturizer ,Patiala,2025-05-21,63
P004,Pooja Articles,Bathinda,2025-05-21,174
P004,Pooja Articles,Malout,2025-05-21,166
P004,Pooja Articles,Mohali,2025-05-21,113
P004,Pooja Articles,Rajpura,2025-05-21,114
P004,Pooja Articles,Patiala,2025-05-21,145
P005,Gift Hamper,Bathinda,2025-05-21,257
P005,Gift Hamper,Malout,2025-05-21,246
P005,Gift Hamper,Mohali,2025-05-21,215
P005,Gift Hamper,Rajpura,2025-05-21,250
P005,Gift Hamper,Patiala,2025-05-21,241
P001,Soft Drink ,Bathinda,2025-05-22,195
P001,Soft Drink ,Malout,2025-05-22,196
P001,Soft Drink ,Mohali,2025-05-22,148
P001,Soft Drink ,Rajpura,2025-05-22,153
P001,Soft Drink ,Patiala,2025-05-22,201
P002,Sweets ,Bathinda,2025-05-22,130
P002,Sweets ,Malout,2025-05-22,115
P002,Sweets ,Mohali,2025-05-22,130
P002,Sweets ,Rajpura,2025-05-22,91
P002,Sweets ,Patiala,2025-05-22,115
P003,Moisturizer ,Bathinda,2025-05-22,40
P003,Moisturizer ,Malout,2025-05-22,65
P003,Moisturizer ,Mohali,2025-05-22,47
P003,Moisturizer ,Rajpura,2025-05-22,79
P003,Moisturizer ,Patiala,2025-05-22,125
P004,Pooja Articles,Bathinda,2025-05-22,148
P004,Pooja Articles,Malout,2025-05-22,120
P004,Pooja Articles,Mohali,2025-05-22,144
P004,Pooja Articles,Rajpura,2025-05-22,140
P004,Pooja Articles,Patiala,2025-05-22,151
P005,Gift Hamper,Bathinda,2025-05-22,201
P005,Gift Hamper,Malout,2025-05-22,206
P005,Gift Hamper,Mohali,2025-05-22,229
P005,Gift Hamper,Rajpura,2025-05-22,268
P005,Gift Hamper,Patiala,2025-05-22,271
P001,Soft Drink ,Bathinda,2025-05-23,131
P001,Soft Drink ,Malout,2025-05-23,210
P001,Soft Drink ,Mohali,2025-05-23,157
P001,Soft Drink ,Rajpura,2025-05-23,185
P001,Soft Drink ,Patiala,2025-05-23,144
P002,Sweets ,Bathinda,2025-05-23,122
P002,Sweets ,Malout,2025-05-23,113
P002,Sweets ,Mohali,2025-05-23,117
P002,Sweets ,Rajpura,2025-05-23,121
P002,Sweets ,Patiala,2025-05-23,151
P003,Moisturizer ,Bathinda,2025-05-23,48
P003,Moisturizer ,Malout,2025-05-23,96
P003,Moisturizer ,Mohali,2025-05-23,31
P003,Moisturizer ,Rajpura,2025-05-23,93
P003,Moisturizer ,Patiala,2025-05-23,50
P004,Pooja Articles,Bathinda,2025-05-23,182
P004,Pooja Articles,Malout,2025-05-23,139
P004,Pooja Articles,Mohali,2025-05-23,148
P004,Pooja Articles,Rajpura,2025-05-23,121
P004,Pooja Articles,Patiala,2025-05-23,166
P005,Gift Hamper,Bathinda,2025-05-23,212
P005,Gift Hamper,Malout,2025-05-23,241
P005,Gift Hamper,Mohali,2025-05-23,196
P005,Gift Hamper,Rajpura,2025-05-23,254
P005,Gift Hamper,Patiala,2025-05-23,216
P001,Soft Drink ,Bathinda,2025-05-24,163
P001,Soft Drink ,Malout,2025-05-24,116
P001,Soft Drink ,Mohali,2025-05-24,176
P001,Soft Drink ,Rajpura,2025-05-24,142
P001,Soft Drink ,Patiala,2025-05-24,185
P002,Sweets ,Bathinda,2025-05-24,130
P002,Sweets ,Malout,2025-05-24,107
P002,Sweets ,Mohali,2025-05-24,89
P002,Sweets ,Rajpura,2025-05-24,140
P002,Sweets ,Patiala,2025-05-24,96
P003,Moisturizer ,Bathinda,2025-05-24,75
P003,Moisturizer ,Malout,2025-05-24,72
P003,Moisturizer ,Mohali,2025-05-24,76
P003,Moisturizer ,Rajpura,2025-05-24,47
P003,Moisturizer ,Patiala,2025-05-24,33
P004,Pooja Articles,Bathinda,2025-05-24,182
P004,Pooja Articles,Malout,2025-05-24,165
P004,Pooja Articles,Mohali,2025-05-24,165
P004,Pooja Articles,Rajpura,2025-05-24,172
P004,Pooja Articles,Patiala,2025-05-24,170
P005,Gift Hamper,Bathinda,2025-05-24,190
P005,Gift Hamper,Malout,2025-05-24,218
P005,Gift Hamper,Mohali,2025-05-24,229
P005,Gift Hamper,Rajpura,2025-05-24,258
P005,Gift Hamper,Patiala,2025-05-24,234
P001,Soft Drink ,Bathinda,2025-05-25,223
P001,Soft Drink ,Malout,2025-05-25,151
P001,Soft Drink ,Mohali,2025-05-25,214
P001,Soft Drink ,Rajpura,2025-05-25,200
P001,Soft Drink ,Patiala,2025-05-25,142
P002,Sweets ,Bathinda,2025-05-25,154
P002,Sweets ,Malout,2025-05-25,140
P002,Sweets ,Mohali,2025-05-25,126
P002,Sweets ,Rajpura,2025-05-25,138
P002,Sweets ,Patiala,2025-05-25,86
P003,Moisturizer ,Bathinda,2025-05-25,43
P003,Moisturizer ,Malout,2025-05-25,48
P003,Moisturizer ,Mohali,2025-05-25,2
P003,Moisturizer ,Rajpura,2025-05-25,39
P003,Moisturizer ,Patiala,2025-05-25,107
P004,Pooja Articles,Bathinda,2025-05-25,146
P004,Pooja Articles,Malout,2025-05-25,137
P004,Pooja Articles,Mohali,2025-05-25,132
P004,Pooja Articles,Rajpura,2025-05-25,174
P004,Pooja Articles,Patiala,2025-05-25,140
P005,Gift Hamper,Bathinda,2025-05-25,214
P005,Gift Hamper,Malout,2025-05-25,201
P005,Gift Hamper,Mohali,2025-05-25,221
P005,Gift Hamper,Rajpura,2025-05-25,264
P005,Gift Hamper,Patiala,2025-05-25,183
P001,Soft Drink ,Bathinda,2025-05-26,183
P001,Soft Drink ,Malout,2025-05-26,188
P001,Soft Drink ,Mohali,2025-05-26,199
P001,Soft Drink ,Rajpura,2025-05-26,162
P001,Soft Drink ,Patiala,2025-05-26,205
P002,Sweets ,Bathinda,2025-05-26,116
P002,Sweets ,Malout,2025-05-26,117
P002,Sweets ,Mohali,2025-05-26,130
P002,Sweets ,Rajpura,2025-05-26,134
P002,Sweets ,Patiala,2025-05-26,122
P003,Moisturizer ,Bathinda,2025-05-26,106
P003,Moisturizer ,Malout,2025-05-26,32
P003,Moisturizer ,Mohali,2025-05-26,59
P003,Moisturizer ,Rajpura,2025-05-26,68
P003,Moisturizer ,Patiala,2025-05-26,116
P004,Pooja Articles,Bathinda,2025-05-26,146
P004,Pooja Articles,Malout,2025-05-26,137
P004,Pooja Articles,Mohali,2025-05-26,161
P004,Pooja Articles,Rajpura,2025-05-26,154
P004,Pooja Articles,Patiala,2025-05-26,144
P005,Gift Hamper,Bathinda,2025-05-26,209
P005,Gift Hamper,Malout,2025-05-26,231
P005,Gift Hamper,Mohali,2025-05-26,236
P005,Gift Hamper,Rajpura,2025-05-26,219
P005,Gift Hamper,Patiala,2025-05-26,248
P001,Soft Drink ,Bathinda,2025-05-27,222
P001,Soft Drink ,Malout,2025-05-27,164
P001,Soft Drink ,Mohali,2025-05-27,201
P001,Soft Drink ,Rajpura,2025-05-27,175
P001,Soft Drink ,Patiala,2025-05-27,193
P002,Sweets ,Bathinda,2025-05-27,116
P002,Sweets ,Malout,2025-05-27,115
P002,Sweets ,Mohali,2025-05-27,76
P002,Sweets ,Rajpura,2025-05-27,124
P002,Sweets ,Patiala,2025-05-27,113
P003,Moisturizer ,Bathinda,2025-05-27,55
P003,Moisturizer ,Malout,2025-05-27,51
P003,Moisturizer ,Mohali,2025-05-27,72
P003,Moisturizer ,Rajpura,2025-05-27,41
P003,Moisturizer ,Patiala,2025-05-27,54
P004,Pooja Articles,Bathinda,2025-05-27,160
P004,Pooja Articles,Malout,2025-05-27,178
P004,Pooja Articles,Mohali,2025-05-27,149
P004,Pooja Articles,Rajpura,2025-05-27,180
P004,Pooja Articles,Patiala,2025-05-27,190
P005,Gift Hamper,Bathinda,2025-05-27,207
P005,Gift Hamper,Malout,2025-05-27,219
P005,Gift Hamper,Mohali,2025-05-27,228
P005,Gift Hamper,Rajpura,2025-05-27,234
P005,Gift Hamper,Patiala,2025-05-27,197
P001,Soft Drink ,Bathinda,2025-05-28,154
P001,Soft Drink ,Malout,2025-05-28,196
P001,Soft Drink ,Mohali,2025-05-28,197
P001,Soft Drink ,Rajpura,2025-05-28,164
P001,Soft Drink ,Patiala,2025-05-28,153
P002,Sweets ,Bathinda,2025-05-28,142
P002,Sweets ,Malout,2025-05-28,124
P002,Sweets ,Mohali,2025-05-28,106
P002,Sweets ,Rajpura,2025-05-28,157
P002,Sweets ,Patiala,2025-05-28,128
P003,Moisturizer ,Bathinda,2025-05-28,68
P003,Moisturizer ,Malout,2025-05-28,82
P003,Moisturizer ,Mohali,2025-05-28,6
P003,Moisturizer ,Rajpura,2025-05-28,117
P003,Moisturizer ,Patiala,2025-05-28,38
P004,Pooja Articles,Bathinda,2025-05-28,144
P004,Pooja Articles,Malout,2025-05-28,154
P004,Pooja Articles,Mohali,2025-05-28,166
P004,Pooja Articles,Rajpura,2025-05-28,144
P004,Pooja Articles,Patiala,2025-05-28,121
P005,Gift Hamper,Bathinda,2025-05-28,206
P005,Gift Hamper,Malout,2025-05-28,221
P005,Gift Hamper,Mohali,2025-05-28,191
P005,Gift Hamper,Rajpura,2025-05-28,225
P005,Gift Hamper,Patiala,2025-05-28,266
P001,Soft Drink ,Bathinda,2025-05-29,137
P001,Soft Drink ,Malout,2025-05-29,205
P001,Soft Drink ,Mohali,2025-05-29,228
P001,Soft Drink ,Rajpura,2025-05-29,107
P001,Soft Drink ,Patiala,2025-05-29,195
P002,Sweets ,Bathinda,2025-05-29,108
P002,Sweets ,Malout,2025-05-29,140
P002,Sweets ,Mohali,2025-05-29,111
P002,Sweets ,Rajpura,2025-05-29,104
P002,Sweets ,Patiala,2025-05-29,125
P003,Moisturizer ,Bathinda,2025-05-29,20
P003,Moisturizer ,Malout,2025-05-29,79
P003,Moisturizer ,Mohali,2025-05-29,45
P003,Moisturizer ,Rajpura,2025-05-29,49
P003,Moisturizer ,Patiala,2025-05-29,74
P004,Pooja Articles,Bathinda,2025-05-29,123
P004,Pooja Articles,Malout,2025-05-29,147
P004,Pooja Articles,Mohali,2025-05-29,145
P004,Pooja Articles,Rajpura,2025-05-29,159
P004,Pooja Articles,Patiala,2025-05-29,135
P005,Gift Hamper,Bathinda,2025-05-29,205
P005,Gift Hamper,Malout,2025-05-29,226
P005,Gift Hamper,Mohali,2025-05-29,190
P005,Gift Hamper,Rajpura,2025-05-29,217
P005,Gift Hamper,Patiala,2025-05-29,241
P001,Soft Drink ,Bathinda,2025-05-30,177
P001,Soft Drink ,Malout,2025-05-30,178
P001,Soft Drink ,Mohali,2025-05-30,218
P001,Soft Drink ,Rajpura,2025-05-30,166
P001,Soft Drink ,Patiala,2025-05-30,198
P002,Sweets ,Bathinda,2025-05-30,112
P002,Sweets ,Malout,2025-05-30,96
P002,Sweets ,Mohali,2025-05-30,134
P002,Sweets ,Rajpura,2025-05-30,85
P002,Sweets ,Patiala,2025-05-30,95
P003,Moisturizer ,Bathinda,2025-05-30,86
P003,Moisturizer ,Malout,2025-05-30,63
P003,Moisturizer ,Mohali,2025-05-30,64
P003,Moisturizer ,Rajpura,2025-05-30,78
P003,Moisturizer ,Patiala,2025-05-30,59
P004,Pooja Articles,Bathinda,2025-05-30,149
P004,Pooja Articles,Malout,2025-05-30,165
P004,Pooja Articles,Mohali,2025-05-30,184
P004,Pooja Articles,Rajpura,2025-05-30,169
P004,Pooja Articles,Patiala,2025-05-30,137
P005,Gift Hamper,Bathinda,2025-05-30,195
P005,Gift Hamper,Malout,2025-05-30,248
P005,Gift Hamper,Mohali,2025-05-30,216
P005,Gift Hamper,Rajpura,2025-05-30,229
P005,Gift Hamper,Patiala,2025-05-30,219
P001,Soft Drink ,Bathinda,2025-05-31,200
P001,Soft Drink ,Malout,2025-05-31,227
P001,Soft Drink ,Mohali,2025-05-31,197
P001,Soft Drink ,Rajpura,2025-05-31,163
P001,Soft Drink ,Patiala,2025-05-31,149
P002,Sweets ,Bathinda,2025-05-31,117
P002,Sweets ,Malout,2025-05-31,118
P002,Sweets ,Mohali,2025-05-31,99
P002,Sweets ,Rajpura,2025-05-31,157
P002,Sweets ,Patiala,2025-05-31,155
P003,Moisturizer ,Bathinda,2025-05-31,51
P003,Moisturizer ,Malout,2025-05-31,65
P003,Moisturizer ,Mohali,2025-05-31,59
P003,Moisturizer ,Rajpura,2025-05-31,87
P003,Moisturizer ,Patiala,2025-05-31,45
P004,Pooja Articles,Bathinda,2025-05-31,161
P004,Pooja Articles,Malout,2025-05-31,178
P004,Pooja Articles,Mohali,2025-05-31,139
P004,Pooja Articles,Rajpura,2025-05-31,135
P004,Pooja Articles,Patiala,2025-05-31,109
P005,Gift Hamper,Bathinda,2025-05-31,213
P005,Gift Hamper,Malout,2025-05-31,214
P005,Gift Hamper,Mohali,2025-05-31,226
P005,Gift Hamper,Rajpura,2025-05-31,230
P005,Gift Hamper,Patiala,2025-05-31,240
P001,Soft Drink ,Bathinda,2025-06-01,178
P001,Soft Drink ,Malout,2025-06-01,154
P001,Soft Drink ,Mohali,2025-06-01,185
P001,Soft Drink ,Rajpura,2025-06-01,183
P001,Soft Drink ,Patiala,2025-06-01,240
P002,Sweets ,Bathinda,2025-06-01,150
P002,Sweets ,Malout,2025-06-01,113
P002,Sweets ,Mohali,2025-06-01,103
P002,Sweets ,Rajpura,2025-06-01,122
P002,Sweets ,Patiala,2025-06-01,152
P003,Moisturizer ,Bathinda,2025-06-01,94
P003,Moisturizer ,Malout,2025-06-01,65
P003,Moisturizer ,Mohali,2025-06-01,28
P003,Moisturizer ,Rajpura,2025-06-01,69
P003,Moisturizer ,Patiala,2025-06-01,69
P004,Pooja Articles,Bathinda,2025-06-01,154
P004,Pooja Articles,Malout,2025-06-01,158
P004,Pooja Articles,Mohali,2025-06-01,132
P004,Pooja Articles,Rajpura,2025-06-01,154
P004,Pooja Articles,Patiala,2025-06-01,140
P005,Gift Hamper,Bathinda,2025-06-01,254
P005,Gift Hamper,Malout,2025-06-01,195
P005,Gift Hamper,Mohali,2025-06-01,196
P005,Gift Hamper,Rajpura,2025-06-01,276
P005,Gift Hamper,Patiala,2025-06-01,188
P001,Soft Drink ,Bathinda,2025-06-02,208
P001,Soft Drink ,Malout,2025-06-02,191
P001,Soft Drink ,Mohali,2025-06-02,215
P001,Soft Drink ,Rajpura,2025-06-02,173
P001,Soft Drink ,Patiala,2025-06-02,169
P002,Sweets ,Bathinda,2025-06-02,137
P002,Sweets ,Malout,2025-06-02,108
P002,Sweets ,Mohali,2025-06-02,130
P002,Sweets ,Rajpura,2025-06-02,134
P002,Sweets ,Patiala,2025-06-02,113
P003,Moisturizer ,Bathinda,2025-06-02,74
P003,Moisturizer ,Malout,2025-06-02,61
P003,Moisturizer ,Mohali,2025-06-02,22
P003,Moisturizer ,Rajpura,2025-06-02,57
P003,Moisturizer ,Patiala,2025-06-02,89
P004,Pooja Articles,Bathinda,2025-06-02,132
P004,Pooja Articles,Malout,2025-06-02,183
P004,Pooja Articles,Mohali,2025-06-02,146
P004,Pooja Articles,Rajpura,2025-06-02,161
P004,Pooja Articles,Patiala,2025-06-02,149
P005,Gift Hamper,Bathinda,2025-06-02,175
P005,Gift Hamper,Malout,2025-06-02,170
P005,Gift Hamper,Mohali,2025-06-02,211
P005,Gift Hamper,Rajpura,2025-06-02,195
P005,Gift Hamper,Patiala,2025-06-02,187
P001,Soft Drink ,Bathinda,2025-06-03,171
P001,Soft Drink ,Malout,2025-06-03,194
P001,Soft Drink ,Mohali,2025-06-03,200
P001,Soft Drink ,Rajpura,2025-06-03,234
P001,Soft Drink ,Patiala,2025-06-03,204
P002,Sweets ,Bathinda,2025-06-03,163
P002,Sweets ,Malout,2025-06-03,125
P002,Sweets ,Mohali,2025-06-03,113
P002,Sweets ,Rajpura,2025-06-03,137
P002,Sweets ,Patiala,2025-06-03,82
P003,Moisturizer ,Bathinda,2025-06-03,80
P003,Moisturizer ,Malout,2025-06-03,71
P003,Moisturizer ,Mohali,2025-06-03,49
P003,Moisturizer ,Rajpura,2025-06-03,79
P003,Moisturizer ,Patiala,2025-06-03,87
P004,Pooja Articles,Bathinda,2025-06-03,166
P004,Pooja Articles,Malout,2025-06-03,186
P004,Pooja Articles,Mohali,2025-06-03,153
P004,Pooja Articles,Rajpura,2025-06-03,184
P004,Pooja Articles,Patiala,2025-06-03,126
P005,Gift Hamper,Bathinda,2025-06-03,226
P005,Gift Hamper,Malout,2025-06-03,188
P005,Gift Hamper,Mohali,2025-06-03,187
P005,Gift Hamper,Rajpura,2025-06-03,242
P005,Gift Hamper,Patiala,2025-06-03,185
P001,Soft Drink ,Bathinda,2025-06-04,149
P001,Soft Drink ,Malout,2025-06-04,133
P001,Soft Drink ,Mohali,2025-06-04,225
P001,Soft Drink ,Rajpura,2025-06-04,176
P001,Soft Drink ,Patiala,2025-06-04,151
P002,Sweets ,Bathinda,2025-06-04,105
P002,Sweets ,Malout,2025-06-04,160
P002,Sweets ,Mohali,2025-06-04,117
P002,Sweets ,Rajpura,2025-06-04,108
P002,Sweets ,Patiala,2025-06-04,94
P003,Moisturizer ,Bathinda,2025-06-04,52
P003,Moisturizer ,Malout,2025-06-04,76
P003,Moisturizer ,Mohali,2025-06-04,79
P003,Moisturizer ,Rajpura,2025-06-04,34
P003,Moisturizer ,Patiala,2025-06-04,58
P004,Pooja Articles,Bathinda,2025-06-04,135
P004,Pooja Articles,Malout,2025-06-04,184
P004,Pooja Articles,Mohali,2025-06-04,164
P004,Pooja Articles,Rajpura,2025-06-04,111
P004,Pooja Articles,Patiala,2025-06-04,161
P005,Gift Hamper,Bathinda,2025-06-04,210
P005,Gift Hamper,Malout,2025-06-04,195
P005,Gift Hamper,Mohali,2025-06-04,199
P005,Gift Hamper,Rajpura,2025-06-04,248
P005,Gift Hamper,Patiala,2025-06-04,237
P001,Soft Drink ,Bathinda,2025-06-05,204
P001,Soft Drink ,Malout,2025-06-05,171
P001,Soft Drink ,Mohali,2025-06-05,178
P001,Soft Drink ,Rajpura,2025-06-05,218
P001,Soft Drink ,Patiala,2025-06-05,177
P002,Sweets ,Bathinda,2025-06-05,115
P002,Sweets ,Malout,2025-06-05,116
P002,Sweets ,Mohali,2025-06-05,79
P002,Sweets ,Rajpura,2025-06-05,96
P002,Sweets ,Patiala,2025-06-05,109
P003,Moisturizer ,Bathinda,2025-06-05,85
P003,Moisturizer ,Malout,2025-06-05,73
P003,Moisturizer ,Mohali,2025-06-05,43
P003,Moisturizer ,Rajpura,2025-06-05,69
P003,Moisturizer ,Patiala,2025-06-05,78
P004,Pooja Articles,Bathinda,2025-06-05,148
P004,Pooja Articles,Malout,2025-06-05,130
P004,Pooja Articles,Mohali,2025-06-05,146
P004,Pooja Articles,Rajpura,2025-06-05,149
P004,Pooja Articles,Patiala,2025-06-05,174
P005,Gift Hamper,Bathinda,2025-06-05,240
P005,Gift Hamper,Malout,2025-06-05,234
P005,Gift Hamper,Mohali,2025-06-05,249
P005,Gift Hamper,Rajpura,2025-06-05,149
P005,Gift Hamper,Patiala,2025-06-05,182
P001,Soft Drink ,Bathinda,2025-06-06,137
P001,Soft Drink ,Malout,2025-06-06,209
P001,Soft Drink ,Mohali,2025-06-06,175
P001,Soft Drink ,Rajpura,2025-06-06,131
P001,Soft Drink ,Patiala,2025-06-06,189
P002,Sweets ,Bathinda,2025-06-06,130
P002,Sweets ,Malout,2025-06-06,94
P002,Sweets ,Mohali,2025-06-06,120
P002,Sweets ,Rajpura,2025-06-06,117
P002,Sweets ,Patiala,2025-06-06,138
P003,Moisturizer ,Bathinda,2025-06-06,107
P003,Moisturizer ,Malout,2025-06-06,40
P003,Moisturizer ,Mohali,2025-06-06,90
P003,Moisturizer ,Rajpura,2025-06-06,54
P003,Moisturizer ,Patiala,2025-06-06,82
P004,Pooja Articles,Bathinda,2025-06-06,156
P004,Pooja Articles,Malout,2025-06-06,151
P004,Pooja Articles,Mohali,2025-06-06,130
P004,Pooja Articles,Rajpura,2025-06-06,139
P004,Pooja Articles,Patiala,2025-06-06,105
P005,Gift Hamper,Bathinda,2025-06-06,257
P005,Gift Hamper,Malout,2025-06-06,211
P005,Gift Hamper,Mohali,2025-06-06,221
P005,Gift Hamper,Rajpura,2025-06-06,181
P005,Gift Hamper,Patiala,2025-06-06,188
P001,Soft Drink ,Bathinda,2025-06-07,181
P001,Soft Drink ,Malout,2025-06-07,113
P001,Soft Drink ,Mohali,2025-06-07,194
P001,Soft Drink ,Rajpura,2025-06-07,167
P001,Soft Drink ,Patiala,2025-06-07,177
P002,Sweets ,Bathinda,2025-06-07,128
P002,Sweets ,Malout,2025-06-07,130
P002,Sweets ,Mohali,2025-06-07,93
P002,Sweets ,Rajpura,2025-06-07,110
P002,Sweets ,Patiala,2025-06-07,162
P003,Moisturizer ,Bathinda,2025-06-07,100
P003,Moisturizer ,Malout,2025-06-07,38
P003,Moisturizer ,Mohali,2025-06-07,0
P003,Moisturizer ,Rajpura,2025-06-07,51
P003,Moisturizer ,Patiala,2025-06-07,57
P004,Pooja Articles,Bathinda,2025-06-07,162
P004,Pooja Articles,Malout,2025-06-07,149
P004,Pooja Articles,Mohali,2025-06-07,109
P004,Pooja Articles,Rajpura,2025-06-07,119
P004,Pooja Articles,Patiala,2025-06-07,114
P005,Gift Hamper,Bathinda,2025-06-07,211
P005,Gift Hamper,Malout,2025-06-07,247
P005,Gift Hamper,Mohali,2025-06-07,208
P005,Gift Hamper,Rajpura,2025-06-07,211
P005,Gift Hamper,Patiala,2025-06-07,240
P001,Soft Drink ,Bathinda,2025-06-08,163
P001,Soft Drink ,Malout,2025-06-08,182
P001,Soft Drink ,Mohali,2025-06-08,178
P001,Soft Drink ,Rajpura,2025-06-08,180
P001,Soft Drink ,Patiala,2025-06-08,147
P002,Sweets ,Bathinda,2025-06-08,115
P002,Sweets ,Malout,2025-06-08,69
P002,Sweets ,Mohali,2025-06-08,164
P002,Sweets ,Rajpura,2025-06-08,111
P002,Sweets ,Patiala,2025-06-08,150
P003,Moisturizer ,Bathinda,2025-06-08,26
P003,Moisturizer ,Malout,2025-06-08,29
P003,Moisturizer ,Mohali,2025-06-08,57
P003,Moisturizer ,Rajpura,2025-06-08,47
P003,Moisturizer ,Patiala,2025-06-08,65
P004,Pooja Articles,Bathinda,2025-06-08,135
P004,Pooja Articles,Malout,2025-06-08,158
P004,Pooja Articles,Mohali,2025-06-08,154
P004,Pooja Articles,Rajpura,2025-06-08,126
P004,Pooja Articles,Patiala,2025-06-08,198
P005,Gift Hamper,Bathinda,2025-06-08,192
P005,Gift Hamper,Malout,2025-06-08,219
P005,Gift Hamper,Mohali,2025-06-08,222
P005,Gift Hamper,Rajpura,2025-06-08,214
P005,Gift Hamper,Patiala,2025-06-08,241
P001,Soft Drink ,Bathinda,2025-06-09,157
P001,Soft Drink ,Malout,2025-06-09,158
P001,Soft Drink ,Mohali,2025-06-09,201
P001,Soft Drink ,Rajpura,2025-06-09,188
P001,Soft Drink ,Patiala,2025-06-09,129
P002,Sweets ,Bathinda,2025-06-09,109
P002,Sweets ,Malout,2025-06-09,130
P002,Sweets ,Mohali,2025-06-09,105
P002,Sweets ,Rajpura,2025-06-09,99
P002,Sweets ,Patiala,2025-06-09,140
P003,Moisturizer ,Bathinda,2025-06-09,72
P003,Moisturizer ,Malout,2025-06-09,46
P003,Moisturizer ,Mohali,2025-06-09,44
P003,Moisturizer ,Rajpura,2025-06-09,31
P003,Moisturizer ,Patiala,2025-06-09,60
P004,Pooja Articles,Bathinda,2025-06-09,134
P004,Pooja Articles,Malout,2025-06-09,130
P004,Pooja Articles,Mohali,2025-06-09,174
P004,Pooja Articles,Rajpura,2025-06-09,124
P004,Pooja Articles,Patiala,2025-06-09,144
P005,Gift Hamper,Bathinda,2025-06-09,228
P005,Gift Hamper,Malout,2025-06-09,173
P005,Gift Hamper,Mohali,2025-06-09,241
P005,Gift Hamper,Rajpura,2025-06-09,253
P005,Gift Hamper,Patiala,2025-06-09,207
P001,Soft Drink ,Bathinda,2025-06-10,201
P001,Soft Drink ,Malout,2025-06-10,224
P001,Soft Drink ,Mohali,2025-06-10,185
P001,Soft Drink ,Rajpura,2025-06-10,210
P001,Soft Drink ,Patiala,2025-06-10,149
P002,Sweets ,Bathinda,2025-06-10,160
P002,Sweets ,Malout,2025-06-10,133
P002,Sweets ,Mohali,2025-06-10,65
P002,Sweets ,Rajpura,2025-06-10,102
P002,Sweets ,Patiala,2025-06-10,88
P003,Moisturizer ,Bathinda,2025-06-10,12
P003,Moisturizer ,Malout,2025-06-10,59
P003,Moisturizer ,Mohali,2025-06-10,65
P003,Moisturizer ,Rajpura,2025-06-10,111
P003,Moisturizer ,Patiala,2025-06-10,62
P004,Pooja Articles,Bathinda,2025-06-10,156
P004,Pooja Articles,Malout,2025-06-10,184
P004,Pooja Articles,Mohali,2025-06-10,139
P004,Pooja Articles,Rajpura,2025-06-10,162
P004,Pooja Articles,Patiala,2025-06-10,97
P005,Gift Hamper,Bathinda,2025-06-10,235
P005,Gift Hamper,Malout,2025-06-10,261
P005,Gift Hamper,Mohali,2025-06-10,225
P005,Gift Hamper,Rajpura,2025-06-10,173
P005,Gift Hamper,Patiala,2025-06-10,228
P001,Soft Drink ,Bathinda,2025-06-11,160
P001,Soft Drink ,Malout,2025-06-11,155
P001,Soft Drink ,Mohali,2025-06-11,149
P001,Soft Drink ,Rajpura,2025-06-11,161
P001,Soft Drink ,Patiala,2025-06-11,179
P002,Sweets ,Bathinda,2025-06-11,154
P002,Sweets ,Malout,2025-06-11,122
P002,Sweets ,Mohali,2025-06-11,143
P002,Sweets ,Rajpura,2025-06-11,97
P002,Sweets ,Patiala,2025-06-11,115
P003,Moisturizer ,Bathinda,2025-06-11,94
P003,Moisturizer ,Malout,2025-06-11,28
P003,Moisturizer ,Mohali,2025-06-11,59
P003,Moisturizer ,Rajpura,2025-06-11,41
P003,Moisturizer ,Patiala,2025-06-11,20
P004,Pooja Articles,Bathinda,2025-06-11,184
P004,Pooja Articles,Malout,2025-06-11,172
P004,Pooja Articles,Mohali,2025-06-11,178
P004,Pooja Articles,Rajpura,2025-06-11,160
P004,Pooja Articles,Patiala,2025-06-11,113
P005,Gift Hamper,Bathinda,2025-06-11,239
P005,Gift Hamper,Malout,2025-06-11,215
P005,Gift Hamper,Mohali,2025-06-11,251
P005,Gift Hamper,Rajpura,2025-06-11,183
P005,Gift Hamper,Patiala,2025-06-11,221
P001,Soft Drink ,Bathinda,2025-06-12,159
P001,Soft Drink ,Malout,2025-06-12,190
P001,Soft Drink ,Mohali,2025-06-12,183
P001,Soft Drink ,Rajpura,2025-06-12,180
P001,Soft Drink ,Patiala,2025-06-12,187
P002,Sweets ,Bathinda,2025-06-12,110
P002,Sweets ,Malout,2025-06-12,108
P002,Sweets ,Mohali,2025-06-12,76
P002,Sweets ,Rajpura,2025-06-12,96
P002,Sweets ,Patiala,2025-06-12,124
P003,Moisturizer ,Bathinda,2025-06-12,78
P003,Moisturizer ,Malout,2025-06-12,85
P003,Moisturizer ,Mohali,2025-06-12,53
P003,Moisturizer ,Rajpura,2025-06-12,71
P003,Moisturizer ,Patiala,2025-06-12,70
P004,Pooja Articles,Bathinda,2025-06-12,143
P004,Pooja Articles,Malout,2025-06-12,157
P004,Pooja Articles,Mohali,2025-06-12,152
P004,Pooja Articles,Rajpura,2025-06-12,126
P004,Pooja Articles,Patiala,2025-06-12,117
P005,Gift Hamper,Bathinda,2025-06-12,232
P005,Gift Hamper,Malout,2025-06-12,218
P005,Gift Hamper,Mohali,2025-06-12,202
P005,Gift Hamper,Rajpura,2025-06-12,193
P005,Gift Hamper,Patiala,2025-06-12,266
P001,Soft Drink ,Bathinda,2025-06-13,165
P001,Soft Drink ,Malout,2025-06-13,158
P001,Soft Drink ,Mohali,2025-06-13,192
P001,Soft Drink ,Rajpura,2025-06-13,242
P001,Soft Drink ,Patiala,2025-06-13,187
P002,Sweets ,Bathinda,2025-06-13,92
P002,Sweets ,Malout,2025-06-13,123
P002,Sweets ,Mohali,2025-06-13,87
P002,Sweets ,Rajpura,2025-06-13,115
P002,Sweets ,Patiala,2025-06-13,118
P003,Moisturizer ,Bathinda,2025-06-13,72
P003,Moisturizer ,Malout,2025-06-13,103
P003,Moisturizer ,Mohali,2025-06-13,42
P003,Moisturizer ,Rajpura,2025-06-13,42
P003,Moisturizer ,Patiala,2025-06-13,67
P004,Pooja Articles,Bathinda,2025-06-13,133
P004,Pooja Articles,Malout,2025-06-13,123
P004,Pooja Articles,Mohali,2025-06-13,139
P004,Pooja Articles,Rajpura,2025-06-13,168
P004,Pooja Articles,Patiala,2025-06-13,180
P005,Gift Hamper,Bathinda,2025-06-13,183
P005,Gift Hamper,Malout,2025-06-13,233
P005,Gift Hamper,Mohali,2025-06-13,211
P005,Gift Hamper,Rajpura,2025-06-13,220
P005,Gift Hamper,Patiala,2025-06-13,218
P001,Soft Drink ,Bathinda,2025-06-14,153
P001,Soft Drink ,Malout,2025-06-14,157
P001,Soft Drink ,Mohali,2025-06-14,178
P001,Soft Drink ,Rajpura,2025-06-14,205
P001,Soft Drink ,Patiala,2025-06-14,152
P002,Sweets ,Bathinda,2025-06-14,111
P002,Sweets ,Malout,2025-06-14,136
P002,Sweets ,Mohali,2025-06-14,95
P002,Sweets ,Rajpura,2025-06-14,166
P002,Sweets ,Patiala,2025-06-14,135
P003,Moisturizer ,Bathinda,2025-06-14,27
P003,Moisturizer ,Malout,2025-06-14,45
P003,Moisturizer ,Mohali,2025-06-14,55
P003,Moisturizer ,Rajpura,2025-06-14,0
P003,Moisturizer ,Patiala,2025-06-14,63
P004,Pooja Articles,Bathinda,2025-06-14,87
P004,Pooja Articles,Malout,2025-06-14,177
P004,Pooja Articles,Mohali,2025-06-14,130
P004,Pooja Articles,Rajpura,2025-06-14,161
P004,Pooja Articles,Patiala,2025-06-14,198
P005,Gift Hamper,Bathinda,2025-06-14,266
P005,Gift Hamper,Malout,2025-06-14,228
P005,Gift Hamper,Mohali,2025-06-14,197
P005,Gift Hamper,Rajpura,2025-06-14,224
P005,Gift Hamper,Patiala,2025-06-14,217
P001,Soft Drink ,Bathinda,2025-06-15,173
P001,Soft Drink ,Malout,2025-06-15,159
P001,Soft Drink ,Mohali,2025-06-15,159
P001,Soft Drink ,Rajpura,2025-06-15,189
P001,Soft Drink ,Patiala,2025-06-15,131
P002,Sweets ,Bathinda,2025-06-15,135
P002,Sweets ,Malout,2025-06-15,63
P002,Sweets ,Mohali,2025-06-15,171
P002,Sweets ,Rajpura,2025-06-15,130
P002,Sweets ,Patiala,2025-06-15,107
P003,Moisturizer ,Bathinda,2025-06-15,19
P003,Moisturizer ,Malout,2025-06-15,73
P003,Moisturizer ,Mohali,2025-06-15,77
P003,Moisturizer ,Rajpura,2025-06-15,71
P003,Moisturizer ,Patiala,2025-06-15,65
P004,Pooja Articles,Bathinda,2025-06-15,198
P004,Pooja Articles,Malout,2025-06-15,101
P004,Pooja Articles,Mohali,2025-06-15,121
P004,Pooja Articles,Rajpura,2025-06-15,137
P004,Pooja Articles,Patiala,2025-06-15,163
P005,Gift Hamper,Bathinda,2025-06-15,198
P005,Gift Hamper,Malout,2025-06-15,235
P005,Gift Hamper,Mohali,2025-06-15,232
P005,Gift Hamper,Rajpura,2025-06-15,175
P005,Gift Hamper,Patiala,2025-06-15,193
P001,Soft Drink ,Bathinda,2025-06-16,186
P001,Soft Drink ,Malout,2025-06-16,152
P001,Soft Drink ,Mohali,2025-06-16,188
P001,Soft Drink ,Rajpura,2025-06-16,147
P001,Soft Drink ,Patiala,2025-06-16,177
P002,Sweets ,Bathinda,2025-06-16,126
P002,Sweets ,Malout,2025-06-16,89
P002,Sweets ,Mohali,2025-06-16,109
P002,Sweets ,Rajpura,2025-06-16,118
P002,Sweets ,Patiala,2025-06-16,118
P003,Moisturizer ,Bathinda,2025-06-16,20
P003,Moisturizer ,Malout,2025-06-16,70
P003,Moisturizer ,Mohali,2025-06-16,3
P003,Moisturizer ,Rajpura,2025-06-16,53
P003,Moisturizer ,Patiala,2025-06-16,58
P004,Pooja Articles,Bathinda,2025-06-16,116
P004,Pooja Articles,Malout,2025-06-16,142
P004,Pooja Articles,Mohali,2025-06-16,101
P004,Pooja Articles,Rajpura,2025-06-16,135
P004,Pooja Articles,Patiala,2025-06-16,134
P005,Gift Hamper,Bathinda,2025-06-16,231
P005,Gift Hamper,Malout,2025-06-16,191
P005,Gift Hamper,Mohali,2025-06-16,230
P005,Gift Hamper,Rajpura,2025-06-16,251
P005,Gift Hamper,Patiala,2025-06-16,212
P001,Soft Drink ,Bathinda,2025-06-17,178
P001,Soft Drink ,Malout,2025-06-17,162
P001,Soft Drink ,Mohali,2025-06-17,235
P001,Soft Drink ,Rajpura,2025-06-17,156
P001,Soft Drink ,Patiala,2025-06-17,166
P002,Sweets ,Bathinda,2025-06-17,95
P002,Sweets ,Malout,2025-06-17,103
P002,Sweets ,Mohali,2025-06-17,103
P002,Sweets ,Rajpura,2025-06-17,117
P002,Sweets ,Patiala,2025-06-17,146
P003,Moisturizer ,Bathinda,2025-06-17,27
P003,Moisturizer ,Malout,2025-06-17,57
P003,Moisturizer ,Mohali,2025-06-17,53
P003,Moisturizer ,Rajpura,2025-06-17,16
P003,Moisturizer ,Patiala,2025-06-17,38
P004,Pooja Articles,Bathinda,2025-06-17,135
P004,Pooja Articles,Malout,2025-06-17,164
P004,Pooja Articles,Mohali,2025-06-17,168
P004,Pooja Articles,Rajpura,2025-06-17,192
P004,Pooja Articles,Patiala,2025-06-17,180
P005,Gift Hamper,Bathinda,2025-06-17,207
P005,Gift Hamper,Malout,2025-06-17,216
P005,Gift Hamper,Mohali,2025-06-17,206
P005,Gift Hamper,Rajpura,2025-06-17,194
P005,Gift Hamper,Patiala,2025-06-17,212
P001,Soft Drink ,Bathinda,2025-06-18,170
P001,Soft Drink ,Malout,2025-06-18,237
P001,Soft Drink ,Mohali,2025-06-18,175
P001,Soft Drink ,Rajpura,2025-06-18,156
P001,Soft Drink ,Patiala,2025-06-18,170
P002,Sweets ,Bathinda,2025-06-18,140
P002,Sweets ,Malout,2025-06-18,123
P002,Sweets ,Mohali,2025-06-18,134
P002,Sweets ,Rajpura,2025-06-18,128
P002,Sweets ,Patiala,2025-06-18,123
P003,Moisturizer ,Bathinda,2025-06-18,68
P003,Moisturizer ,Malout,2025-06-18,47
P003,Moisturizer ,Mohali,2025-06-18,89
P003,Moisturizer ,Rajpura,2025-06-18,133
P003,Moisturizer ,Patiala,2025-06-18,61
P004,Pooja Articles,Bathinda,2025-06-18,162
P004,Pooja Articles,Malout,2025-06-18,134
P004,Pooja Articles,Mohali,2025-06-18,157
P004,Pooja Articles,Rajpura,2025-06-18,170
P004,Pooja Articles,Patiala,2025-06-18,136
P005,Gift Hamper,Bathinda,2025-06-18,170
P005,Gift Hamper,Malout,2025-06-18,209
P005,Gift Hamper,Mohali,2025-06-18,186
P005,Gift Hamper,Rajpura,2025-06-18,225
P005,Gift Hamper,Patiala,2025-06-18,283
P001,Soft Drink ,Bathinda,2025-06-19,201
P001,Soft Drink ,Malout,2025-06-19,170
P001,Soft Drink ,Mohali,2025-06-19,222
P001,Soft Drink ,Rajpura,2025-06-19,162
P001,Soft Drink ,Patiala,2025-06-19,203
P002,Sweets ,Bathinda,2025-06-19,85
P002,Sweets ,Malout,2025-06-19,152
P002,Sweets ,Mohali,2025-06-19,125
P002,Sweets ,Rajpura,2025-06-19,119
P002,Sweets ,Patiala,2025-06-19,121
P003,Moisturizer ,Bathinda,2025-06-19,68
P003,Moisturizer ,Malout,2025-06-19,33
P003,Moisturizer ,Mohali,2025-06-19,92
P003,Moisturizer ,Rajpura,2025-06-19,39
P003,Moisturizer ,Patiala,2025-06-19,52
P004,Pooja Articles,Bathinda,2025-06-19,125
P004,Pooja Articles,Malout,2025-06-19,171
P004,Pooja Articles,Mohali,2025-06-19,108
P004,Pooja Articles,Rajpura,2025-06-19,179
P004,Pooja Articles,Patiala,2025-06-19,136
P005,Gift Hamper,Bathinda,2025-06-19,255
P005,Gift Hamper,Malout,2025-06-19,215
P005,Gift Hamper,Mohali,2025-06-19,184
P005,Gift Hamper,Rajpura,2025-06-19,214
P005,Gift Hamper,Patiala,2025-06-19,211
P001,Soft Drink ,Bathinda,2025-06-20,171
P001,Soft Drink ,Malout,2025-06-20,175
P001,Soft Drink ,Mohali,2025-06-20,170
P001,Soft Drink ,Rajpura,2025-06-20,158
P001,Soft Drink ,Patiala,2025-06-20,156
P002,Sweets ,Bathinda,2025-06-20,130
P002,Sweets ,Malout,2025-06-20,142
P002,Sweets ,Mohali,2025-06-20,96
P002,Sweets ,Rajpura,2025-06-20,119
P002,Sweets ,Patiala,2025-06-20,113
P003,Moisturizer ,Bathinda,2025-06-20,109
P003,Moisturizer ,Malout,2025-06-20,32
P003,Moisturizer ,Mohali,2025-06-20,55
P003,Moisturizer ,Rajpura,2025-06-20,31
P003,Moisturizer ,Patiala,2025-06-20,79
P004,Pooja Articles,Bathinda,2025-06-20,144
P004,Pooja Articles,Malout,2025-06-20,176
P004,Pooja Articles,Mohali,2025-06-20,133
P004,Pooja Articles,Rajpura,2025-06-20,114
P004,Pooja Articles,Patiala,2025-06-20,150
P005,Gift Hamper,Bathinda,2025-06-20,220
P005,Gift Hamper,Malout,2025-06-20,221
P005,Gift Hamper,Mohali,2025-06-20,180
P005,Gift Hamper,Rajpura,2025-06-20,228
P005,Gift Hamper,Patiala,2025-06-20,237
P001,Soft Drink ,Bathinda,2025-06-21,154
P001,Soft Drink ,Malout,2025-06-21,161
P001,Soft Drink ,Mohali,2025-06-21,189
P001,Soft Drink ,Rajpura,2025-06-21,196
P001,Soft Drink ,Patiala,2025-06-21,177
P002,Sweets ,Bathinda,2025-06-21,131
P002,Sweets ,Malout,2025-06-21,146
P002,Sweets ,Mohali,2025-06-21,120
P002,Sweets ,Rajpura,2025-06-21,137
P002,Sweets ,Patiala,2025-06-21,88
P003,Moisturizer ,Bathinda,2025-06-21,66
P003,Moisturizer ,Malout,2025-06-21,74
P003,Moisturizer ,Mohali,2025-06-21,77
P003,Moisturizer ,Rajpura,2025-06-21,37
P003,Moisturizer ,Patiala,2025-06-21,46
P004,Pooja Articles,Bathinda,2025-06-21,137
P004,Pooja Articles,Malout,2025-06-21,110
P004,Pooja Articles,Mohali,2025-06-21,166
P004,Pooja Articles,Rajpura,2025-06-21,123
P004,Pooja Articles,Patiala,2025-06-21,197
P005,Gift Hamper,Bathinda,2025-06-21,245
P005,Gift Hamper,Malout,2025-06-21,202
P005,Gift Hamper,Mohali,2025-06-21,281
P005,Gift Hamper,Rajpura,2025-06-21,248
P005,Gift Hamper,Patiala,2025-06-21,165
P001,Soft Drink ,Bathinda,2025-06-22,201
P001,Soft Drink ,Malout,2025-06-22,154
P001,Soft Drink ,Mohali,2025-06-22,157
P001,Soft Drink ,Rajpura,2025-06-22,149
P001,Soft Drink ,Patiala,2025-06-22,207
P002,Sweets ,Bathinda,2025-06-22,113
P002,Sweets ,Malout,2025-06-22,132
P002,Sweets ,Mohali,2025-06-22,105
P002,Sweets ,Rajpura,2025-06-22,100
P002,Sweets ,Patiala,2025-06-22,150
P003,Moisturizer ,Bathinda,2025-06-22,44
P003,Moisturizer ,Malout,2025-06-22,75
P003,Moisturizer ,Mohali,2025-06-22,80
P003,Moisturizer ,Rajpura,2025-06-22,57
P003,Moisturizer ,Patiala,2025-06-22,104
P004,Pooja Articles,Bathinda,2025-06-22,182
P004,Pooja Articles,Malout,2025-06-22,155
P004,Pooja Articles,Mohali,2025-06-22,159
P004,Pooja Articles,Rajpura,2025-06-22,101
P004,Pooja Articles,Patiala,2025-06-22,132
P005,Gift Hamper,Bathinda,2025-06-22,197
P005,Gift Hamper,Malout,2025-06-22,212
P005,Gift Hamper,Mohali,2025-06-22,227
P005,Gift Hamper,Rajpura,2025-06-22,202
P005,Gift Hamper,Patiala,2025-06-22,206
P001,Soft Drink ,Bathinda,2025-06-23,186
P001,Soft Drink ,Malout,2025-06-23,176
P001,Soft Drink ,Mohali,2025-06-23,136
P001,Soft Drink ,Rajpura,2025-06-23,177
P001,Soft Drink ,Patiala,2025-06-23,120
P002,Sweets ,Bathinda,2025-06-23,77
P002,Sweets ,Malout,2025-06-23,117
P002,Sweets ,Mohali,2025-06-23,127
P002,Sweets ,Rajpura,2025-06-23,102
P002,Sweets ,Patiala,2025-06-23,193
P003,Moisturizer ,Bathinda,2025-06-23,60
P003,Moisturizer ,Malout,2025-06-23,43
P003,Moisturizer ,Mohali,2025-06-23,75
P003,Moisturizer ,Rajpura,2025-06-23,46
P003,Moisturizer ,Patiala,2025-06-23,28
P004,Pooja Articles,Bathinda,2025-06-23,134
P004,Pooja Articles,Malout,2025-06-23,125
P004,Pooja Articles,Mohali,2025-06-23,175
P004,Pooja Articles,Rajpura,2025-06-23,176
P004,Pooja Articles,Patiala,2025-06-23,179
P005,Gift Hamper,Bathinda,2025-06-23,215
P005,Gift Hamper,Malout,2025-06-23,212
P005,Gift Hamper,Mohali,2025-06-23,179
P005,Gift Hamper,Rajpura,2025-06-23,233
P005,Gift Hamper,Patiala,2025-06-23,234
P001,Soft Drink ,Bathinda,2025-06-24,192
P001,Soft Drink ,Malout,2025-06-24,156
P001,Soft Drink ,Mohali,2025-06-24,224
P001,Soft Drink ,Rajpura,2025-06-24,266
P001,Soft Drink ,Patiala,2025-06-24,184
P002,Sweets ,Bathinda,2025-06-24,126
P002,Sweets ,Malout,2025-06-24,131
P002,Sweets ,Mohali,2025-06-24,110
P002,Sweets ,Rajpura,2025-06-24,138
P002,Sweets ,Patiala,2025-06-24,88
P003,Moisturizer ,Bathinda,2025-06-24,55
P003,Moisturizer ,Malout,2025-06-24,138
P003,Moisturizer ,Mohali,2025-06-24,57
P003,Moisturizer ,Rajpura,2025-06-24,22
P003,Moisturizer ,Patiala,2025-06-24,44
P004,Pooja Articles,Bathinda,2025-06-24,167
P004,Pooja Articles,Malout,2025-06-24,170
P004,Pooja Articles,Mohali,2025-06-24,191
P004,Pooja Articles,Rajpura,2025-06-24,119
P004,Pooja Articles,Patiala,2025-06-24,155
P005,Gift Hamper,Bathinda,2025-06-24,244
P005,Gift Hamper,Malout,2025-06-24,254
P005,Gift Hamper,Mohali,2025-06-24,214
P005,Gift Hamper,Rajpura,2025-06-24,235
P005,Gift Hamper,Patiala,2025-06-24,230
P001,Soft Drink ,Bathinda,2025-06-25,217
P001,Soft Drink ,Malout,2025-06-25,203
P001,Soft Drink ,Mohali,2025-06-25,162
P001,Soft Drink ,Rajpura,2025-06-25,221
P001,Soft Drink ,Patiala,2025-06-25,183
P002,Sweets ,Bathinda,2025-06-25,144
P002,Sweets ,Malout,2025-06-25,72
P002,Sweets ,Mohali,2025-06-25,109
P002,Sweets ,Rajpura,2025-06-25,95
P002,Sweets ,Patiala,2025-06-25,171
P003,Moisturizer ,Bathinda,2025-06-25,0
P003,Moisturizer ,Malout,2025-06-25,86
P003,Moisturizer ,Mohali,2025-06-25,22
P003,Moisturizer ,Rajpura,2025-06-25,34
P003,Moisturizer ,Patiala,2025-06-25,35
P004,Pooja Articles,Bathinda,2025-06-25,130
P004,Pooja Articles,Malout,2025-06-25,148
P004,Pooja Articles,Mohali,2025-06-25,159
P004,Pooja Articles,Rajpura,2025-06-25,171
P004,Pooja Articles,Patiala,2025-06-25,181
P005,Gift Hamper,Bathinda,2025-06-25,174
P005,Gift Hamper,Malout,2025-06-25,210
P005,Gift Hamper,Mohali,2025-06-25,225
P005,Gift Hamper,Rajpura,2025-06-25,189
P005,Gift Hamper,Patiala,2025-06-25,184
P001,Soft Drink ,Bathinda,2025-06-26,246
P001,Soft Drink ,Malout,2025-06-26,181
P001,Soft Drink ,Mohali,2025-06-26,172
P001,Soft Drink ,Rajpura,2025-06-26,188
P001,Soft Drink ,Patiala,2025-06-26,162
P002,Sweets ,Bathinda,2025-06-26,119
P002,Sweets ,Malout,2025-06-26,116
P002,Sweets ,Mohali,2025-06-26,171
P002,Sweets ,Rajpura,2025-06-26,149
P002,Sweets ,Patiala,2025-06-26,148
P003,Moisturizer ,Bathinda,2025-06-26,34
P003,Moisturizer ,Malout,2025-06-26,58
P003,Moisturizer ,Mohali,2025-06-26,71
P003,Moisturizer ,Rajpura,2025-06-26,41
P003,Moisturizer ,Patiala,2025-06-26,50
P004,Pooja Articles,Bathinda,2025-06-26,136
P004,Pooja Articles,Malout,2025-06-26,138
P004,Pooja Articles,Mohali,2025-06-26,182
P004,Pooja Articles,Rajpura,2025-06-26,160
P004,Pooja Articles,Patiala,2025-06-26,135
P005,Gift Hamper,Bathinda,2025-06-26,264
P005,Gift Hamper,Malout,2025-06-26,259
P005,Gift Hamper,Mohali,2025-06-26,224
P005,Gift Hamper,Rajpura,2025-06-26,234
P005,Gift Hamper,Patiala,2025-06-26,210
P001,Soft Drink ,Bathinda,2025-06-27,168
P001,Soft Drink ,Malout,2025-06-27,193
P001,Soft Drink ,Mohali,2025-06-27,176
P001,Soft Drink ,Rajpura,2025-06-27,219
P001,Soft Drink ,Patiala,2025-06-27,185
P002,Sweets ,Bathinda,2025-06-27,84
P002,Sweets ,Malout,2025-06-27,116
P002,Sweets ,Mohali,2025-06-27,128
P002,Sweets ,Rajpura,2025-06-27,145
P002,Sweets ,Patiala,2025-06-27,106
P003,Moisturizer ,Bathinda,2025-06-27,44
P003,Moisturizer ,Malout,2025-06-27,52
P003,Moisturizer ,Mohali,2025-06-27,38
P003,Moisturizer ,Rajpura,2025-06-27,53
P003,Moisturizer ,Patiala,2025-06-27,40
P004,Pooja Articles,Bathinda,2025-06-27,152
P004,Pooja Articles,Malout,2025-06-27,185
P004,Pooja Articles,Mohali,2025-06-27,144
P004,Pooja Articles,Rajpura,2025-06-27,155
P004,Pooja Articles,Patiala,2025-06-27,116
P005,Gift Hamper,Bathinda,2025-06-27,251
P005,Gift Hamper,Malout,2025-06-27,256
P005,Gift Hamper,Mohali,2025-06-27,254
P005,Gift Hamper,Rajpura,2025-06-27,219
P005,Gift Hamper,Patiala,2025-06-27,221
P001,Soft Drink ,Bathinda,2025-06-28,201
P001,Soft Drink ,Malout,2025-06-28,166
P001,Soft Drink ,Mohali,2025-06-28,182
P001,Soft Drink ,Rajpura,2025-06-28,231
P001,Soft Drink ,Patiala,2025-06-28,148
P002,Sweets ,Bathinda,2025-06-28,134
P002,Sweets ,Malout,2025-06-28,147
P002,Sweets ,Mohali,2025-06-28,98
P002,Sweets ,Rajpura,2025-06-28,164
P002,Sweets ,Patiala,2025-06-28,166
P003,Moisturizer ,Bathinda,2025-06-28,25
P003,Moisturizer ,Malout,2025-06-28,71
P003,Moisturizer ,Mohali,2025-06-28,85
P003,Moisturizer ,Rajpura,2025-06-28,58
P003,Moisturizer ,Patiala,2025-06-28,115
P004,Pooja Articles,Bathinda,2025-06-28,111
P004,Pooja Articles,Malout,2025-06-28,137
P004,Pooja Articles,Mohali,2025-06-28,201
P004,Pooja Articles,Rajpura,2025-06-28,128
P004,Pooja Articles,Patiala,2025-06-28,142
P005,Gift Hamper,Bathinda,2025-06-28,275
P005,Gift Hamper,Malout,2025-06-28,184
P005,Gift Hamper,Mohali,2025-06-28,248
P005,Gift Hamper,Rajpura,2025-06-28,243
P005,Gift Hamper,Patiala,2025-06-28,209
P001,Soft Drink ,Bathinda,2025-06-29,128
P001,Soft Drink ,Malout,2025-06-29,197
P001,Soft Drink ,Mohali,2025-06-29,190
P001,Soft Drink ,Rajpura,2025-06-29,166
P001,Soft Drink ,Patiala,2025-06-29,199
P002,Sweets ,Bathinda,2025-06-29,77
P002,Sweets ,Malout,2025-06-29,140
P002,Sweets ,Mohali,2025-06-29,130
P002,Sweets ,Rajpura,2025-06-29,142
P002,Sweets ,Patiala,2025-06-29,102
P003,Moisturizer ,Bathinda,2025-06-29,33
P003,Moisturizer ,Malout,2025-06-29,55
P003,Moisturizer ,Mohali,2025-06-29,60
P003,Moisturizer ,Rajpura,2025-06-29,76
P003,Moisturizer ,Patiala,2025-06-29,136
P004,Pooja Articles,Bathinda,2025-06-29,103
P004,Pooja Articles,Malout,2025-06-29,143
P004,Pooja Articles,Mohali,2025-06-29,184
P004,Pooja Articles,Rajpura,2025-06-29,140
P004,Pooja Articles,Patiala,2025-06-29,176
P005,Gift Hamper,Bathinda,2025-06-29,220
P005,Gift Hamper,Malout,2025-06-29,181
P005,Gift Hamper,Mohali,2025-06-29,195
P005,Gift Hamper,Rajpura,2025-06-29,259
P005,Gift Hamper,Patiala,2025-06-29,224
P001,Soft Drink ,Bathinda,2025-06-30,194
P001,Soft Drink ,Malout,2025-06-30,146
P001,Soft Drink ,Mohali,2025-06-30,163
P001,Soft Drink ,Rajpura,2025-06-30,149
P001,Soft Drink ,Patiala,2025-06-30,169
P002,Sweets ,Bathinda,2025-06-30,148
P002,Sweets ,Malout,2025-06-30,197
P002,Sweets ,Mohali,2025-06-30,146
P002,Sweets ,Rajpura,2025-06-30,140
P002,Sweets ,Patiala,2025-06-30,112
P003,Moisturizer ,Bathinda,2025-06-30,32
P003,Moisturizer ,Malout,2025-06-30,65
P003,Moisturizer ,Mohali,2025-06-30,78
P003,Moisturizer ,Rajpura,2025-06-30,109
P003,Moisturizer ,Patiala,2025-06-30,72
P004,Pooja Articles,Bathinda,2025-06-30,163
P004,Pooja Articles,Malout,2025-06-30,184
P004,Pooja Articles,Mohali,2025-06-30,177
P004,Pooja Articles,Rajpura,2025-06-30,184
P004,Pooja Articles,Patiala,2025-06-30,152
P005,Gift Hamper,Bathinda,2025-06-30,214
P005,Gift Hamper,Malout,2025-06-30,194
P005,Gift Hamper,Mohali,2025-06-30,227
P005,Gift Hamper,Rajpura,2025-06-30,199
P005,Gift Hamper,Patiala,2025-06-30,222
P001,Soft Drink ,Bathinda,2025-07-01,268
P001,Soft Drink ,Malout,2025-07-01,250
P001,Soft Drink ,Mohali,2025-07-01,274
P001,Soft Drink ,Rajpura,2025-07-01,240
P001,Soft Drink ,Patiala,2025-07-01,265
P002,Sweets ,Bathinda,2025-07-01,136
P002,Sweets ,Malout,2025-07-01,116
P002,Sweets ,Mohali,2025-07-01,121
P002,Sweets ,Rajpura,2025-07-01,137
P002,Sweets ,Patiala,2025-07-01,129
P003,Moisturizer ,Bathinda,2025-07-01,37
P003,Moisturizer ,Malout,2025-07-01,88
P003,Moisturizer ,Mohali,2025-07-01,46
P003,Moisturizer ,Rajpura,2025-07-01,27
P003,Moisturizer ,Patiala,2025-07-01,28
P004,Pooja Articles,Bathinda,2025-07-01,172
P004,Pooja Articles,Malout,2025-07-01,156
P004,Pooja Articles,Mohali,2025-07-01,200
P004,Pooja Articles,Rajpura,2025-07-01,131
P004,Pooja Articles,Patiala,2025-07-01,178
P005,Gift Hamper,Bathinda,2025-07-01,229
P005,Gift Hamper,Malout,2025-07-01,224
P005,Gift Hamper,Mohali,2025-07-01,176
P005,Gift Hamper,Rajpura,2025-07-01,260
P005,Gift Hamper,Patiala,2025-07-01,173
P001,Soft Drink ,Bathinda,2025-07-02,278
P001,Soft Drink ,Malout,2025-07-02,273
P001,Soft Drink ,Mohali,2025-07-02,232
P001,Soft Drink ,Rajpura,2025-07-02,257
P001,Soft Drink ,Patiala,2025-07-02,276
P002,Sweets ,Bathinda,2025-07-02,144
P002,Sweets ,Malout,2025-07-02,131
P002,Sweets ,Mohali,2025-07-02,108
P002,Sweets ,Rajpura,2025-07-02,150
P002,Sweets ,Patiala,2025-07-02,90
P003,Moisturizer ,Bathinda,2025-07-02,65
P003,Moisturizer ,Malout,2025-07-02,114
P003,Moisturizer ,Mohali,2025-07-02,33
P003,Moisturizer ,Rajpura,2025-07-02,29
P003,Moisturizer ,Patiala,2025-07-02,41
P004,Pooja Articles,Bathinda,2025-07-02,162
P004,Pooja Articles,Malout,2025-07-02,198
P004,Pooja Articles,Mohali,2025-07-02,144
P004,Pooja Articles,Rajpura,2025-07-02,215
P004,Pooja Articles,Patiala,2025-07-02,231
P005,Gift Hamper,Bathinda,2025-07-02,227
P005,Gift Hamper,Malout,2025-07-02,194
P005,Gift Hamper,Mohali,2025-07-02,282
P005,Gift Hamper,Rajpura,2025-07-02,210
P005,Gift Hamper,Patiala,2025-07-02,186
P001,Soft Drink ,Bathinda,2025-07-03,246
P001,Soft Drink ,Malout,2025-07-03,247
P001,Soft Drink ,Mohali,2025-07-03,242
P001,Soft Drink ,Rajpura,2025-07-03,258
P001,Soft Drink ,Patiala,2025-07-03,252
P002,Sweets ,Bathinda,2025-07-03,107
P002,Sweets ,Malout,2025-07-03,152
P002,Sweets ,Mohali,2025-07-03,117
P002,Sweets ,Rajpura,2025-07-03,115
P002,Sweets ,Patiala,2025-07-03,126
P003,Moisturizer ,Bathinda,2025-07-03,88
P003,Moisturizer ,Malout,2025-07-03,106
P003,Moisturizer ,Mohali,2025-07-03,36
P003,Moisturizer ,Rajpura,2025-07-03,86
P003,Moisturizer ,Patiala,2025-07-03,30
P004,Pooja Articles,Bathinda,2025-07-03,203
P004,Pooja Articles,Malout,2025-07-03,184
P004,Pooja Articles,Mohali,2025-07-03,170
P004,Pooja Articles,Rajpura,2025-07-03,208
P004,Pooja Articles,Patiala,2025-07-03,194
P005,Gift Hamper,Bathinda,2025-07-03,215
P005,Gift Hamper,Malout,2025-07-03,221
P005,Gift Hamper,Mohali,2025-07-03,230
P005,Gift Hamper,Rajpura,2025-07-03,245
P005,Gift Hamper,Patiala,2025-07-03,216
P001,Soft Drink ,Bathinda,2025-07-04,301
P001,Soft Drink ,Malout,2025-07-04,268
P001,Soft Drink ,Mohali,2025-07-04,266
P001,Soft Drink ,Rajpura,2025-07-04,247
P001,Soft Drink ,Patiala,2025-07-04,232
P002,Sweets ,Bathinda,2025-07-04,154
P002,Sweets ,Malout,2025-07-04,138
P002,Sweets ,Mohali,2025-07-04,139
P002,Sweets ,Rajpura,2025-07-04,164
P002,Sweets ,Patiala,2025-07-04,127
P003,Moisturizer ,Bathinda,2025-07-04,55
P003,Moisturizer ,Malout,2025-07-04,65
P003,Moisturizer ,Mohali,2025-07-04,52
P003,Moisturizer ,Rajpura,2025-07-04,75
P003,Moisturizer ,Patiala,2025-07-04,89
P004,Pooja Articles,Bathinda,2025-07-04,146
P004,Pooja Articles,Malout,2025-07-04,179
P004,Pooja Articles,Mohali,2025-07-04,188
P004,Pooja Articles,Rajpura,2025-07-04,190
P004,Pooja Articles,Patiala,2025-07-04,159
P005,Gift Hamper,Bathinda,2025-07-04,219
P005,Gift Hamper,Malout,2025-07-04,233
P005,Gift Hamper,Mohali,2025-07-04,228
P005,Gift Hamper,Rajpura,2025-07-04,229
P005,Gift Hamper,Patiala,2025-07-04,222
P001,Soft Drink ,Bathinda,2025-07-05,240
P001,Soft Drink ,Malout,2025-07-05,246
P001,Soft Drink ,Mohali,2025-07-05,262
P001,Soft Drink ,Rajpura,2025-07-05,234
P001,Soft Drink ,Patiala,2025-07-05,255
P002,Sweets ,Bathinda,2025-07-05,147
P002,Sweets ,Malout,2025-07-05,136
P002,Sweets ,Mohali,2025-07-05,144
P002,Sweets ,Rajpura,2025-07-05,114
P002,Sweets ,Patiala,2025-07-05,101
P003,Moisturizer ,Bathinda,2025-07-05,69
P003,Moisturizer ,Malout,2025-07-05,43
P003,Moisturizer ,Mohali,2025-07-05,25
P003,Moisturizer ,Rajpura,2025-07-05,29
P003,Moisturizer ,Patiala,2025-07-05,76
P004,Pooja Articles,Bathinda,2025-07-05,153
P004,Pooja Articles,Malout,2025-07-05,197
P004,Pooja Articles,Mohali,2025-07-05,190
P004,Pooja Articles,Rajpura,2025-07-05,209
P004,Pooja Articles,Patiala,2025-07-05,150
P005,Gift Hamper,Bathinda,2025-07-05,222
P005,Gift Hamper,Malout,2025-07-05,216
P005,Gift Hamper,Mohali,2025-07-05,256
P005,Gift Hamper,Rajpura,2025-07-05,204
P005,Gift Hamper,Patiala,2025-07-05,235
P001,Soft Drink ,Bathinda,2025-07-06,226
P001,Soft Drink ,Malout,2025-07-06,256
P001,Soft Drink ,Mohali,2025-07-06,245
P001,Soft Drink ,Rajpura,2025-07-06,261
P001,Soft Drink ,Patiala,2025-07-06,262
P002,Sweets ,Bathinda,2025-07-06,87
P002,Sweets ,Malout,2025-07-06,136
P002,Sweets ,Mohali,2025-07-06,97
P002,Sweets ,Rajpura,2025-07-06,121
P002,Sweets ,Patiala,2025-07-06,79
P003,Moisturizer ,Bathinda,2025-07-06,35
P003,Moisturizer ,Malout,2025-07-06,100
P003,Moisturizer ,Mohali,2025-07-06,105
P003,Moisturizer ,Rajpura,2025-07-06,26
P003,Moisturizer ,Patiala,2025-07-06,57
P004,Pooja Articles,Bathinda,2025-07-06,186
P004,Pooja Articles,Malout,2025-07-06,171
P004,Pooja Articles,Mohali,2025-07-06,168
P004,Pooja Articles,Rajpura,2025-07-06,153
P004,Pooja Articles,Patiala,2025-07-06,193
P005,Gift Hamper,Bathinda,2025-07-06,249
P005,Gift Hamper,Malout,2025-07-06,215
P005,Gift Hamper,Mohali,2025-07-06,251
P005,Gift Hamper,Rajpura,2025-07-06,221
P005,Gift Hamper,Patiala,2025-07-06,174
P001,Soft Drink ,Bathinda,2025-07-07,246
P001,Soft Drink ,Malout,2025-07-07,266
P001,Soft Drink ,Mohali,2025-07-07,229
P001,Soft Drink ,Rajpura,2025-07-07,262
P001,Soft Drink ,Patiala,2025-07-07,236
P002,Sweets ,Bathinda,2025-07-07,77
P002,Sweets ,Malout,2025-07-07,136
P002,Sweets ,Mohali,2025-07-07,147
P002,Sweets ,Rajpura,2025-07-07,133
P002,Sweets ,Patiala,2025-07-07,143
P003,Moisturizer ,Bathinda,2025-07-07,63
P003,Moisturizer ,Malout,2025-07-07,38
P003,Moisturizer ,Mohali,2025-07-07,74
P003,Moisturizer ,Rajpura,2025-07-07,59
P003,Moisturizer ,Patiala,2025-07-07,55
P004,Pooja Articles,Bathinda,2025-07-07,219
P004,Pooja Articles,Malout,2025-07-07,192
P004,Pooja Articles,Mohali,2025-07-07,159
P004,Pooja Articles,Rajpura,2025-07-07,202
P004,Pooja Articles,Patiala,2025-07-07,185
P005,Gift Hamper,Bathinda,2025-07-07,251
P005,Gift Hamper,Malout,2025-07-07,187
P005,Gift Hamper,Mohali,2025-07-07,226
P005,Gift Hamper,Rajpura,2025-07-07,242
P005,Gift Hamper,Patiala,2025-07-07,229
P001,Soft Drink ,Bathinda,2025-07-08,215
P001,Soft Drink ,Malout,2025-07-08,288
P001,Soft Drink ,Mohali,2025-07-08,232
P001,Soft Drink ,Rajpura,2025-07-08,282
P001,Soft Drink ,Patiala,2025-07-08,270
P002,Sweets ,Bathinda,2025-07-08,55
P002,Sweets ,Malout,2025-07-08,113
P002,Sweets ,Mohali,2025-07-08,120
P002,Sweets ,Rajpura,2025-07-08,132
P002,Sweets ,Patiala,2025-07-08,136
P003,Moisturizer ,Bathinda,2025-07-08,56
P003,Moisturizer ,Malout,2025-07-08,80
P003,Moisturizer ,Mohali,2025-07-08,77
P003,Moisturizer ,Rajpura,2025-07-08,51
P003,Moisturizer ,Patiala,2025-07-08,50
P004,Pooja Articles,Bathinda,2025-07-08,195
P004,Pooja Articles,Malout,2025-07-08,144
P004,Pooja Articles,Mohali,2025-07-08,198
P004,Pooja Articles,Rajpura,2025-07-08,226
P004,Pooja Articles,Patiala,2025-07-08,178
P005,Gift Hamper,Bathinda,2025-07-08,197
P005,Gift Hamper,Malout,2025-07-08,223
P005,Gift Hamper,Mohali,2025-07-08,161
P005,Gift Hamper,Rajpura,2025-07-08,205
P005,Gift Hamper,Patiala,2025-07-08,163
P001,Soft Drink ,Bathinda,2025-07-09,234
P001,Soft Drink ,Malout,2025-07-09,230
P001,Soft Drink ,Mohali,2025-07-09,255
P001,Soft Drink ,Rajpura,2025-07-09,236
P001,Soft Drink ,Patiala,2025-07-09,213
P002,Sweets ,Bathinda,2025-07-09,133
P002,Sweets ,Malout,2025-07-09,131
P002,Sweets ,Mohali,2025-07-09,92
P002,Sweets ,Rajpura,2025-07-09,144
P002,Sweets ,Patiala,2025-07-09,121
P003,Moisturizer ,Bathinda,2025-07-09,51
P003,Moisturizer ,Malout,2025-07-09,26
P003,Moisturizer ,Mohali,2025-07-09,26
P003,Moisturizer ,Rajpura,2025-07-09,47
P003,Moisturizer ,Patiala,2025-07-09,94
P004,Pooja Articles,Bathinda,2025-07-09,195
P004,Pooja Articles,Malout,2025-07-09,149
P004,Pooja Articles,Mohali,2025-07-09,208
P004,Pooja Articles,Rajpura,2025-07-09,170
P004,Pooja Articles,Patiala,2025-07-09,147
P005,Gift Hamper,Bathinda,2025-07-09,203
P005,Gift Hamper,Malout,2025-07-09,246
P005,Gift Hamper,Mohali,2025-07-09,217
P005,Gift Hamper,Rajpura,2025-07-09,210
P005,Gift Hamper,Patiala,2025-07-09,208
P001,Soft Drink ,Bathinda,2025-07-10,263
P001,Soft Drink ,Malout,2025-07-10,230
P001,Soft Drink ,Mohali,2025-07-10,223
P001,Soft Drink ,Rajpura,2025-07-10,272
P001,Soft Drink ,Patiala,2025-07-10,233
P002,Sweets ,Bathinda,2025-07-10,85
P002,Sweets ,Malout,2025-07-10,137
P002,Sweets ,Mohali,2025-07-10,80
P002,Sweets ,Rajpura,2025-07-10,149
P002,Sweets ,Patiala,2025-07-10,136
P003,Moisturizer ,Bathinda,2025-07-10,33
P003,Moisturizer ,Malout,2025-07-10,83
P003,Moisturizer ,Mohali,2025-07-10,36
P003,Moisturizer ,Rajpura,2025-07-10,82
P003,Moisturizer ,Patiala,2025-07-10,20
P004,Pooja Articles,Bathinda,2025-07-10,167
P004,Pooja Articles,Malout,2025-07-10,198
P004,Pooja Articles,Mohali,2025-07-10,161
P004,Pooja Articles,Rajpura,2025-07-10,171
P004,Pooja Articles,Patiala,2025-07-10,176
P005,Gift Hamper,Bathinda,2025-07-10,217
P005,Gift Hamper,Malout,2025-07-10,227
P005,Gift Hamper,Mohali,2025-07-10,185
P005,Gift Hamper,Rajpura,2025-07-10,227
P005,Gift Hamper,Patiala,2025-07-10,186
P001,Soft Drink ,Bathinda,2025-07-11,250
P001,Soft Drink ,Malout,2025-07-11,199
P001,Soft Drink ,Mohali,2025-07-11,251
P001,Soft Drink ,Rajpura,2025-07-11,284
P001,Soft Drink ,Patiala,2025-07-11,234
P002,Sweets ,Bathinda,2025-07-11,83
P002,Sweets ,Malout,2025-07-11,146
P002,Sweets ,Mohali,2025-07-11,124
P002,Sweets ,Rajpura,2025-07-11,123
P002,Sweets ,Patiala,2025-07-11,134
P003,Moisturizer ,Bathinda,2025-07-11,35
P003,Moisturizer ,Malout,2025-07-11,63
P003,Moisturizer ,Mohali,2025-07-11,47
P003,Moisturizer ,Rajpura,2025-07-11,86
P003,Moisturizer ,Patiala,2025-07-11,62
P004,Pooja Articles,Bathinda,2025-07-11,172
P004,Pooja Articles,Malout,2025-07-11,119
P004,Pooja Articles,Mohali,2025-07-11,202
P004,Pooja Articles,Rajpura,2025-07-11,157
P004,Pooja Articles,Patiala,2025-07-11,176
P005,Gift Hamper,Bathinda,2025-07-11,187
P005,Gift Hamper,Malout,2025-07-11,203
P005,Gift Hamper,Mohali,2025-07-11,172
P005,Gift Hamper,Rajpura,2025-07-11,191
P005,Gift Hamper,Patiala,2025-07-11,265
P001,Soft Drink ,Bathinda,2025-07-12,292
P001,Soft Drink ,Malout,2025-07-12,251
P001,Soft Drink ,Mohali,2025-07-12,258
P001,Soft Drink ,Rajpura,2025-07-12,259
P001,Soft Drink ,Patiala,2025-07-12,264
P002,Sweets ,Bathinda,2025-07-12,125
P002,Sweets ,Malout,2025-07-12,147
P002,Sweets ,Mohali,2025-07-12,86
P002,Sweets ,Rajpura,2025-07-12,120
P002,Sweets ,Patiala,2025-07-12,89
P003,Moisturizer ,Bathinda,2025-07-12,64
P003,Moisturizer ,Malout,2025-07-12,88
P003,Moisturizer ,Mohali,2025-07-12,46
P003,Moisturizer ,Rajpura,2025-07-12,1
P003,Moisturizer ,Patiala,2025-07-12,35
P004,Pooja Articles,Bathinda,2025-07-12,145
P004,Pooja Articles,Malout,2025-07-12,227
P004,Pooja Articles,Mohali,2025-07-12,196
P004,Pooja Articles,Rajpura,2025-07-12,173
P004,Pooja Articles,Patiala,2025-07-12,168
P005,Gift Hamper,Bathinda,2025-07-12,180
P005,Gift Hamper,Malout,2025-07-12,204
P005,Gift Hamper,Mohali,2025-07-12,188
P005,Gift Hamper,Rajpura,2025-07-12,222
P005,Gift Hamper,Patiala,2025-07-12,236
P001,Soft Drink ,Bathinda,2025-07-13,281
P001,Soft Drink ,Malout,2025-07-13,269
P001,Soft Drink ,Mohali,2025-07-13,228
P001,Soft Drink ,Rajpura,2025-07-13,271
P001,Soft Drink ,Patiala,2025-07-13,238
P002,Sweets ,Bathinda,2025-07-13,71
P002,Sweets ,Malout,2025-07-13,133
P002,Sweets ,Mohali,2025-07-13,102
P002,Sweets ,Rajpura,2025-07-13,133
P002,Sweets ,Patiala,2025-07-13,101
P003,Moisturizer ,Bathinda,2025-07-13,91
P003,Moisturizer ,Malout,2025-07-13,85
P003,Moisturizer ,Mohali,2025-07-13,96
P003,Moisturizer ,Rajpura,2025-07-13,46
P003,Moisturizer ,Patiala,2025-07-13,34
P004,Pooja Articles,Bathinda,2025-07-13,165
P004,Pooja Articles,Malout,2025-07-13,137
P004,Pooja Articles,Mohali,2025-07-13,195
P004,Pooja Articles,Rajpura,2025-07-13,160
P004,Pooja Articles,Patiala,2025-07-13,198
P005,Gift Hamper,Bathinda,2025-07-13,198
P005,Gift Hamper,Malout,2025-07-13,241
P005,Gift Hamper,Mohali,2025-07-13,244
P005,Gift Hamper,Rajpura,2025-07-13,219
P005,Gift Hamper,Patiala,2025-07-13,233
P001,Soft Drink ,Bathinda,2025-07-14,289
P001,Soft Drink ,Malout,2025-07-14,294
P001,Soft Drink ,Mohali,2025-07-14,256
P001,Soft Drink ,Rajpura,2025-07-14,224
P001,Soft Drink ,Patiala,2025-07-14,292
P002,Sweets ,Bathinda,2025-07-14,123
P002,Sweets ,Malout,2025-07-14,117
P002,Sweets ,Mohali,2025-07-14,120
P002,Sweets ,Rajpura,2025-07-14,104
P002,Sweets ,Patiala,2025-07-14,90
P003,Moisturizer ,Bathinda,2025-07-14,66
P003,Moisturizer ,Malout,2025-07-14,78
P003,Moisturizer ,Mohali,2025-07-14,34
P003,Moisturizer ,Rajpura,2025-07-14,60
P003,Moisturizer ,Patiala,2025-07-14,82
P004,Pooja Articles,Bathinda,2025-07-14,162
P004,Pooja Articles,Malout,2025-07-14,196
P004,Pooja Articles,Mohali,2025-07-14,206
P004,Pooja Articles,Rajpura,2025-07-14,195
P004,Pooja Articles,Patiala,2025-07-14,159
P005,Gift Hamper,Bathinda,2025-07-14,214
P005,Gift Hamper,Malout,2025-07-14,282
P005,Gift Hamper,Mohali,2025-07-14,210
P005,Gift Hamper,Rajpura,2025-07-14,223
P005,Gift Hamper,Patiala,2025-07-14,198
P001,Soft Drink ,Bathinda,2025-07-15,258
P001,Soft Drink ,Malout,2025-07-15,209
P001,Soft Drink ,Mohali,2025-07-15,236
P001,Soft Drink ,Rajpura,2025-07-15,232
P001,Soft Drink ,Patiala,2025-07-15,226
P002,Sweets ,Bathinda,2025-07-15,130
P002,Sweets ,Malout,2025-07-15,125
P002,Sweets ,Mohali,2025-07-15,94
P002,Sweets ,Rajpura,2025-07-15,115
P002,Sweets ,Patiala,2025-07-15,123
P003,Moisturizer ,Bathinda,2025-07-15,79
P003,Moisturizer ,Malout,2025-07-15,12
P003,Moisturizer ,Mohali,2025-07-15,19
P003,Moisturizer ,Rajpura,2025-07-15,79
P003,Moisturizer ,Patiala,2025-07-15,25
P004,Pooja Articles,Bathinda,2025-07-15,212
P004,Pooja Articles,Malout,2025-07-15,168
P004,Pooja Articles,Mohali,2025-07-15,201
P004,Pooja Articles,Rajpura,2025-07-15,135
P004,Pooja Articles,Patiala,2025-07-15,189
P005,Gift Hamper,Bathinda,2025-07-15,179
P005,Gift Hamper,Malout,2025-07-15,212
P005,Gift Hamper,Mohali,2025-07-15,197
P005,Gift Hamper,Rajpura,2025-07-15,226
P005,Gift Hamper,Patiala,2025-07-15,210
P001,Soft Drink ,Bathinda,2025-07-16,235
P001,Soft Drink ,Malout,2025-07-16,209
P001,Soft Drink ,Mohali,2025-07-16,231
P001,Soft Drink ,Rajpura,2025-07-16,231
P001,Soft Drink ,Patiala,2025-07-16,273
P002,Sweets ,Bathinda,2025-07-16,123
P002,Sweets ,Malout,2025-07-16,148
P002,Sweets ,Mohali,2025-07-16,127
P002,Sweets ,Rajpura,2025-07-16,100
P002,Sweets ,Patiala,2025-07-16,112
P003,Moisturizer ,Bathinda,2025-07-16,20
P003,Moisturizer ,Malout,2025-07-16,5
P003,Moisturizer ,Mohali,2025-07-16,59
P003,Moisturizer ,Rajpura,2025-07-16,81
P003,Moisturizer ,Patiala,2025-07-16,61
P004,Pooja Articles,Bathinda,2025-07-16,143
P004,Pooja Articles,Malout,2025-07-16,152
P004,Pooja Articles,Mohali,2025-07-16,164
P004,Pooja Articles,Rajpura,2025-07-16,165
P004,Pooja Articles,Patiala,2025-07-16,212
P005,Gift Hamper,Bathinda,2025-07-16,205
P005,Gift Hamper,Malout,2025-07-16,201
P005,Gift Hamper,Mohali,2025-07-16,225
P005,Gift Hamper,Rajpura,2025-07-16,202
P005,Gift Hamper,Patiala,2025-07-16,224
P001,Soft Drink ,Bathinda,2025-07-17,251
P001,Soft Drink ,Malout,2025-07-17,251
P001,Soft Drink ,Mohali,2025-07-17,244
P001,Soft Drink ,Rajpura,2025-07-17,259
P001,Soft Drink ,Patiala,2025-07-17,222
P002,Sweets ,Bathinda,2025-07-17,124
P002,Sweets ,Malout,2025-07-17,142
P002,Sweets ,Mohali,2025-07-17,135
P002,Sweets ,Rajpura,2025-07-17,147
P002,Sweets ,Patiala,2025-07-17,117
P003,Moisturizer ,Bathinda,2025-07-17,41
P003,Moisturizer ,Malout,2025-07-17,58
P003,Moisturizer ,Mohali,2025-07-17,50
P003,Moisturizer ,Rajpura,2025-07-17,69
P003,Moisturizer ,Patiala,2025-07-17,72
P004,Pooja Articles,Bathinda,2025-07-17,185
P004,Pooja Articles,Malout,2025-07-17,204
P004,Pooja Articles,Mohali,2025-07-17,199
P004,Pooja Articles,Rajpura,2025-07-17,203
P004,Pooja Articles,Patiala,2025-07-17,163
P005,Gift Hamper,Bathinda,2025-07-17,226
P005,Gift Hamper,Malout,2025-07-17,223
P005,Gift Hamper,Mohali,2025-07-17,267
P005,Gift Hamper,Rajpura,2025-07-17,249
P005,Gift Hamper,Patiala,2025-07-17,171
P001,Soft Drink ,Bathinda,2025-07-18,283
P001,Soft Drink ,Malout,2025-07-18,262
P001,Soft Drink ,Mohali,2025-07-18,289
P001,Soft Drink ,Rajpura,2025-07-18,240
P001,Soft Drink ,Patiala,2025-07-18,246
P002,Sweets ,Bathinda,2025-07-18,55
P002,Sweets ,Malout,2025-07-18,99
P002,Sweets ,Mohali,2025-07-18,72
P002,Sweets ,Rajpura,2025-07-18,106
P002,Sweets ,Patiala,2025-07-18,90
P003,Moisturizer ,Bathinda,2025-07-18,91
P003,Moisturizer ,Malout,2025-07-18,97
P003,Moisturizer ,Mohali,2025-07-18,52
P003,Moisturizer ,Rajpura,2025-07-18,60
P003,Moisturizer ,Patiala,2025-07-18,71
P004,Pooja Articles,Bathinda,2025-07-18,199
P004,Pooja Articles,Malout,2025-07-18,203
P004,Pooja Articles,Mohali,2025-07-18,184
P004,Pooja Articles,Rajpura,2025-07-18,195
P004,Pooja Articles,Patiala,2025-07-18,182
P005,Gift Hamper,Bathinda,2025-07-18,262
P005,Gift Hamper,Malout,2025-07-18,243
P005,Gift Hamper,Mohali,2025-07-18,196
P005,Gift Hamper,Rajpura,2025-07-18,230
P005,Gift Hamper,Patiala,2025-07-18,192
P001,Soft Drink ,Bathinda,2025-07-19,243
P001,Soft Drink ,Malout,2025-07-19,270
P001,Soft Drink ,Mohali,2025-07-19,264
P001,Soft Drink ,Rajpura,2025-07-19,285
P001,Soft Drink ,Patiala,2025-07-19,246
P002,Sweets ,Bathinda,2025-07-19,135
P002,Sweets ,Malout,2025-07-19,141
P002,Sweets ,Mohali,2025-07-19,110
P002,Sweets ,Rajpura,2025-07-19,123
P002,Sweets ,Patiala,2025-07-19,76
P003,Moisturizer ,Bathinda,2025-07-19,88
P003,Moisturizer ,Malout,2025-07-19,0
P003,Moisturizer ,Mohali,2025-07-19,82
P003,Moisturizer ,Rajpura,2025-07-19,93
P003,Moisturizer ,Patiala,2025-07-19,31
P004,Pooja Articles,Bathinda,2025-07-19,145
P004,Pooja Articles,Malout,2025-07-19,220
P004,Pooja Articles,Mohali,2025-07-19,123
P004,Pooja Articles,Rajpura,2025-07-19,158
P004,Pooja Articles,Patiala,2025-07-19,173
P005,Gift Hamper,Bathinda,2025-07-19,264
P005,Gift Hamper,Malout,2025-07-19,276
P005,Gift Hamper,Mohali,2025-07-19,212
P005,Gift Hamper,Rajpura,2025-07-19,230
P005,Gift Hamper,Patiala,2025-07-19,237
P001,Soft Drink ,Bathinda,2025-07-20,261
P001,Soft Drink ,Malout,2025-07-20,259
P001,Soft Drink ,Mohali,2025-07-20,252
P001,Soft Drink ,Rajpura,2025-07-20,237
P001,Soft Drink ,Patiala,2025-07-20,248
P002,Sweets ,Bathinda,2025-07-20,136
P002,Sweets ,Malout,2025-07-20,106
P002,Sweets ,Mohali,2025-07-20,129
P002,Sweets ,Rajpura,2025-07-20,98
P002,Sweets ,Patiala,2025-07-20,132
P003,Moisturizer ,Bathinda,2025-07-20,69
P003,Moisturizer ,Malout,2025-07-20,104
P003,Moisturizer ,Mohali,2025-07-20,118
P003,Moisturizer ,Rajpura,2025-07-20,46
P003,Moisturizer ,Patiala,2025-07-20,46
P004,Pooja Articles,Bathinda,2025-07-20,142
P004,Pooja Articles,Malout,2025-07-20,172
P004,Pooja Articles,Mohali,2025-07-20,173
P004,Pooja Articles,Rajpura,2025-07-20,181
P004,Pooja Articles,Patiala,2025-07-20,174
P005,Gift Hamper,Bathinda,2025-07-20,274
P005,Gift Hamper,Malout,2025-07-20,250
P005,Gift Hamper,Mohali,2025-07-20,196
P005,Gift Hamper,Rajpura,2025-07-20,269
P005,Gift Hamper,Patiala,2025-07-20,235
P001,Soft Drink ,Bathinda,2025-07-21,255
P001,Soft Drink ,Malout,2025-07-21,247
P001,Soft Drink ,Mohali,2025-07-21,286
P001,Soft Drink ,Rajpura,2025-07-21,254
P001,Soft Drink ,Patiala,2025-07-21,229
P002,Sweets ,Bathinda,2025-07-21,133
P002,Sweets ,Malout,2025-07-21,105
P002,Sweets ,Mohali,2025-07-21,165
P002,Sweets ,Rajpura,2025-07-21,142
P002,Sweets ,Patiala,2025-07-21,112
P003,Moisturizer ,Bathinda,2025-07-21,20
P003,Moisturizer ,Malout,2025-07-21,58
P003,Moisturizer ,Mohali,2025-07-21,55
P003,Moisturizer ,Rajpura,2025-07-21,99
P003,Moisturizer ,Patiala,2025-07-21,35
P004,Pooja Articles,Bathinda,2025-07-21,197
P004,Pooja Articles,Malout,2025-07-21,195
P004,Pooja Articles,Mohali,2025-07-21,180
P004,Pooja Articles,Rajpura,2025-07-21,210
P004,Pooja Articles,Patiala,2025-07-21,188
P005,Gift Hamper,Bathinda,2025-07-21,235
P005,Gift Hamper,Malout,2025-07-21,234
P005,Gift Hamper,Mohali,2025-07-21,229
P005,Gift Hamper,Rajpura,2025-07-21,210
P005,Gift Hamper,Patiala,2025-07-21,213
P001,Soft Drink ,Bathinda,2025-07-22,241
P001,Soft Drink ,Malout,2025-07-22,267
P001,Soft Drink ,Mohali,2025-07-22,215
P001,Soft Drink ,Rajpura,2025-07-22,249
P001,Soft Drink ,Patiala,2025-07-22,273
P002,Sweets ,Bathinda,2025-07-22,110
P002,Sweets ,Malout,2025-07-22,92
P002,Sweets ,Mohali,2025-07-22,130
P002,Sweets ,Rajpura,2025-07-22,150
P002,Sweets ,Patiala,2025-07-22,100
P003,Moisturizer ,Bathinda,2025-07-22,60
P003,Moisturizer ,Malout,2025-07-22,18
P003,Moisturizer ,Mohali,2025-07-22,76
P003,Moisturizer ,Rajpura,2025-07-22,60
P003,Moisturizer ,Patiala,2025-07-22,70
P004,Pooja Articles,Bathinda,2025-07-22,162
P004,Pooja Articles,Malout,2025-07-22,170
P004,Pooja Articles,Mohali,2025-07-22,203
P004,Pooja Articles,Rajpura,2025-07-22,199
P004,Pooja Articles,Patiala,2025-07-22,241
P005,Gift Hamper,Bathinda,2025-07-22,216
P005,Gift Hamper,Malout,2025-07-22,229
P005,Gift Hamper,Mohali,2025-07-22,203
P005,Gift Hamper,Rajpura,2025-07-22,212
P005,Gift Hamper,Patiala,2025-07-22,215
P001,Soft Drink ,Bathinda,2025-07-23,272
P001,Soft Drink ,Malout,2025-07-23,241
P001,Soft Drink ,Mohali,2025-07-23,238
P001,Soft Drink ,Rajpura,2025-07-23,237
P001,Soft Drink ,Patiala,2025-07-23,250
P002,Sweets ,Bathinda,2025-07-23,181
P002,Sweets ,Malout,2025-07-23,101
P002,Sweets ,Mohali,2025-07-23,158
P002,Sweets ,Rajpura,2025-07-23,128
P002,Sweets ,Patiala,2025-07-23,144
P003,Moisturizer ,Bathinda,2025-07-23,51
P003,Moisturizer ,Malout,2025-07-23,23
P003,Moisturizer ,Mohali,2025-07-23,75
P003,Moisturizer ,Rajpura,2025-07-23,23
P003,Moisturizer ,Patiala,2025-07-23,74
P004,Pooja Articles,Bathinda,2025-07-23,157
P004,Pooja Articles,Malout,2025-07-23,209
P004,Pooja Articles,Mohali,2025-07-23,162
P004,Pooja Articles,Rajpura,2025-07-23,163
P004,Pooja Articles,Patiala,2025-07-23,178
P005,Gift Hamper,Bathinda,2025-07-23,221
P005,Gift Hamper,Malout,2025-07-23,237
P005,Gift Hamper,Mohali,2025-07-23,256
P005,Gift Hamper,Rajpura,2025-07-23,292
P005,Gift Hamper,Patiala,2025-07-23,185
P001,Soft Drink ,Bathinda,2025-07-24,249
P001,Soft Drink ,Malout,2025-07-24,286
P001,Soft Drink ,Mohali,2025-07-24,295
P001,Soft Drink ,Rajpura,2025-07-24,242
P001,Soft Drink ,Patiala,2025-07-24,229
P002,Sweets ,Bathinda,2025-07-24,104
P002,Sweets ,Malout,2025-07-24,122
P002,Sweets ,Mohali,2025-07-24,138
P002,Sweets ,Rajpura,2025-07-24,127
P002,Sweets ,Patiala,2025-07-24,128
P003,Moisturizer ,Bathinda,2025-07-24,64
P003,Moisturizer ,Malout,2025-07-24,39
P003,Moisturizer ,Mohali,2025-07-24,39
P003,Moisturizer ,Rajpura,2025-07-24,96
P003,Moisturizer ,Patiala,2025-07-24,81
P004,Pooja Articles,Bathinda,2025-07-24,173
P004,Pooja Articles,Malout,2025-07-24,211
P004,Pooja Articles,Mohali,2025-07-24,155
P004,Pooja Articles,Rajpura,2025-07-24,180
P004,Pooja Articles,Patiala,2025-07-24,135
P005,Gift Hamper,Bathinda,2025-07-24,221
P005,Gift Hamper,Malout,2025-07-24,238
P005,Gift Hamper,Mohali,2025-07-24,227
P005,Gift Hamper,Rajpura,2025-07-24,240
P005,Gift Hamper,Patiala,2025-07-24,250
P001,Soft Drink ,Bathinda,2025-07-25,217
P001,Soft Drink ,Malout,2025-07-25,253
P001,Soft Drink ,Mohali,2025-07-25,230
P001,Soft Drink ,Rajpura,2025-07-25,233
P001,Soft Drink ,Patiala,2025-07-25,224
P002,Sweets ,Bathinda,2025-07-25,132
P002,Sweets ,Malout,2025-07-25,154
P002,Sweets ,Mohali,2025-07-25,107
P002,Sweets ,Rajpura,2025-07-25,118
P002,Sweets ,Patiala,2025-07-25,103
P003,Moisturizer ,Bathinda,2025-07-25,68
P003,Moisturizer ,Malout,2025-07-25,71
P003,Moisturizer ,Mohali,2025-07-25,36
P003,Moisturizer ,Rajpura,2025-07-25,87
P003,Moisturizer ,Patiala,2025-07-25,85
P004,Pooja Articles,Bathinda,2025-07-25,174
P004,Pooja Articles,Malout,2025-07-25,181
P004,Pooja Articles,Mohali,2025-07-25,200
P004,Pooja Articles,Rajpura,2025-07-25,143
P004,Pooja Articles,Patiala,2025-07-25,162
P005,Gift Hamper,Bathinda,2025-07-25,216
P005,Gift Hamper,Malout,2025-07-25,251
P005,Gift Hamper,Mohali,2025-07-25,253
P005,Gift Hamper,Rajpura,2025-07-25,186
P005,Gift Hamper,Patiala,2025-07-25,227
P001,Soft Drink ,Bathinda,2025-07-26,273
P001,Soft Drink ,Malout,2025-07-26,294
P001,Soft Drink ,Mohali,2025-07-26,279
P001,Soft Drink ,Rajpura,2025-07-26,279
P001,Soft Drink ,Patiala,2025-07-26,264
P002,Sweets ,Bathinda,2025-07-26,124
P002,Sweets ,Malout,2025-07-26,145
P002,Sweets ,Mohali,2025-07-26,165
P002,Sweets ,Rajpura,2025-07-26,125
P002,Sweets ,Patiala,2025-07-26,121
P003,Moisturizer ,Bathinda,2025-07-26,0
P003,Moisturizer ,Malout,2025-07-26,29
P003,Moisturizer ,Mohali,2025-07-26,68
P003,Moisturizer ,Rajpura,2025-07-26,111
P003,Moisturizer ,Patiala,2025-07-26,29
P004,Pooja Articles,Bathinda,2025-07-26,187
P004,Pooja Articles,Malout,2025-07-26,171
P004,Pooja Articles,Mohali,2025-07-26,241
P004,Pooja Articles,Rajpura,2025-07-26,152
P004,Pooja Articles,Patiala,2025-07-26,116
P005,Gift Hamper,Bathinda,2025-07-26,219
P005,Gift Hamper,Malout,2025-07-26,199
P005,Gift Hamper,Mohali,2025-07-26,219
P005,Gift Hamper,Rajpura,2025-07-26,261
P005,Gift Hamper,Patiala,2025-07-26,237
P001,Soft Drink ,Bathinda,2025-07-27,209
P001,Soft Drink ,Malout,2025-07-27,247
P001,Soft Drink ,Mohali,2025-07-27,233
P001,Soft Drink ,Rajpura,2025-07-27,208
P001,Soft Drink ,Patiala,2025-07-27,283
P002,Sweets ,Bathinda,2025-07-27,104
P002,Sweets ,Malout,2025-07-27,122
P002,Sweets ,Mohali,2025-07-27,84
P002,Sweets ,Rajpura,2025-07-27,72
P002,Sweets ,Patiala,2025-07-27,162
P003,Moisturizer ,Bathinda,2025-07-27,41
P003,Moisturizer ,Malout,2025-07-27,69
P003,Moisturizer ,Mohali,2025-07-27,59
P003,Moisturizer ,Rajpura,2025-07-27,35
P003,Moisturizer ,Patiala,2025-07-27,0
P004,Pooja Articles,Bathinda,2025-07-27,172
P004,Pooja Articles,Malout,2025-07-27,159
P004,Pooja Articles,Mohali,2025-07-27,186
P004,Pooja Articles,Rajpura,2025-07-27,199
P004,Pooja Articles,Patiala,2025-07-27,188
P005,Gift Hamper,Bathinda,2025-07-27,265
P005,Gift Hamper,Malout,2025-07-27,214
P005,Gift Hamper,Mohali,2025-07-27,216
P005,Gift Hamper,Rajpura,2025-07-27,191
P005,Gift Hamper,Patiala,2025-07-27,219
P001,Soft Drink ,Bathinda,2025-07-28,242
P001,Soft Drink ,Malout,2025-07-28,259
P001,Soft Drink ,Mohali,2025-07-28,245
P001,Soft Drink ,Rajpura,2025-07-28,270
P001,Soft Drink ,Patiala,2025-07-28,244
P002,Sweets ,Bathinda,2025-07-28,131
P002,Sweets ,Malout,2025-07-28,100
P002,Sweets ,Mohali,2025-07-28,123
P002,Sweets ,Rajpura,2025-07-28,124
P002,Sweets ,Patiala,2025-07-28,162
P003,Moisturizer ,Bathinda,2025-07-28,15
P003,Moisturizer ,Malout,2025-07-28,40
P003,Moisturizer ,Mohali,2025-07-28,91
P003,Moisturizer ,Rajpura,2025-07-28,88
P003,Moisturizer ,Patiala,2025-07-28,79
P004,Pooja Articles,Bathinda,2025-07-28,213
P004,Pooja Articles,Malout,2025-07-28,172
P004,Pooja Articles,Mohali,2025-07-28,178
P004,Pooja Articles,Rajpura,2025-07-28,176
P004,Pooja Articles,Patiala,2025-07-28,181
P005,Gift Hamper,Bathinda,2025-07-28,173
P005,Gift Hamper,Malout,2025-07-28,208
P005,Gift Hamper,Mohali,2025-07-28,224
P005,Gift Hamper,Rajpura,2025-07-28,235
P005,Gift Hamper,Patiala,2025-07-28,212
P001,Soft Drink ,Bathinda,2025-07-29,269
P001,Soft Drink ,Malout,2025-07-29,270
P001,Soft Drink ,Mohali,2025-07-29,219
P001,Soft Drink ,Rajpura,2025-07-29,238
P001,Soft Drink ,Patiala,2025-07-29,268
P002,Sweets ,Bathinda,2025-07-29,145
P002,Sweets ,Malout,2025-07-29,77
P002,Sweets ,Mohali,2025-07-29,118
P002,Sweets ,Rajpura,2025-07-29,96
P002,Sweets ,Patiala,2025-07-29,124
P003,Moisturizer ,Bathinda,2025-07-29,31
P003,Moisturizer ,Malout,2025-07-29,78
P003,Moisturizer ,Mohali,2025-07-29,52
P003,Moisturizer ,Rajpura,2025-07-29,16
P003,Moisturizer ,Patiala,2025-07-29,85
P004,Pooja Articles,Bathinda,2025-07-29,114
P004,Pooja Articles,Malout,2025-07-29,190
P004,Pooja Articles,Mohali,2025-07-29,191
P004,Pooja Articles,Rajpura,2025-07-29,186
P004,Pooja Articles,Patiala,2025-07-29,188
P005,Gift Hamper,Bathinda,2025-07-29,231
P005,Gift Hamper,Malout,2025-07-29,208
P005,Gift Hamper,Mohali,2025-07-29,190
P005,Gift Hamper,Rajpura,2025-07-29,252
P005,Gift Hamper,Patiala,2025-07-29,203
P001,Soft Drink ,Bathinda,2025-07-30,253
P001,Soft Drink ,Malout,2025-07-30,244
P001,Soft Drink ,Mohali,2025-07-30,301
P001,Soft Drink ,Rajpura,2025-07-30,237
P001,Soft Drink ,Patiala,2025-07-30,207
P002,Sweets ,Bathinda,2025-07-30,161
P002,Sweets ,Malout,2025-07-30,133
P002,Sweets ,Mohali,2025-07-30,116
P002,Sweets ,Rajpura,2025-07-30,97
P002,Sweets ,Patiala,2025-07-30,133
P003,Moisturizer ,Bathinda,2025-07-30,85
P003,Moisturizer ,Malout,2025-07-30,68
P003,Moisturizer ,Mohali,2025-07-30,59
P003,Moisturizer ,Rajpura,2025-07-30,43
P003,Moisturizer ,Patiala,2025-07-30,51
P004,Pooja Articles,Bathinda,2025-07-30,201
P004,Pooja Articles,Malout,2025-07-30,134
P004,Pooja Articles,Mohali,2025-07-30,164
P004,Pooja Articles,Rajpura,2025-07-30,179
P004,Pooja Articles,Patiala,2025-07-30,196
P005,Gift Hamper,Bathinda,2025-07-30,173
P005,Gift Hamper,Malout,2025-07-30,188
P005,Gift Hamper,Mohali,2025-07-30,211
P005,Gift Hamper,Rajpura,2025-07-30,225
P005,Gift Hamper,Patiala,2025-07-30,218
P001,Soft Drink ,Bathinda,2025-07-31,229
P001,Soft Drink ,Malout,2025-07-31,240
P001,Soft Drink ,Mohali,2025-07-31,247
P001,Soft Drink ,Rajpura,2025-07-31,282
P001,Soft Drink ,Patiala,2025-07-31,241
P002,Sweets ,Bathinda,2025-07-31,128
P002,Sweets ,Malout,2025-07-31,118
P002,Sweets ,Mohali,2025-07-31,95
P002,Sweets ,Rajpura,2025-07-31,115
P002,Sweets ,Patiala,2025-07-31,140
P003,Moisturizer ,Bathinda,2025-07-31,63
P003,Moisturizer ,Malout,2025-07-31,40
P003,Moisturizer ,Mohali,2025-07-31,92
P003,Moisturizer ,Rajpura,2025-07-31,90
P003,Moisturizer ,Patiala,2025-07-31,22
P004,Pooja Articles,Bathinda,2025-07-31,157
P004,Pooja Articles,Malout,2025-07-31,168
P004,Pooja Articles,Mohali,2025-07-31,111
P004,Pooja Articles,Rajpura,2025-07-31,189
P004,Pooja Articles,Patiala,2025-07-31,164
P005,Gift Hamper,Bathinda,2025-07-31,210
P005,Gift Hamper,Malout,2025-07-31,221
P005,Gift Hamper,Mohali,2025-07-31,239
P005,Gift Hamper,Rajpura,2025-07-31,270
P005,Gift Hamper,Patiala,2025-07-31,265
P001,Soft Drink ,Bathinda,2025-08-01,217
P001,Soft Drink ,Malout,2025-08-01,248
P001,Soft Drink ,Mohali,2025-08-01,266
P001,Soft Drink ,Rajpura,2025-08-01,297
P001,Soft Drink ,Patiala,2025-08-01,258
P002,Sweets ,Bathinda,2025-08-01,211
P002,Sweets ,Malout,2025-08-01,161
P002,Sweets ,Mohali,2025-08-01,179
P002,Sweets ,Rajpura,2025-08-01,177
P002,Sweets ,Patiala,2025-08-01,200
P003,Moisturizer ,Bathinda,2025-08-01,63
P003,Moisturizer ,Malout,2025-08-01,44
P003,Moisturizer ,Mohali,2025-08-01,60
P003,Moisturizer ,Rajpura,2025-08-01,41
P003,Moisturizer ,Patiala,2025-08-01,50
P004,Pooja Articles,Bathinda,2025-08-01,185
P004,Pooja Articles,Malout,2025-08-01,165
P004,Pooja Articles,Mohali,2025-08-01,151
P004,Pooja Articles,Rajpura,2025-08-01,163
P004,Pooja Articles,Patiala,2025-08-01,172
P005,Gift Hamper,Bathinda,2025-08-01,255
P005,Gift Hamper,Malout,2025-08-01,232
P005,Gift Hamper,Mohali,2025-08-01,234
P005,Gift Hamper,Rajpura,2025-08-01,198
P005,Gift Hamper,Patiala,2025-08-01,224
P001,Soft Drink ,Bathinda,2025-08-02,240
P001,Soft Drink ,Malout,2025-08-02,249
P001,Soft Drink ,Mohali,2025-08-02,259
P001,Soft Drink ,Rajpura,2025-08-02,265
P001,Soft Drink ,Patiala,2025-08-02,277
P002,Sweets ,Bathinda,2025-08-02,211
P002,Sweets ,Malout,2025-08-02,195
P002,Sweets ,Mohali,2025-08-02,185
P002,Sweets ,Rajpura,2025-08-02,189
P002,Sweets ,Patiala,2025-08-02,162
P003,Moisturizer ,Bathinda,2025-08-02,47
P003,Moisturizer ,Malout,2025-08-02,56
P003,Moisturizer ,Mohali,2025-08-02,52
P003,Moisturizer ,Rajpura,2025-08-02,70
P003,Moisturizer ,Patiala,2025-08-02,48
P004,Pooja Articles,Bathinda,2025-08-02,179
P004,Pooja Articles,Malout,2025-08-02,157
P004,Pooja Articles,Mohali,2025-08-02,196
P004,Pooja Articles,Rajpura,2025-08-02,202
P004,Pooja Articles,Patiala,2025-08-02,177
P005,Gift Hamper,Bathinda,2025-08-02,216
P005,Gift Hamper,Malout,2025-08-02,223
P005,Gift Hamper,Mohali,2025-08-02,241
P005,Gift Hamper,Rajpura,2025-08-02,188
P005,Gift Hamper,Patiala,2025-08-02,243
P001,Soft Drink ,Bathinda,2025-08-03,208
P001,Soft Drink ,Malout,2025-08-03,211
P001,Soft Drink ,Mohali,2025-08-03,246
P001,Soft Drink ,Rajpura,2025-08-03,272
P001,Soft Drink ,Patiala,2025-08-03,230
P002,Sweets ,Bathinda,2025-08-03,279
P002,Sweets ,Malout,2025-08-03,184
P002,Sweets ,Mohali,2025-08-03,197
P002,Sweets ,Rajpura,2025-08-03,186
P002,Sweets ,Patiala,2025-08-03,234
P003,Moisturizer ,Bathinda,2025-08-03,59
P003,Moisturizer ,Malout,2025-08-03,39
P003,Moisturizer ,Mohali,2025-08-03,59
P003,Moisturizer ,Rajpura,2025-08-03,57
P003,Moisturizer ,Patiala,2025-08-03,35
P004,Pooja Articles,Bathinda,2025-08-03,166
P004,Pooja Articles,Malout,2025-08-03,183
P004,Pooja Articles,Mohali,2025-08-03,175
P004,Pooja Articles,Rajpura,2025-08-03,152
P004,Pooja Articles,Patiala,2025-08-03,182
P005,Gift Hamper,Bathinda,2025-08-03,174
P005,Gift Hamper,Malout,2025-08-03,229
P005,Gift Hamper,Mohali,2025-08-03,232
P005,Gift Hamper,Rajpura,2025-08-03,226
P005,Gift Hamper,Patiala,2025-08-03,229
P001,Soft Drink ,Bathinda,2025-08-04,275
P001,Soft Drink ,Malout,2025-08-04,220
P001,Soft Drink ,Mohali,2025-08-04,252
P001,Soft Drink ,Rajpura,2025-08-04,266
P001,Soft Drink ,Patiala,2025-08-04,227
P002,Sweets ,Bathinda,2025-08-04,225
P002,Sweets ,Malout,2025-08-04,159
P002,Sweets ,Mohali,2025-08-04,174
P002,Sweets ,Rajpura,2025-08-04,248
P002,Sweets ,Patiala,2025-08-04,237
P003,Moisturizer ,Bathinda,2025-08-04,41
P003,Moisturizer ,Malout,2025-08-04,46
P003,Moisturizer ,Mohali,2025-08-04,44
P003,Moisturizer ,Rajpura,2025-08-04,30
P003,Moisturizer ,Patiala,2025-08-04,18
P004,Pooja Articles,Bathinda,2025-08-04,178
P004,Pooja Articles,Malout,2025-08-04,128
P004,Pooja Articles,Mohali,2025-08-04,128
P004,Pooja Articles,Rajpura,2025-08-04,185
P004,Pooja Articles,Patiala,2025-08-04,182
P005,Gift Hamper,Bathinda,2025-08-04,208
P005,Gift Hamper,Malout,2025-08-04,267
P005,Gift Hamper,Mohali,2025-08-04,246
P005,Gift Hamper,Rajpura,2025-08-04,217
P005,Gift Hamper,Patiala,2025-08-04,229
P001,Soft Drink ,Bathinda,2025-08-05,227
P001,Soft Drink ,Malout,2025-08-05,235
P001,Soft Drink ,Mohali,2025-08-05,280
P001,Soft Drink ,Rajpura,2025-08-05,237
P001,Soft Drink ,Patiala,2025-08-05,240
P002,Sweets ,Bathinda,2025-08-05,197
P002,Sweets ,Malout,2025-08-05,219
P002,Sweets ,Mohali,2025-08-05,230
P002,Sweets ,Rajpura,2025-08-05,196
P002,Sweets ,Patiala,2025-08-05,184
P003,Moisturizer ,Bathinda,2025-08-05,100
P003,Moisturizer ,Malout,2025-08-05,18
P003,Moisturizer ,Mohali,2025-08-05,52
P003,Moisturizer ,Rajpura,2025-08-05,25
P003,Moisturizer ,Patiala,2025-08-05,66
P004,Pooja Articles,Bathinda,2025-08-05,168
P004,Pooja Articles,Malout,2025-08-05,164
P004,Pooja Articles,Mohali,2025-08-05,166
P004,Pooja Articles,Rajpura,2025-08-05,173
P004,Pooja Articles,Patiala,2025-08-05,214
P005,Gift Hamper,Bathinda,2025-08-05,232
P005,Gift Hamper,Malout,2025-08-05,208
P005,Gift Hamper,Mohali,2025-08-05,216
P005,Gift Hamper,Rajpura,2025-08-05,203
P005,Gift Hamper,Patiala,2025-08-05,250
P001,Soft Drink ,Bathinda,2025-08-06,204
P001,Soft Drink ,Malout,2025-08-06,253
P001,Soft Drink ,Mohali,2025-08-06,252
P001,Soft Drink ,Rajpura,2025-08-06,167
P001,Soft Drink ,Patiala,2025-08-06,265
P002,Sweets ,Bathinda,2025-08-06,143
P002,Sweets ,Malout,2025-08-06,202
P002,Sweets ,Mohali,2025-08-06,204
P002,Sweets ,Rajpura,2025-08-06,179
P002,Sweets ,Patiala,2025-08-06,153
P003,Moisturizer ,Bathinda,2025-08-06,42
P003,Moisturizer ,Malout,2025-08-06,94
P003,Moisturizer ,Mohali,2025-08-06,44
P003,Moisturizer ,Rajpura,2025-08-06,43
P003,Moisturizer ,Patiala,2025-08-06,47
P004,Pooja Articles,Bathinda,2025-08-06,197
P004,Pooja Articles,Malout,2025-08-06,218
P004,Pooja Articles,Mohali,2025-08-06,153
P004,Pooja Articles,Rajpura,2025-08-06,166
P004,Pooja Articles,Patiala,2025-08-06,193
P005,Gift Hamper,Bathinda,2025-08-06,212
P005,Gift Hamper,Malout,2025-08-06,224
P005,Gift Hamper,Mohali,2025-08-06,214
P005,Gift Hamper,Rajpura,2025-08-06,231
P005,Gift Hamper,Patiala,2025-08-06,186
P001,Soft Drink ,Bathinda,2025-08-07,248
P001,Soft Drink ,Malout,2025-08-07,304
P001,Soft Drink ,Mohali,2025-08-07,266
P001,Soft Drink ,Rajpura,2025-08-07,200
P001,Soft Drink ,Patiala,2025-08-07,260
P002,Sweets ,Bathinda,2025-08-07,193
P002,Sweets ,Malout,2025-08-07,220
P002,Sweets ,Mohali,2025-08-07,211
P002,Sweets ,Rajpura,2025-08-07,173
P002,Sweets ,Patiala,2025-08-07,161
P003,Moisturizer ,Bathinda,2025-08-07,88
P003,Moisturizer ,Malout,2025-08-07,82
P003,Moisturizer ,Mohali,2025-08-07,51
P003,Moisturizer ,Rajpura,2025-08-07,17
P003,Moisturizer ,Patiala,2025-08-07,41
P004,Pooja Articles,Bathinda,2025-08-07,155
P004,Pooja Articles,Malout,2025-08-07,200
P004,Pooja Articles,Mohali,2025-08-07,170
P004,Pooja Articles,Rajpura,2025-08-07,148
P004,Pooja Articles,Patiala,2025-08-07,193
P005,Gift Hamper,Bathinda,2025-08-07,218
P005,Gift Hamper,Malout,2025-08-07,259
P005,Gift Hamper,Mohali,2025-08-07,233
P005,Gift Hamper,Rajpura,2025-08-07,226
P005,Gift Hamper,Patiala,2025-08-07,223
P001,Soft Drink ,Bathinda,2025-08-08,295
P001,Soft Drink ,Malout,2025-08-08,242
P001,Soft Drink ,Mohali,2025-08-08,221
P001,Soft Drink ,Rajpura,2025-08-08,240
P001,Soft Drink ,Patiala,2025-08-08,251
P002,Sweets ,Bathinda,2025-08-08,196
P002,Sweets ,Malout,2025-08-08,185
P002,Sweets ,Mohali,2025-08-08,187
P002,Sweets ,Rajpura,2025-08-08,197
P002,Sweets ,Patiala,2025-08-08,184
P003,Moisturizer ,Bathinda,2025-08-08,47
P003,Moisturizer ,Malout,2025-08-08,75
P003,Moisturizer ,Mohali,2025-08-08,54
P003,Moisturizer ,Rajpura,2025-08-08,110
P003,Moisturizer ,Patiala,2025-08-08,70
P004,Pooja Articles,Bathinda,2025-08-08,196
P004,Pooja Articles,Malout,2025-08-08,202
P004,Pooja Articles,Mohali,2025-08-08,204
P004,Pooja Articles,Rajpura,2025-08-08,217
P004,Pooja Articles,Patiala,2025-08-08,186
P005,Gift Hamper,Bathinda,2025-08-08,240
P005,Gift Hamper,Malout,2025-08-08,259
P005,Gift Hamper,Mohali,2025-08-08,188
P005,Gift Hamper,Rajpura,2025-08-08,242
P005,Gift Hamper,Patiala,2025-08-08,215
P001,Soft Drink ,Bathinda,2025-08-09,272
P001,Soft Drink ,Malout,2025-08-09,250
P001,Soft Drink ,Mohali,2025-08-09,237
P001,Soft Drink ,Rajpura,2025-08-09,244
P001,Soft Drink ,Patiala,2025-08-09,240
P002,Sweets ,Bathinda,2025-08-09,211
P002,Sweets ,Malout,2025-08-09,235
P002,Sweets ,Mohali,2025-08-09,241
P002,Sweets ,Rajpura,2025-08-09,185
P002,Sweets ,Patiala,2025-08-09,164
P003,Moisturizer ,Bathinda,2025-08-09,13
P003,Moisturizer ,Malout,2025-08-09,60
P003,Moisturizer ,Mohali,2025-08-09,37
P003,Moisturizer ,Rajpura,2025-08-09,70
P003,Moisturizer ,Patiala,2025-08-09,50
P004,Pooja Articles,Bathinda,2025-08-09,178
P004,Pooja Articles,Malout,2025-08-09,170
P004,Pooja Articles,Mohali,2025-08-09,161
P004,Pooja Articles,Rajpura,2025-08-09,181
P004,Pooja Articles,Patiala,2025-08-09,150
P005,Gift Hamper,Bathinda,2025-08-09,191
P005,Gift Hamper,Malout,2025-08-09,220
P005,Gift Hamper,Mohali,2025-08-09,209
P005,Gift Hamper,Rajpura,2025-08-09,282
P005,Gift Hamper,Patiala,2025-08-09,188
P001,Soft Drink ,Bathinda,2025-08-10,305
P001,Soft Drink ,Malout,2025-08-10,258
P001,Soft Drink ,Mohali,2025-08-10,238
P001,Soft Drink ,Rajpura,2025-08-10,230
P001,Soft Drink ,Patiala,2025-08-10,204
P002,Sweets ,Bathinda,2025-08-10,179
P002,Sweets ,Malout,2025-08-10,220
P002,Sweets ,Mohali,2025-08-10,186
P002,Sweets ,Rajpura,2025-08-10,162
P002,Sweets ,Patiala,2025-08-10,202
P003,Moisturizer ,Bathinda,2025-08-10,80
P003,Moisturizer ,Malout,2025-08-10,110
P003,Moisturizer ,Mohali,2025-08-10,72
P003,Moisturizer ,Rajpura,2025-08-10,40
P003,Moisturizer ,Patiala,2025-08-10,28
P004,Pooja Articles,Bathinda,2025-08-10,159
P004,Pooja Articles,Malout,2025-08-10,184
P004,Pooja Articles,Mohali,2025-08-10,197
P004,Pooja Articles,Rajpura,2025-08-10,160
P004,Pooja Articles,Patiala,2025-08-10,184
P005,Gift Hamper,Bathinda,2025-08-10,240
P005,Gift Hamper,Malout,2025-08-10,225
P005,Gift Hamper,Mohali,2025-08-10,218
P005,Gift Hamper,Rajpura,2025-08-10,228
P005,Gift Hamper,Patiala,2025-08-10,215
P001,Soft Drink ,Bathinda,2025-08-11,213
P001,Soft Drink ,Malout,2025-08-11,199
P001,Soft Drink ,Mohali,2025-08-11,228
P001,Soft Drink ,Rajpura,2025-08-11,233
P001,Soft Drink ,Patiala,2025-08-11,240
P002,Sweets ,Bathinda,2025-08-11,252
P002,Sweets ,Malout,2025-08-11,219
P002,Sweets ,Mohali,2025-08-11,241
P002,Sweets ,Rajpura,2025-08-11,220
P002,Sweets ,Patiala,2025-08-11,198
P003,Moisturizer ,Bathinda,2025-08-11,0
P003,Moisturizer ,Malout,2025-08-11,57
P003,Moisturizer ,Mohali,2025-08-11,129
P003,Moisturizer ,Rajpura,2025-08-11,79
P003,Moisturizer ,Patiala,2025-08-11,106
P004,Pooja Articles,Bathinda,2025-08-11,144
P004,Pooja Articles,Malout,2025-08-11,202
P004,Pooja Articles,Mohali,2025-08-11,197
P004,Pooja Articles,Rajpura,2025-08-11,160
P004,Pooja Articles,Patiala,2025-08-11,188
P005,Gift Hamper,Bathinda,2025-08-11,217
P005,Gift Hamper,Malout,2025-08-11,214
P005,Gift Hamper,Mohali,2025-08-11,230
P005,Gift Hamper,Rajpura,2025-08-11,189
P005,Gift Hamper,Patiala,2025-08-11,211
P001,Soft Drink ,Bathinda,2025-08-12,240
P001,Soft Drink ,Malout,2025-08-12,253
P001,Soft Drink ,Mohali,2025-08-12,263
P001,Soft Drink ,Rajpura,2025-08-12,259
P001,Soft Drink ,Patiala,2025-08-12,285
P002,Sweets ,Bathinda,2025-08-12,183
P002,Sweets ,Malout,2025-08-12,239
P002,Sweets ,Mohali,2025-08-12,175
P002,Sweets ,Rajpura,2025-08-12,221
P002,Sweets ,Patiala,2025-08-12,163
P003,Moisturizer ,Bathinda,2025-08-12,23
P003,Moisturizer ,Malout,2025-08-12,64
P003,Moisturizer ,Mohali,2025-08-12,65
P003,Moisturizer ,Rajpura,2025-08-12,81
P003,Moisturizer ,Patiala,2025-08-12,45
P004,Pooja Articles,Bathinda,2025-08-12,188
P004,Pooja Articles,Malout,2025-08-12,192
P004,Pooja Articles,Mohali,2025-08-12,150
P004,Pooja Articles,Rajpura,2025-08-12,181
P004,Pooja Articles,Patiala,2025-08-12,194
P005,Gift Hamper,Bathinda,2025-08-12,211
P005,Gift Hamper,Malout,2025-08-12,201
P005,Gift Hamper,Mohali,2025-08-12,245
P005,Gift Hamper,Rajpura,2025-08-12,232
P005,Gift Hamper,Patiala,2025-08-12,218
P001,Soft Drink ,Bathinda,2025-08-13,213
P001,Soft Drink ,Malout,2025-08-13,216
P001,Soft Drink ,Mohali,2025-08-13,268
P001,Soft Drink ,Rajpura,2025-08-13,224
P001,Soft Drink ,Patiala,2025-08-13,265
P002,Sweets ,Bathinda,2025-08-13,190
P002,Sweets ,Malout,2025-08-13,223
P002,Sweets ,Mohali,2025-08-13,275
P002,Sweets ,Rajpura,2025-08-13,200
P002,Sweets ,Patiala,2025-08-13,226
P003,Moisturizer ,Bathinda,2025-08-13,51
P003,Moisturizer ,Malout,2025-08-13,42
P003,Moisturizer ,Mohali,2025-08-13,32
P003,Moisturizer ,Rajpura,2025-08-13,18
P003,Moisturizer ,Patiala,2025-08-13,64
P004,Pooja Articles,Bathinda,2025-08-13,166
P004,Pooja Articles,Malout,2025-08-13,189
P004,Pooja Articles,Mohali,2025-08-13,178
P004,Pooja Articles,Rajpura,2025-08-13,170
P004,Pooja Articles,Patiala,2025-08-13,193
P005,Gift Hamper,Bathinda,2025-08-13,184
P005,Gift Hamper,Malout,2025-08-13,265
P005,Gift Hamper,Mohali,2025-08-13,177
P005,Gift Hamper,Rajpura,2025-08-13,247
P005,Gift Hamper,Patiala,2025-08-13,189
P001,Soft Drink ,Bathinda,2025-08-14,203
P001,Soft Drink ,Malout,2025-08-14,299
P001,Soft Drink ,Mohali,2025-08-14,269
P001,Soft Drink ,Rajpura,2025-08-14,274
P001,Soft Drink ,Patiala,2025-08-14,250
P002,Sweets ,Bathinda,2025-08-14,182
P002,Sweets ,Malout,2025-08-14,216
P002,Sweets ,Mohali,2025-08-14,194
P002,Sweets ,Rajpura,2025-08-14,265
P002,Sweets ,Patiala,2025-08-14,146
P003,Moisturizer ,Bathinda,2025-08-14,43
P003,Moisturizer ,Malout,2025-08-14,68
P003,Moisturizer ,Mohali,2025-08-14,102
P003,Moisturizer ,Rajpura,2025-08-14,78
P003,Moisturizer ,Patiala,2025-08-14,16
P004,Pooja Articles,Bathinda,2025-08-14,211
P004,Pooja Articles,Malout,2025-08-14,137
P004,Pooja Articles,Mohali,2025-08-14,210
P004,Pooja Articles,Rajpura,2025-08-14,148
P004,Pooja Articles,Patiala,2025-08-14,216
P005,Gift Hamper,Bathinda,2025-08-14,242
P005,Gift Hamper,Malout,2025-08-14,215
P005,Gift Hamper,Mohali,2025-08-14,202
P005,Gift Hamper,Rajpura,2025-08-14,215
P005,Gift Hamper,Patiala,2025-08-14,205
P001,Soft Drink ,Bathinda,2025-08-15,209
P001,Soft Drink ,Malout,2025-08-15,233
P001,Soft Drink ,Mohali,2025-08-15,293
P001,Soft Drink ,Rajpura,2025-08-15,286
P001,Soft Drink ,Patiala,2025-08-15,289
P002,Sweets ,Bathinda,2025-08-15,196
P002,Sweets ,Malout,2025-08-15,204
P002,Sweets ,Mohali,2025-08-15,194
P002,Sweets ,Rajpura,2025-08-15,188
P002,Sweets ,Patiala,2025-08-15,182
P003,Moisturizer ,Bathinda,2025-08-15,66
P003,Moisturizer ,Malout,2025-08-15,69
P003,Moisturizer ,Mohali,2025-08-15,76
P003,Moisturizer ,Rajpura,2025-08-15,83
P003,Moisturizer ,Patiala,2025-08-15,43
P004,Pooja Articles,Bathinda,2025-08-15,177
P004,Pooja Articles,Malout,2025-08-15,177
P004,Pooja Articles,Mohali,2025-08-15,168
P004,Pooja Articles,Rajpura,2025-08-15,184
P004,Pooja Articles,Patiala,2025-08-15,173
P005,Gift Hamper,Bathinda,2025-08-15,229
P005,Gift Hamper,Malout,2025-08-15,240
P005,Gift Hamper,Mohali,2025-08-15,256
P005,Gift Hamper,Rajpura,2025-08-15,216
P005,Gift Hamper,Patiala,2025-08-15,196
P001,Soft Drink ,Bathinda,2025-08-16,244
P001,Soft Drink ,Malout,2025-08-16,244
P001,Soft Drink ,Mohali,2025-08-16,243
P001,Soft Drink ,Rajpura,2025-08-16,277
P001,Soft Drink ,Patiala,2025-08-16,248
P002,Sweets ,Bathinda,2025-08-16,186
P002,Sweets ,Malout,2025-08-16,192
P002,Sweets ,Mohali,2025-08-16,164
P002,Sweets ,Rajpura,2025-08-16,219
P002,Sweets ,Patiala,2025-08-16,197
P003,Moisturizer ,Bathinda,2025-08-16,82
P003,Moisturizer ,Malout,2025-08-16,63
P003,Moisturizer ,Mohali,2025-08-16,86
P003,Moisturizer ,Rajpura,2025-08-16,33
P003,Moisturizer ,Patiala,2025-08-16,38
P004,Pooja Articles,Bathinda,2025-08-16,199
P004,Pooja Articles,Malout,2025-08-16,136
P004,Pooja Articles,Mohali,2025-08-16,183
P004,Pooja Articles,Rajpura,2025-08-16,179
P004,Pooja Articles,Patiala,2025-08-16,216
P005,Gift Hamper,Bathinda,2025-08-16,217
P005,Gift Hamper,Malout,2025-08-16,237
P005,Gift Hamper,Mohali,2025-08-16,240
P005,Gift Hamper,Rajpura,2025-08-16,196
P005,Gift Hamper,Patiala,2025-08-16,261
P001,Soft Drink ,Bathinda,2025-08-17,265
P001,Soft Drink ,Malout,2025-08-17,273
P001,Soft Drink ,Mohali,2025-08-17,267
P001,Soft Drink ,Rajpura,2025-08-17,277
P001,Soft Drink ,Patiala,2025-08-17,268
P002,Sweets ,Bathinda,2025-08-17,196
P002,Sweets ,Malout,2025-08-17,196
P002,Sweets ,Mohali,2025-08-17,206
P002,Sweets ,Rajpura,2025-08-17,222
P002,Sweets ,Patiala,2025-08-17,215
P003,Moisturizer ,Bathinda,2025-08-17,61
P003,Moisturizer ,Malout,2025-08-17,28
P003,Moisturizer ,Mohali,2025-08-17,47
P003,Moisturizer ,Rajpura,2025-08-17,101
P003,Moisturizer ,Patiala,2025-08-17,54
P004,Pooja Articles,Bathinda,2025-08-17,209
P004,Pooja Articles,Malout,2025-08-17,175
P004,Pooja Articles,Mohali,2025-08-17,194
P004,Pooja Articles,Rajpura,2025-08-17,212
P004,Pooja Articles,Patiala,2025-08-17,168
P005,Gift Hamper,Bathinda,2025-08-17,172
P005,Gift Hamper,Malout,2025-08-17,240
P005,Gift Hamper,Mohali,2025-08-17,240
P005,Gift Hamper,Rajpura,2025-08-17,213
P005,Gift Hamper,Patiala,2025-08-17,229
P001,Soft Drink ,Bathinda,2025-08-18,240
P001,Soft Drink ,Malout,2025-08-18,268
P001,Soft Drink ,Mohali,2025-08-18,228
P001,Soft Drink ,Rajpura,2025-08-18,206
P001,Soft Drink ,Patiala,2025-08-18,249
P002,Sweets ,Bathinda,2025-08-18,178
P002,Sweets ,Malout,2025-08-18,196
P002,Sweets ,Mohali,2025-08-18,187
P002,Sweets ,Rajpura,2025-08-18,163
P002,Sweets ,Patiala,2025-08-18,180
P003,Moisturizer ,Bathinda,2025-08-18,33
P003,Moisturizer ,Malout,2025-08-18,44
P003,Moisturizer ,Mohali,2025-08-18,80
P003,Moisturizer ,Rajpura,2025-08-18,41
P003,Moisturizer ,Patiala,2025-08-18,58
P004,Pooja Articles,Bathinda,2025-08-18,174
P004,Pooja Articles,Malout,2025-08-18,191
P004,Pooja Articles,Mohali,2025-08-18,170
P004,Pooja Articles,Rajpura,2025-08-18,210
P004,Pooja Articles,Patiala,2025-08-18,216
P005,Gift Hamper,Bathinda,2025-08-18,200
P005,Gift Hamper,Malout,2025-08-18,229
P005,Gift Hamper,Mohali,2025-08-18,220
P005,Gift Hamper,Rajpura,2025-08-18,232
P005,Gift Hamper,Patiala,2025-08-18,230
P001,Soft Drink ,Bathinda,2025-08-19,238
P001,Soft Drink ,Malout,2025-08-19,271
P001,Soft Drink ,Mohali,2025-08-19,257
P001,Soft Drink ,Rajpura,2025-08-19,238
P001,Soft Drink ,Patiala,2025-08-19,231
P002,Sweets ,Bathinda,2025-08-19,244
P002,Sweets ,Malout,2025-08-19,229
P002,Sweets ,Mohali,2025-08-19,178
P002,Sweets ,Rajpura,2025-08-19,168
P002,Sweets ,Patiala,2025-08-19,212
P003,Moisturizer ,Bathinda,2025-08-19,104
P003,Moisturizer ,Malout,2025-08-19,67
P003,Moisturizer ,Mohali,2025-08-19,57
P003,Moisturizer ,Rajpura,2025-08-19,35
P003,Moisturizer ,Patiala,2025-08-19,81
P004,Pooja Articles,Bathinda,2025-08-19,198
P004,Pooja Articles,Malout,2025-08-19,183
P004,Pooja Articles,Mohali,2025-08-19,166
P004,Pooja Articles,Rajpura,2025-08-19,192
P004,Pooja Articles,Patiala,2025-08-19,178
P005,Gift Hamper,Bathinda,2025-08-19,235
P005,Gift Hamper,Malout,2025-08-19,164
P005,Gift Hamper,Mohali,2025-08-19,201
P005,Gift Hamper,Rajpura,2025-08-19,238
P005,Gift Hamper,Patiala,2025-08-19,211
P001,Soft Drink ,Bathinda,2025-08-20,246
P001,Soft Drink ,Malout,2025-08-20,263
P001,Soft Drink ,Mohali,2025-08-20,212
P001,Soft Drink ,Rajpura,2025-08-20,201
P001,Soft Drink ,Patiala,2025-08-20,276
P002,Sweets ,Bathinda,2025-08-20,139
P002,Sweets ,Malout,2025-08-20,185
P002,Sweets ,Mohali,2025-08-20,224
P002,Sweets ,Rajpura,2025-08-20,203
P002,Sweets ,Patiala,2025-08-20,230
P003,Moisturizer ,Bathinda,2025-08-20,71
P003,Moisturizer ,Malout,2025-08-20,55
P003,Moisturizer ,Mohali,2025-08-20,125
P003,Moisturizer ,Rajpura,2025-08-20,48
P003,Moisturizer ,Patiala,2025-08-20,66
P004,Pooja Articles,Bathinda,2025-08-20,173
P004,Pooja Articles,Malout,2025-08-20,227
P004,Pooja Articles,Mohali,2025-08-20,205
P004,Pooja Articles,Rajpura,2025-08-20,149
P004,Pooja Articles,Patiala,2025-08-20,129
P005,Gift Hamper,Bathinda,2025-08-20,216
P005,Gift Hamper,Malout,2025-08-20,213
P005,Gift Hamper,Mohali,2025-08-20,203
P005,Gift Hamper,Rajpura,2025-08-20,262
P005,Gift Hamper,Patiala,2025-08-20,273
P001,Soft Drink ,Bathinda,2025-08-21,286
P001,Soft Drink ,Malout,2025-08-21,249
P001,Soft Drink ,Mohali,2025-08-21,316
P001,Soft Drink ,Rajpura,2025-08-21,254
P001,Soft Drink ,Patiala,2025-08-21,254
P002,Sweets ,Bathinda,2025-08-21,210
P002,Sweets ,Malout,2025-08-21,214
P002,Sweets ,Mohali,2025-08-21,171
P002,Sweets ,Rajpura,2025-08-21,198
P002,Sweets ,Patiala,2025-08-21,159
P003,Moisturizer ,Bathinda,2025-08-21,38
P003,Moisturizer ,Malout,2025-08-21,55
P003,Moisturizer ,Mohali,2025-08-21,34
P003,Moisturizer ,Rajpura,2025-08-21,66
P003,Moisturizer ,Patiala,2025-08-21,101
P004,Pooja Articles,Bathinda,2025-08-21,149
P004,Pooja Articles,Malout,2025-08-21,189
P004,Pooja Articles,Mohali,2025-08-21,145
P004,Pooja Articles,Rajpura,2025-08-21,172
P004,Pooja Articles,Patiala,2025-08-21,177
P005,Gift Hamper,Bathinda,2025-08-21,227
P005,Gift Hamper,Malout,2025-08-21,215
P005,Gift Hamper,Mohali,2025-08-21,260
P005,Gift Hamper,Rajpura,2025-08-21,209
P005,Gift Hamper,Patiala,2025-08-21,253
P001,Soft Drink ,Bathinda,2025-08-22,245
P001,Soft Drink ,Malout,2025-08-22,231
P001,Soft Drink ,Mohali,2025-08-22,256
P001,Soft Drink ,Rajpura,2025-08-22,255
P001,Soft Drink ,Patiala,2025-08-22,257
P002,Sweets ,Bathinda,2025-08-22,165
P002,Sweets ,Malout,2025-08-22,206
P002,Sweets ,Mohali,2025-08-22,174
P002,Sweets ,Rajpura,2025-08-22,202
P002,Sweets ,Patiala,2025-08-22,153
P003,Moisturizer ,Bathinda,2025-08-22,92
P003,Moisturizer ,Malout,2025-08-22,102
P003,Moisturizer ,Mohali,2025-08-22,70
P003,Moisturizer ,Rajpura,2025-08-22,91
P003,Moisturizer ,Patiala,2025-08-22,91
P004,Pooja Articles,Bathinda,2025-08-22,184
P004,Pooja Articles,Malout,2025-08-22,182
P004,Pooja Articles,Mohali,2025-08-22,167
P004,Pooja Articles,Rajpura,2025-08-22,189
P004,Pooja Articles,Patiala,2025-08-22,203
P005,Gift Hamper,Bathinda,2025-08-22,197
P005,Gift Hamper,Malout,2025-08-22,257
P005,Gift Hamper,Mohali,2025-08-22,192
P005,Gift Hamper,Rajpura,2025-08-22,205
P005,Gift Hamper,Patiala,2025-08-22,220
P001,Soft Drink ,Bathinda,2025-08-23,235
P001,Soft Drink ,Malout,2025-08-23,232
P001,Soft Drink ,Mohali,2025-08-23,251
P001,Soft Drink ,Rajpura,2025-08-23,235
P001,Soft Drink ,Patiala,2025-08-23,236
P002,Sweets ,Bathinda,2025-08-23,206
P002,Sweets ,Malout,2025-08-23,179
P002,Sweets ,Mohali,2025-08-23,218
P002,Sweets ,Rajpura,2025-08-23,199
P002,Sweets ,Patiala,2025-08-23,210
P003,Moisturizer ,Bathinda,2025-08-23,0
P003,Moisturizer ,Malout,2025-08-23,65
P003,Moisturizer ,Mohali,2025-08-23,97
P003,Moisturizer ,Rajpura,2025-08-23,67
P003,Moisturizer ,Patiala,2025-08-23,49
P004,Pooja Articles,Bathinda,2025-08-23,197
P004,Pooja Articles,Malout,2025-08-23,190
P004,Pooja Articles,Mohali,2025-08-23,136
P004,Pooja Articles,Rajpura,2025-08-23,154
P004,Pooja Articles,Patiala,2025-08-23,196
P005,Gift Hamper,Bathinda,2025-08-23,210
P005,Gift Hamper,Malout,2025-08-23,246
P005,Gift Hamper,Mohali,2025-08-23,165
P005,Gift Hamper,Rajpura,2025-08-23,220
P005,Gift Hamper,Patiala,2025-08-23,189
P001,Soft Drink ,Bathinda,2025-08-24,196
P001,Soft Drink ,Malout,2025-08-24,266
P001,Soft Drink ,Mohali,2025-08-24,300
P001,Soft Drink ,Rajpura,2025-08-24,298
P001,Soft Drink ,Patiala,2025-08-24,257
P002,Sweets ,Bathinda,2025-08-24,243
P002,Sweets ,Malout,2025-08-24,208
P002,Sweets ,Mohali,2025-08-24,211
P002,Sweets ,Rajpura,2025-08-24,199
P002,Sweets ,Patiala,2025-08-24,183
P003,Moisturizer ,Bathinda,2025-08-24,44
P003,Moisturizer ,Malout,2025-08-24,134
P003,Moisturizer ,Mohali,2025-08-24,64
P003,Moisturizer ,Rajpura,2025-08-24,60
P003,Moisturizer ,Patiala,2025-08-24,70
P004,Pooja Articles,Bathinda,2025-08-24,124
P004,Pooja Articles,Malout,2025-08-24,217
P004,Pooja Articles,Mohali,2025-08-24,134
P004,Pooja Articles,Rajpura,2025-08-24,219
P004,Pooja Articles,Patiala,2025-08-24,204
P005,Gift Hamper,Bathinda,2025-08-24,292
P005,Gift Hamper,Malout,2025-08-24,221
P005,Gift Hamper,Mohali,2025-08-24,203
P005,Gift Hamper,Rajpura,2025-08-24,221
P005,Gift Hamper,Patiala,2025-08-24,233
P001,Soft Drink ,Bathinda,2025-08-25,274
P001,Soft Drink ,Malout,2025-08-25,240
P001,Soft Drink ,Mohali,2025-08-25,268
P001,Soft Drink ,Rajpura,2025-08-25,220
P001,Soft Drink ,Patiala,2025-08-25,275
P002,Sweets ,Bathinda,2025-08-25,164
P002,Sweets ,Malout,2025-08-25,198
P002,Sweets ,Mohali,2025-08-25,183
P002,Sweets ,Rajpura,2025-08-25,197
P002,Sweets ,Patiala,2025-08-25,205
P003,Moisturizer ,Bathinda,2025-08-25,75
P003,Moisturizer ,Malout,2025-08-25,83
P003,Moisturizer ,Mohali,2025-08-25,64
P003,Moisturizer ,Rajpura,2025-08-25,34
P003,Moisturizer ,Patiala,2025-08-25,22
P004,Pooja Articles,Bathinda,2025-08-25,150
P004,Pooja Articles,Malout,2025-08-25,185
P004,Pooja Articles,Mohali,2025-08-25,182
P004,Pooja Articles,Rajpura,2025-08-25,205
P004,Pooja Articles,Patiala,2025-08-25,186
P005,Gift Hamper,Bathinda,2025-08-25,247
P005,Gift Hamper,Malout,2025-08-25,209
P005,Gift Hamper,Mohali,2025-08-25,263
P005,Gift Hamper,Rajpura,2025-08-25,237
P005,Gift Hamper,Patiala,2025-08-25,241
P001,Soft Drink ,Bathinda,2025-08-26,257
P001,Soft Drink ,Malout,2025-08-26,274
P001,Soft Drink ,Mohali,2025-08-26,275
P001,Soft Drink ,Rajpura,2025-08-26,247
P001,Soft Drink ,Patiala,2025-08-26,226
P002,Sweets ,Bathinda,2025-08-26,215
P002,Sweets ,Malout,2025-08-26,189
P002,Sweets ,Mohali,2025-08-26,221
P002,Sweets ,Rajpura,2025-08-26,212
P002,Sweets ,Patiala,2025-08-26,212
P003,Moisturizer ,Bathinda,2025-08-26,43
P003,Moisturizer ,Malout,2025-08-26,50
P003,Moisturizer ,Mohali,2025-08-26,37
P003,Moisturizer ,Rajpura,2025-08-26,71
P003,Moisturizer ,Patiala,2025-08-26,64
P004,Pooja Articles,Bathinda,2025-08-26,124
P004,Pooja Articles,Malout,2025-08-26,126
P004,Pooja Articles,Mohali,2025-08-26,178
P004,Pooja Articles,Rajpura,2025-08-26,175
P004,Pooja Articles,Patiala,2025-08-26,189
P005,Gift Hamper,Bathinda,2025-08-26,228
P005,Gift Hamper,Malout,2025-08-26,145
P005,Gift Hamper,Mohali,2025-08-26,178
P005,Gift Hamper,Rajpura,2025-08-26,192
P005,Gift Hamper,Patiala,2025-08-26,188
P001,Soft Drink ,Bathinda,2025-08-27,239
P001,Soft Drink ,Malout,2025-08-27,201
P001,Soft Drink ,Mohali,2025-08-27,235
P001,Soft Drink ,Rajpura,2025-08-27,254
P001,Soft Drink ,Patiala,2025-08-27,264
P002,Sweets ,Bathinda,2025-08-27,197
P002,Sweets ,Malout,2025-08-27,184
P002,Sweets ,Mohali,2025-08-27,212
P002,Sweets ,Rajpura,2025-08-27,250
P002,Sweets ,Patiala,2025-08-27,223
P003,Moisturizer ,Bathinda,2025-08-27,2
P003,Moisturizer ,Malout,2025-08-27,24
P003,Moisturizer ,Mohali,2025-08-27,44
P003,Moisturizer ,Rajpura,2025-08-27,64
P003,Moisturizer ,Patiala,2025-08-27,48
P004,Pooja Articles,Bathinda,2025-08-27,166
P004,Pooja Articles,Malout,2025-08-27,205
P004,Pooja Articles,Mohali,2025-08-27,118
P004,Pooja Articles,Rajpura,2025-08-27,167
P004,Pooja Articles,Patiala,2025-08-27,179
P005,Gift Hamper,Bathinda,2025-08-27,235
P005,Gift Hamper,Malout,2025-08-27,209
P005,Gift Hamper,Mohali,2025-08-27,197
P005,Gift Hamper,Rajpura,2025-08-27,221
P005,Gift Hamper,Patiala,2025-08-27,213
P001,Soft Drink ,Bathinda,2025-08-28,233
P001,Soft Drink ,Malout,2025-08-28,225
P001,Soft Drink ,Mohali,2025-08-28,245
P001,Soft Drink ,Rajpura,2025-08-28,258
P001,Soft Drink ,Patiala,2025-08-28,250
P002,Sweets ,Bathinda,2025-08-28,244
P002,Sweets ,Malout,2025-08-28,182
P002,Sweets ,Mohali,2025-08-28,201
P002,Sweets ,Rajpura,2025-08-28,192
P002,Sweets ,Patiala,2025-08-28,200
P003,Moisturizer ,Bathinda,2025-08-28,54
P003,Moisturizer ,Malout,2025-08-28,61
P003,Moisturizer ,Mohali,2025-08-28,66
P003,Moisturizer ,Rajpura,2025-08-28,49
P003,Moisturizer ,Patiala,2025-08-28,72
P004,Pooja Articles,Bathinda,2025-08-28,177
P004,Pooja Articles,Malout,2025-08-28,142
P004,Pooja Articles,Mohali,2025-08-28,157
P004,Pooja Articles,Rajpura,2025-08-28,158
P004,Pooja Articles,Patiala,2025-08-28,142
P005,Gift Hamper,Bathinda,2025-08-28,231
P005,Gift Hamper,Malout,2025-08-28,243
P005,Gift Hamper,Mohali,2025-08-28,260
P005,Gift Hamper,Rajpura,2025-08-28,203
P005,Gift Hamper,Patiala,2025-08-28,202
P001,Soft Drink ,Bathinda,2025-08-29,241
P001,Soft Drink ,Malout,2025-08-29,252
P001,Soft Drink ,Mohali,2025-08-29,240
P001,Soft Drink ,Rajpura,2025-08-29,190
P001,Soft Drink ,Patiala,2025-08-29,227
P002,Sweets ,Bathinda,2025-08-29,221
P002,Sweets ,Malout,2025-08-29,175
P002,Sweets ,Mohali,2025-08-29,201
P002,Sweets ,Rajpura,2025-08-29,217
P002,Sweets ,Patiala,2025-08-29,182
P003,Moisturizer ,Bathinda,2025-08-29,20
P003,Moisturizer ,Malout,2025-08-29,39
P003,Moisturizer ,Mohali,2025-08-29,38
P003,Moisturizer ,Rajpura,2025-08-29,71
P003,Moisturizer ,Patiala,2025-08-29,61
P004,Pooja Articles,Bathinda,2025-08-29,152
P004,Pooja Articles,Malout,2025-08-29,227
P004,Pooja Articles,Mohali,2025-08-29,169
P004,Pooja Articles,Rajpura,2025-08-29,210
P004,Pooja Articles,Patiala,2025-08-29,137
P005,Gift Hamper,Bathinda,2025-08-29,225
P005,Gift Hamper,Malout,2025-08-29,236
P005,Gift Hamper,Mohali,2025-08-29,270
P005,Gift Hamper,Rajpura,2025-08-29,229
P005,Gift Hamper,Patiala,2025-08-29,233
P001,Soft Drink ,Bathinda,2025-08-30,288
P001,Soft Drink ,Malout,2025-08-30,243
P001,Soft Drink ,Mohali,2025-08-30,292
P001,Soft Drink ,Rajpura,2025-08-30,255
P001,Soft Drink ,Patiala,2025-08-30,271
P002,Sweets ,Bathinda,2025-08-30,229
P002,Sweets ,Malout,2025-08-30,238
P002,Sweets ,Mohali,2025-08-30,154
P002,Sweets ,Rajpura,2025-08-30,172
P002,Sweets ,Patiala,2025-08-30,227
P003,Moisturizer ,Bathinda,2025-08-30,42
P003,Moisturizer ,Malout,2025-08-30,48
P003,Moisturizer ,Mohali,2025-08-30,70
P003,Moisturizer ,Rajpura,2025-08-30,52
P003,Moisturizer ,Patiala,2025-08-30,31
P004,Pooja Articles,Bathinda,2025-08-30,159
P004,Pooja Articles,Malout,2025-08-30,195
P004,Pooja Articles,Mohali,2025-08-30,161
P004,Pooja Articles,Rajpura,2025-08-30,150
P004,Pooja Articles,Patiala,2025-08-30,171
P005,Gift Hamper,Bathinda,2025-08-30,224
P005,Gift Hamper,Malout,2025-08-30,204
P005,Gift Hamper,Mohali,2025-08-30,211
P005,Gift Hamper,Rajpura,2025-08-30,190
P005,Gift Hamper,Patiala,2025-08-30,206
P001,Soft Drink ,Bathinda,2025-08-31,288
P001,Soft Drink ,Malout,2025-08-31,217
P001,Soft Drink ,Mohali,2025-08-31,225
P001,Soft Drink ,Rajpura,2025-08-31,250
P001,Soft Drink ,Patiala,2025-08-31,279
P002,Sweets ,Bathinda,2025-08-31,220
P002,Sweets ,Malout,2025-08-31,167
P002,Sweets ,Mohali,2025-08-31,223
P002,Sweets ,Rajpura,2025-08-31,212
P002,Sweets ,Patiala,2025-08-31,221
P003,Moisturizer ,Bathinda,2025-08-31,43
P003,Moisturizer ,Malout,2025-08-31,53
P003,Moisturizer ,Mohali,2025-08-31,63
P003,Moisturizer ,Rajpura,2025-08-31,41
P003,Moisturizer ,Patiala,2025-08-31,62
P004,Pooja Articles,Bathinda,2025-08-31,179
P004,Pooja Articles,Malout,2025-08-31,158
P004,Pooja Articles,Mohali,2025-08-31,205
P004,Pooja Articles,Rajpura,2025-08-31,162
P004,Pooja Articles,Patiala,2025-08-31,136
P005,Gift Hamper,Bathinda,2025-08-31,209
P005,Gift Hamper,Malout,2025-08-31,192
P005,Gift Hamper,Mohali,2025-08-31,213
P005,Gift Hamper,Rajpura,2025-08-31,231
P005,Gift Hamper,Patiala,2025-08-31,263
P001,Soft Drink ,Bathinda,2025-09-01,139
P001,Soft Drink ,Malout,2025-09-01,214
P001,Soft Drink ,Mohali,2025-09-01,184
P001,Soft Drink ,Rajpura,2025-09-01,176
P001,Soft Drink ,Patiala,2025-09-01,182
P002,Sweets ,Bathinda,2025-09-01,131
P002,Sweets ,Malout,2025-09-01,153
P002,Sweets ,Mohali,2025-09-01,81
P002,Sweets ,Rajpura,2025-09-01,111
P002,Sweets ,Patiala,2025-09-01,134
P003,Moisturizer ,Bathinda,2025-09-01,93
P003,Moisturizer ,Malout,2025-09-01,87
P003,Moisturizer ,Mohali,2025-09-01,149
P003,Moisturizer ,Rajpura,2025-09-01,94
P003,Moisturizer ,Patiala,2025-09-01,132
P004,Pooja Articles,Bathinda,2025-09-01,138
P004,Pooja Articles,Malout,2025-09-01,139
P004,Pooja Articles,Mohali,2025-09-01,142
P004,Pooja Articles,Rajpura,2025-09-01,154
P004,Pooja Articles,Patiala,2025-09-01,141
P005,Gift Hamper,Bathinda,2025-09-01,169
P005,Gift Hamper,Malout,2025-09-01,201
P005,Gift Hamper,Mohali,2025-09-01,230
P005,Gift Hamper,Rajpura,2025-09-01,224
P005,Gift Hamper,Patiala,2025-09-01,220
P001,Soft Drink ,Bathinda,2025-09-02,110
P001,Soft Drink ,Malout,2025-09-02,128
P001,Soft Drink ,Mohali,2025-09-02,159
P001,Soft Drink ,Rajpura,2025-09-02,227
P001,Soft Drink ,Patiala,2025-09-02,200
P002,Sweets ,Bathinda,2025-09-02,136
P002,Sweets ,Malout,2025-09-02,152
P002,Sweets ,Mohali,2025-09-02,108
P002,Sweets ,Rajpura,2025-09-02,107
P002,Sweets ,Patiala,2025-09-02,118
P003,Moisturizer ,Bathinda,2025-09-02,124
P003,Moisturizer ,Malout,2025-09-02,109
P003,Moisturizer ,Mohali,2025-09-02,108
P003,Moisturizer ,Rajpura,2025-09-02,139
P003,Moisturizer ,Patiala,2025-09-02,140
P004,Pooja Articles,Bathinda,2025-09-02,94
P004,Pooja Articles,Malout,2025-09-02,158
P004,Pooja Articles,Mohali,2025-09-02,146
P004,Pooja Articles,Rajpura,2025-09-02,169
P004,Pooja Articles,Patiala,2025-09-02,198
P005,Gift Hamper,Bathinda,2025-09-02,228
P005,Gift Hamper,Malout,2025-09-02,217
P005,Gift Hamper,Mohali,2025-09-02,224
P005,Gift Hamper,Rajpura,2025-09-02,229
P005,Gift Hamper,Patiala,2025-09-02,154
P001,Soft Drink ,Bathinda,2025-09-03,141
P001,Soft Drink ,Malout,2025-09-03,210
P001,Soft Drink ,Mohali,2025-09-03,181
P001,Soft Drink ,Rajpura,2025-09-03,178
P001,Soft Drink ,Patiala,2025-09-03,239
P002,Sweets ,Bathinda,2025-09-03,133
P002,Sweets ,Malout,2025-09-03,144
P002,Sweets ,Mohali,2025-09-03,91
P002,Sweets ,Rajpura,2025-09-03,102
P002,Sweets ,Patiala,2025-09-03,108
P003,Moisturizer ,Bathinda,2025-09-03,104
P003,Moisturizer ,Malout,2025-09-03,93
P003,Moisturizer ,Mohali,2025-09-03,103
P003,Moisturizer ,Rajpura,2025-09-03,118
P003,Moisturizer ,Patiala,2025-09-03,53
P004,Pooja Articles,Bathinda,2025-09-03,188
P004,Pooja Articles,Malout,2025-09-03,146
P004,Pooja Articles,Mohali,2025-09-03,120
P004,Pooja Articles,Rajpura,2025-09-03,123
P004,Pooja Articles,Patiala,2025-09-03,139
P005,Gift Hamper,Bathinda,2025-09-03,225
P005,Gift Hamper,Malout,2025-09-03,232
P005,Gift Hamper,Mohali,2025-09-03,258
P005,Gift Hamper,Rajpura,2025-09-03,244
P005,Gift Hamper,Patiala,2025-09-03,206
P001,Soft Drink ,Bathinda,2025-09-04,133
P001,Soft Drink ,Malout,2025-09-04,182
P001,Soft Drink ,Mohali,2025-09-04,160
P001,Soft Drink ,Rajpura,2025-09-04,201
P001,Soft Drink ,Patiala,2025-09-04,182
P002,Sweets ,Bathinda,2025-09-04,126
P002,Sweets ,Malout,2025-09-04,112
P002,Sweets ,Mohali,2025-09-04,150
P002,Sweets ,Rajpura,2025-09-04,152
P002,Sweets ,Patiala,2025-09-04,64
P003,Moisturizer ,Bathinda,2025-09-04,112
P003,Moisturizer ,Malout,2025-09-04,73
P003,Moisturizer ,Mohali,2025-09-04,108
P003,Moisturizer ,Rajpura,2025-09-04,115
P003,Moisturizer ,Patiala,2025-09-04,134
P004,Pooja Articles,Bathinda,2025-09-04,162
P004,Pooja Articles,Malout,2025-09-04,192
P004,Pooja Articles,Mohali,2025-09-04,144
P004,Pooja Articles,Rajpura,2025-09-04,154
P004,Pooja Articles,Patiala,2025-09-04,164
P005,Gift Hamper,Bathinda,2025-09-04,231
P005,Gift Hamper,Malout,2025-09-04,234
P005,Gift Hamper,Mohali,2025-09-04,206
P005,Gift Hamper,Rajpura,2025-09-04,261
P005,Gift Hamper,Patiala,2025-09-04,216
P001,Soft Drink ,Bathinda,2025-09-05,174
P001,Soft Drink ,Malout,2025-09-05,123
P001,Soft Drink ,Mohali,2025-09-05,196
P001,Soft Drink ,Rajpura,2025-09-05,208
P001,Soft Drink ,Patiala,2025-09-05,192
P002,Sweets ,Bathinda,2025-09-05,113
P002,Sweets ,Malout,2025-09-05,116
P002,Sweets ,Mohali,2025-09-05,103
P002,Sweets ,Rajpura,2025-09-05,115
P002,Sweets ,Patiala,2025-09-05,133
P003,Moisturizer ,Bathinda,2025-09-05,88
P003,Moisturizer ,Malout,2025-09-05,76
P003,Moisturizer ,Mohali,2025-09-05,102
P003,Moisturizer ,Rajpura,2025-09-05,114
P003,Moisturizer ,Patiala,2025-09-05,114
P004,Pooja Articles,Bathinda,2025-09-05,157
P004,Pooja Articles,Malout,2025-09-05,102
P004,Pooja Articles,Mohali,2025-09-05,165
P004,Pooja Articles,Rajpura,2025-09-05,145
P004,Pooja Articles,Patiala,2025-09-05,152
P005,Gift Hamper,Bathinda,2025-09-05,200
P005,Gift Hamper,Malout,2025-09-05,212
P005,Gift Hamper,Mohali,2025-09-05,246
P005,Gift Hamper,Rajpura,2025-09-05,217
P005,Gift Hamper,Patiala,2025-09-05,207
P001,Soft Drink ,Bathinda,2025-09-06,174
P001,Soft Drink ,Malout,2025-09-06,190
P001,Soft Drink ,Mohali,2025-09-06,193
P001,Soft Drink ,Rajpura,2025-09-06,219
P001,Soft Drink ,Patiala,2025-09-06,144
P002,Sweets ,Bathinda,2025-09-06,137
P002,Sweets ,Malout,2025-09-06,73
P002,Sweets ,Mohali,2025-09-06,161
P002,Sweets ,Rajpura,2025-09-06,96
P002,Sweets ,Patiala,2025-09-06,109
P003,Moisturizer ,Bathinda,2025-09-06,58
P003,Moisturizer ,Malout,2025-09-06,81
P003,Moisturizer ,Mohali,2025-09-06,110
P003,Moisturizer ,Rajpura,2025-09-06,112
P003,Moisturizer ,Patiala,2025-09-06,107
P004,Pooja Articles,Bathinda,2025-09-06,125
P004,Pooja Articles,Malout,2025-09-06,166
P004,Pooja Articles,Mohali,2025-09-06,140
P004,Pooja Articles,Rajpura,2025-09-06,134
P004,Pooja Articles,Patiala,2025-09-06,127
P005,Gift Hamper,Bathinda,2025-09-06,218
P005,Gift Hamper,Malout,2025-09-06,247
P005,Gift Hamper,Mohali,2025-09-06,230
P005,Gift Hamper,Rajpura,2025-09-06,196
P005,Gift Hamper,Patiala,2025-09-06,201
P001,Soft Drink ,Bathinda,2025-09-07,148
P001,Soft Drink ,Malout,2025-09-07,152
P001,Soft Drink ,Mohali,2025-09-07,203
P001,Soft Drink ,Rajpura,2025-09-07,136
P001,Soft Drink ,Patiala,2025-09-07,155
P002,Sweets ,Bathinda,2025-09-07,100
P002,Sweets ,Malout,2025-09-07,144
P002,Sweets ,Mohali,2025-09-07,120
P002,Sweets ,Rajpura,2025-09-07,124
P002,Sweets ,Patiala,2025-09-07,147
P003,Moisturizer ,Bathinda,2025-09-07,95
P003,Moisturizer ,Malout,2025-09-07,117
P003,Moisturizer ,Mohali,2025-09-07,80
P003,Moisturizer ,Rajpura,2025-09-07,51
P003,Moisturizer ,Patiala,2025-09-07,107
P004,Pooja Articles,Bathinda,2025-09-07,173
P004,Pooja Articles,Malout,2025-09-07,116
P004,Pooja Articles,Mohali,2025-09-07,138
P004,Pooja Articles,Rajpura,2025-09-07,153
P004,Pooja Articles,Patiala,2025-09-07,122
P005,Gift Hamper,Bathinda,2025-09-07,183
P005,Gift Hamper,Malout,2025-09-07,209
P005,Gift Hamper,Mohali,2025-09-07,213
P005,Gift Hamper,Rajpura,2025-09-07,199
P005,Gift Hamper,Patiala,2025-09-07,233
P001,Soft Drink ,Bathinda,2025-09-08,179
P001,Soft Drink ,Malout,2025-09-08,179
P001,Soft Drink ,Mohali,2025-09-08,156
P001,Soft Drink ,Rajpura,2025-09-08,183
P001,Soft Drink ,Patiala,2025-09-08,175
P002,Sweets ,Bathinda,2025-09-08,98
P002,Sweets ,Malout,2025-09-08,111
P002,Sweets ,Mohali,2025-09-08,102
P002,Sweets ,Rajpura,2025-09-08,99
P002,Sweets ,Patiala,2025-09-08,64
P003,Moisturizer ,Bathinda,2025-09-08,78
P003,Moisturizer ,Malout,2025-09-08,123
P003,Moisturizer ,Mohali,2025-09-08,105
P003,Moisturizer ,Rajpura,2025-09-08,67
P003,Moisturizer ,Patiala,2025-09-08,100
P004,Pooja Articles,Bathinda,2025-09-08,140
P004,Pooja Articles,Malout,2025-09-08,144
P004,Pooja Articles,Mohali,2025-09-08,137
P004,Pooja Articles,Rajpura,2025-09-08,165
P004,Pooja Articles,Patiala,2025-09-08,166
P005,Gift Hamper,Bathinda,2025-09-08,203
P005,Gift Hamper,Malout,2025-09-08,251
P005,Gift Hamper,Mohali,2025-09-08,222
P005,Gift Hamper,Rajpura,2025-09-08,215
P005,Gift Hamper,Patiala,2025-09-08,203
P001,Soft Drink ,Bathinda,2025-09-09,179
P001,Soft Drink ,Malout,2025-09-09,199
P001,Soft Drink ,Mohali,2025-09-09,208
P001,Soft Drink ,Rajpura,2025-09-09,181
P001,Soft Drink ,Patiala,2025-09-09,180
P002,Sweets ,Bathinda,2025-09-09,88
P002,Sweets ,Malout,2025-09-09,84
P002,Sweets ,Mohali,2025-09-09,115
P002,Sweets ,Rajpura,2025-09-09,129
P002,Sweets ,Patiala,2025-09-09,168
P003,Moisturizer ,Bathinda,2025-09-09,91
P003,Moisturizer ,Malout,2025-09-09,122
P003,Moisturizer ,Mohali,2025-09-09,151
P003,Moisturizer ,Rajpura,2025-09-09,72
P003,Moisturizer ,Patiala,2025-09-09,101
P004,Pooja Articles,Bathinda,2025-09-09,120
P004,Pooja Articles,Malout,2025-09-09,158
P004,Pooja Articles,Mohali,2025-09-09,125
P004,Pooja Articles,Rajpura,2025-09-09,116
P004,Pooja Articles,Patiala,2025-09-09,167
P005,Gift Hamper,Bathinda,2025-09-09,202
P005,Gift Hamper,Malout,2025-09-09,205
P005,Gift Hamper,Mohali,2025-09-09,212
P005,Gift Hamper,Rajpura,2025-09-09,228
P005,Gift Hamper,Patiala,2025-09-09,218
P001,Soft Drink ,Bathinda,2025-09-10,193
P001,Soft Drink ,Malout,2025-09-10,209
P001,Soft Drink ,Mohali,2025-09-10,176
P001,Soft Drink ,Rajpura,2025-09-10,179
P001,Soft Drink ,Patiala,2025-09-10,149
P002,Sweets ,Bathinda,2025-09-10,116
P002,Sweets ,Malout,2025-09-10,105
P002,Sweets ,Mohali,2025-09-10,151
P002,Sweets ,Rajpura,2025-09-10,146
P002,Sweets ,Patiala,2025-09-10,129
P003,Moisturizer ,Bathinda,2025-09-10,33
P003,Moisturizer ,Malout,2025-09-10,96
P003,Moisturizer ,Mohali,2025-09-10,48
P003,Moisturizer ,Rajpura,2025-09-10,95
P003,Moisturizer ,Patiala,2025-09-10,89
P004,Pooja Articles,Bathinda,2025-09-10,109
P004,Pooja Articles,Malout,2025-09-10,156
P004,Pooja Articles,Mohali,2025-09-10,135
P004,Pooja Articles,Rajpura,2025-09-10,125
P004,Pooja Articles,Patiala,2025-09-10,140
P005,Gift Hamper,Bathinda,2025-09-10,214
P005,Gift Hamper,Malout,2025-09-10,205
P005,Gift Hamper,Mohali,2025-09-10,269
P005,Gift Hamper,Rajpura,2025-09-10,194
P005,Gift Hamper,Patiala,2025-09-10,207
P001,Soft Drink ,Bathinda,2025-09-11,207
P001,Soft Drink ,Malout,2025-09-11,240
P001,Soft Drink ,Mohali,2025-09-11,176
P001,Soft Drink ,Rajpura,2025-09-11,197
P001,Soft Drink ,Patiala,2025-09-11,228
P002,Sweets ,Bathinda,2025-09-11,119
P002,Sweets ,Malout,2025-09-11,113
P002,Sweets ,Mohali,2025-09-11,135
P002,Sweets ,Rajpura,2025-09-11,116
P002,Sweets ,Patiala,2025-09-11,146
P003,Moisturizer ,Bathinda,2025-09-11,73
P003,Moisturizer ,Malout,2025-09-11,116
P003,Moisturizer ,Mohali,2025-09-11,147
P003,Moisturizer ,Rajpura,2025-09-11,89
P003,Moisturizer ,Patiala,2025-09-11,130
P004,Pooja Articles,Bathinda,2025-09-11,145
P004,Pooja Articles,Malout,2025-09-11,123
P004,Pooja Articles,Mohali,2025-09-11,109
P004,Pooja Articles,Rajpura,2025-09-11,167
P004,Pooja Articles,Patiala,2025-09-11,162
P005,Gift Hamper,Bathinda,2025-09-11,225
P005,Gift Hamper,Malout,2025-09-11,223
P005,Gift Hamper,Mohali,2025-09-11,206
P005,Gift Hamper,Rajpura,2025-09-11,238
P005,Gift Hamper,Patiala,2025-09-11,165
P001,Soft Drink ,Bathinda,2025-09-12,189
P001,Soft Drink ,Malout,2025-09-12,175
P001,Soft Drink ,Mohali,2025-09-12,177
P001,Soft Drink ,Rajpura,2025-09-12,151
P001,Soft Drink ,Patiala,2025-09-12,178
P002,Sweets ,Bathinda,2025-09-12,155
P002,Sweets ,Malout,2025-09-12,139
P002,Sweets ,Mohali,2025-09-12,133
P002,Sweets ,Rajpura,2025-09-12,100
P002,Sweets ,Patiala,2025-09-12,117
P003,Moisturizer ,Bathinda,2025-09-12,99
P003,Moisturizer ,Malout,2025-09-12,123
P003,Moisturizer ,Mohali,2025-09-12,116
P003,Moisturizer ,Rajpura,2025-09-12,148
P003,Moisturizer ,Patiala,2025-09-12,135
P004,Pooja Articles,Bathinda,2025-09-12,151
P004,Pooja Articles,Malout,2025-09-12,133
P004,Pooja Articles,Mohali,2025-09-12,139
P004,Pooja Articles,Rajpura,2025-09-12,147
P004,Pooja Articles,Patiala,2025-09-12,187
P005,Gift Hamper,Bathinda,2025-09-12,240
P005,Gift Hamper,Malout,2025-09-12,228
P005,Gift Hamper,Mohali,2025-09-12,230
P005,Gift Hamper,Rajpura,2025-09-12,234
P005,Gift Hamper,Patiala,2025-09-12,228
P001,Soft Drink ,Bathinda,2025-09-13,185
P001,Soft Drink ,Malout,2025-09-13,209
P001,Soft Drink ,Mohali,2025-09-13,182
P001,Soft Drink ,Rajpura,2025-09-13,174
P001,Soft Drink ,Patiala,2025-09-13,185
P002,Sweets ,Bathinda,2025-09-13,134
P002,Sweets ,Malout,2025-09-13,133
P002,Sweets ,Mohali,2025-09-13,121
P002,Sweets ,Rajpura,2025-09-13,105
P002,Sweets ,Patiala,2025-09-13,94
P003,Moisturizer ,Bathinda,2025-09-13,113
P003,Moisturizer ,Malout,2025-09-13,124
P003,Moisturizer ,Mohali,2025-09-13,164
P003,Moisturizer ,Rajpura,2025-09-13,60
P003,Moisturizer ,Patiala,2025-09-13,124
P004,Pooja Articles,Bathinda,2025-09-13,189
P004,Pooja Articles,Malout,2025-09-13,139
P004,Pooja Articles,Mohali,2025-09-13,192
P004,Pooja Articles,Rajpura,2025-09-13,92
P004,Pooja Articles,Patiala,2025-09-13,155
P005,Gift Hamper,Bathinda,2025-09-13,198
P005,Gift Hamper,Malout,2025-09-13,231
P005,Gift Hamper,Mohali,2025-09-13,200
P005,Gift Hamper,Rajpura,2025-09-13,211
P005,Gift Hamper,Patiala,2025-09-13,218
P001,Soft Drink ,Bathinda,2025-09-14,156
P001,Soft Drink ,Malout,2025-09-14,147
P001,Soft Drink ,Mohali,2025-09-14,211
P001,Soft Drink ,Rajpura,2025-09-14,158
P001,Soft Drink ,Patiala,2025-09-14,131
P002,Sweets ,Bathinda,2025-09-14,122
P002,Sweets ,Malout,2025-09-14,140
P002,Sweets ,Mohali,2025-09-14,125
P002,Sweets ,Rajpura,2025-09-14,58
P002,Sweets ,Patiala,2025-09-14,43
P003,Moisturizer ,Bathinda,2025-09-14,44
P003,Moisturizer ,Malout,2025-09-14,91
P003,Moisturizer ,Mohali,2025-09-14,91
P003,Moisturizer ,Rajpura,2025-09-14,80
P003,Moisturizer ,Patiala,2025-09-14,139
P004,Pooja Articles,Bathinda,2025-09-14,159
P004,Pooja Articles,Malout,2025-09-14,173
P004,Pooja Articles,Mohali,2025-09-14,167
P004,Pooja Articles,Rajpura,2025-09-14,148
P004,Pooja Articles,Patiala,2025-09-14,120
P005,Gift Hamper,Bathinda,2025-09-14,213
P005,Gift Hamper,Malout,2025-09-14,239
P005,Gift Hamper,Mohali,2025-09-14,230
P005,Gift Hamper,Rajpura,2025-09-14,207
P005,Gift Hamper,Patiala,2025-09-14,193
P001,Soft Drink ,Bathinda,2025-09-15,176
P001,Soft Drink ,Malout,2025-09-15,218
P001,Soft Drink ,Mohali,2025-09-15,194
P001,Soft Drink ,Rajpura,2025-09-15,186
P001,Soft Drink ,Patiala,2025-09-15,141
P002,Sweets ,Bathinda,2025-09-15,74
P002,Sweets ,Malout,2025-09-15,94
P002,Sweets ,Mohali,2025-09-15,118
P002,Sweets ,Rajpura,2025-09-15,132
P002,Sweets ,Patiala,2025-09-15,98
P003,Moisturizer ,Bathinda,2025-09-15,99
P003,Moisturizer ,Malout,2025-09-15,143
P003,Moisturizer ,Mohali,2025-09-15,152
P003,Moisturizer ,Rajpura,2025-09-15,84
P003,Moisturizer ,Patiala,2025-09-15,98
P004,Pooja Articles,Bathinda,2025-09-15,102
P004,Pooja Articles,Malout,2025-09-15,161
P004,Pooja Articles,Mohali,2025-09-15,134
P004,Pooja Articles,Rajpura,2025-09-15,148
P004,Pooja Articles,Patiala,2025-09-15,144
P005,Gift Hamper,Bathinda,2025-09-15,244
P005,Gift Hamper,Malout,2025-09-15,217
P005,Gift Hamper,Mohali,2025-09-15,243
P005,Gift Hamper,Rajpura,2025-09-15,214
P005,Gift Hamper,Patiala,2025-09-15,209
P001,Soft Drink ,Bathinda,2025-09-16,152
P001,Soft Drink ,Malout,2025-09-16,188
P001,Soft Drink ,Mohali,2025-09-16,154
P001,Soft Drink ,Rajpura,2025-09-16,193
P001,Soft Drink ,Patiala,2025-09-16,162
P002,Sweets ,Bathinda,2025-09-16,106
P002,Sweets ,Malout,2025-09-16,94
P002,Sweets ,Mohali,2025-09-16,175
P002,Sweets ,Rajpura,2025-09-16,125
P002,Sweets ,Patiala,2025-09-16,71
P003,Moisturizer ,Bathinda,2025-09-16,120
P003,Moisturizer ,Malout,2025-09-16,116
P003,Moisturizer ,Mohali,2025-09-16,101
P003,Moisturizer ,Rajpura,2025-09-16,96
P003,Moisturizer ,Patiala,2025-09-16,130
P004,Pooja Articles,Bathinda,2025-09-16,164
P004,Pooja Articles,Malout,2025-09-16,116
P004,Pooja Articles,Mohali,2025-09-16,156
P004,Pooja Articles,Rajpura,2025-09-16,145
P004,Pooja Articles,Patiala,2025-09-16,108
P005,Gift Hamper,Bathinda,2025-09-16,220
P005,Gift Hamper,Malout,2025-09-16,225
P005,Gift Hamper,Mohali,2025-09-16,204
P005,Gift Hamper,Rajpura,2025-09-16,266
P005,Gift Hamper,Patiala,2025-09-16,228
P001,Soft Drink ,Bathinda,2025-09-17,177
P001,Soft Drink ,Malout,2025-09-17,172
P001,Soft Drink ,Mohali,2025-09-17,180
P001,Soft Drink ,Rajpura,2025-09-17,162
P001,Soft Drink ,Patiala,2025-09-17,212
P002,Sweets ,Bathinda,2025-09-17,141
P002,Sweets ,Malout,2025-09-17,115
P002,Sweets ,Mohali,2025-09-17,79
P002,Sweets ,Rajpura,2025-09-17,97
P002,Sweets ,Patiala,2025-09-17,98
P003,Moisturizer ,Bathinda,2025-09-17,82
P003,Moisturizer ,Malout,2025-09-17,122
P003,Moisturizer ,Mohali,2025-09-17,139
P003,Moisturizer ,Rajpura,2025-09-17,75
P003,Moisturizer ,Patiala,2025-09-17,83
P004,Pooja Articles,Bathinda,2025-09-17,136
P004,Pooja Articles,Malout,2025-09-17,123
P004,Pooja Articles,Mohali,2025-09-17,202
P004,Pooja Articles,Rajpura,2025-09-17,156
P004,Pooja Articles,Patiala,2025-09-17,184
P005,Gift Hamper,Bathinda,2025-09-17,193
P005,Gift Hamper,Malout,2025-09-17,262
P005,Gift Hamper,Mohali,2025-09-17,240
P005,Gift Hamper,Rajpura,2025-09-17,247
P005,Gift Hamper,Patiala,2025-09-17,293
P001,Soft Drink ,Bathinda,2025-09-18,201
P001,Soft Drink ,Malout,2025-09-18,237
P001,Soft Drink ,Mohali,2025-09-18,179
P001,Soft Drink ,Rajpura,2025-09-18,153
P001,Soft Drink ,Patiala,2025-09-18,211
P002,Sweets ,Bathinda,2025-09-18,129
P002,Sweets ,Malout,2025-09-18,117
P002,Sweets ,Mohali,2025-09-18,105
P002,Sweets ,Rajpura,2025-09-18,79
P002,Sweets ,Patiala,2025-09-18,132
P003,Moisturizer ,Bathinda,2025-09-18,116
P003,Moisturizer ,Malout,2025-09-18,118
P003,Moisturizer ,Mohali,2025-09-18,86
P003,Moisturizer ,Rajpura,2025-09-18,103
P003,Moisturizer ,Patiala,2025-09-18,85
P004,Pooja Articles,Bathinda,2025-09-18,171
P004,Pooja Articles,Malout,2025-09-18,167
P004,Pooja Articles,Mohali,2025-09-18,166
P004,Pooja Articles,Rajpura,2025-09-18,172
P004,Pooja Articles,Patiala,2025-09-18,144
P005,Gift Hamper,Bathinda,2025-09-18,186
P005,Gift Hamper,Malout,2025-09-18,186
P005,Gift Hamper,Mohali,2025-09-18,214
P005,Gift Hamper,Rajpura,2025-09-18,217
P005,Gift Hamper,Patiala,2025-09-18,235
P001,Soft Drink ,Bathinda,2025-09-19,164
P001,Soft Drink ,Malout,2025-09-19,225
P001,Soft Drink ,Mohali,2025-09-19,182
P001,Soft Drink ,Rajpura,2025-09-19,159
P001,Soft Drink ,Patiala,2025-09-19,124
P002,Sweets ,Bathinda,2025-09-19,92
P002,Sweets ,Malout,2025-09-19,163
P002,Sweets ,Mohali,2025-09-19,105
P002,Sweets ,Rajpura,2025-09-19,138
P002,Sweets ,Patiala,2025-09-19,154
P003,Moisturizer ,Bathinda,2025-09-19,68
P003,Moisturizer ,Malout,2025-09-19,73
P003,Moisturizer ,Mohali,2025-09-19,83
P003,Moisturizer ,Rajpura,2025-09-19,104
P003,Moisturizer ,Patiala,2025-09-19,122
P004,Pooja Articles,Bathinda,2025-09-19,168
P004,Pooja Articles,Malout,2025-09-19,203
P004,Pooja Articles,Mohali,2025-09-19,167
P004,Pooja Articles,Rajpura,2025-09-19,178
P004,Pooja Articles,Patiala,2025-09-19,147
P005,Gift Hamper,Bathinda,2025-09-19,240
P005,Gift Hamper,Malout,2025-09-19,182
P005,Gift Hamper,Mohali,2025-09-19,213
P005,Gift Hamper,Rajpura,2025-09-19,224
P005,Gift Hamper,Patiala,2025-09-19,171
P001,Soft Drink ,Bathinda,2025-09-20,154
P001,Soft Drink ,Malout,2025-09-20,184
P001,Soft Drink ,Mohali,2025-09-20,147
P001,Soft Drink ,Rajpura,2025-09-20,131
P001,Soft Drink ,Patiala,2025-09-20,166
P002,Sweets ,Bathinda,2025-09-20,137
P002,Sweets ,Malout,2025-09-20,124
P002,Sweets ,Mohali,2025-09-20,87
P002,Sweets ,Rajpura,2025-09-20,88
P002,Sweets ,Patiala,2025-09-20,139
P003,Moisturizer ,Bathinda,2025-09-20,86
P003,Moisturizer ,Malout,2025-09-20,147
P003,Moisturizer ,Mohali,2025-09-20,84
P003,Moisturizer ,Rajpura,2025-09-20,119
P003,Moisturizer ,Patiala,2025-09-20,102
P004,Pooja Articles,Bathinda,2025-09-20,152
P004,Pooja Articles,Malout,2025-09-20,152
P004,Pooja Articles,Mohali,2025-09-20,166
P004,Pooja Articles,Rajpura,2025-09-20,129
P004,Pooja Articles,Patiala,2025-09-20,226
P005,Gift Hamper,Bathinda,2025-09-20,178
P005,Gift Hamper,Malout,2025-09-20,199
P005,Gift Hamper,Mohali,2025-09-20,245
P005,Gift Hamper,Rajpura,2025-09-20,215
P005,Gift Hamper,Patiala,2025-09-20,266
P001,Soft Drink ,Bathinda,2025-09-21,201
P001,Soft Drink ,Malout,2025-09-21,227
P001,Soft Drink ,Mohali,2025-09-21,172
P001,Soft Drink ,Rajpura,2025-09-21,168
P001,Soft Drink ,Patiala,2025-09-21,154
P002,Sweets ,Bathinda,2025-09-21,129
P002,Sweets ,Malout,2025-09-21,69
P002,Sweets ,Mohali,2025-09-21,88
P002,Sweets ,Rajpura,2025-09-21,105
P002,Sweets ,Patiala,2025-09-21,119
P003,Moisturizer ,Bathinda,2025-09-21,98
P003,Moisturizer ,Malout,2025-09-21,102
P003,Moisturizer ,Mohali,2025-09-21,104
P003,Moisturizer ,Rajpura,2025-09-21,56
P003,Moisturizer ,Patiala,2025-09-21,116
P004,Pooja Articles,Bathinda,2025-09-21,131
P004,Pooja Articles,Malout,2025-09-21,170
P004,Pooja Articles,Mohali,2025-09-21,177
P004,Pooja Articles,Rajpura,2025-09-21,152
P004,Pooja Articles,Patiala,2025-09-21,129
P005,Gift Hamper,Bathinda,2025-09-21,239
P005,Gift Hamper,Malout,2025-09-21,209
P005,Gift Hamper,Mohali,2025-09-21,224
P005,Gift Hamper,Rajpura,2025-09-21,227
P005,Gift Hamper,Patiala,2025-09-21,205
P001,Soft Drink ,Bathinda,2025-09-22,192
P001,Soft Drink ,Malout,2025-09-22,212
P001,Soft Drink ,Mohali,2025-09-22,178
P001,Soft Drink ,Rajpura,2025-09-22,186
P001,Soft Drink ,Patiala,2025-09-22,173
P002,Sweets ,Bathinda,2025-09-22,96
P002,Sweets ,Malout,2025-09-22,145
P002,Sweets ,Mohali,2025-09-22,141
P002,Sweets ,Rajpura,2025-09-22,148
P002,Sweets ,Patiala,2025-09-22,89
P003,Moisturizer ,Bathinda,2025-09-22,93
P003,Moisturizer ,Malout,2025-09-22,72
P003,Moisturizer ,Mohali,2025-09-22,81
P003,Moisturizer ,Rajpura,2025-09-22,127
P003,Moisturizer ,Patiala,2025-09-22,104
P004,Pooja Articles,Bathinda,2025-09-22,178
P004,Pooja Articles,Malout,2025-09-22,123
P004,Pooja Articles,Mohali,2025-09-22,159
P004,Pooja Articles,Rajpura,2025-09-22,152
P004,Pooja Articles,Patiala,2025-09-22,131
P005,Gift Hamper,Bathinda,2025-09-22,202
P005,Gift Hamper,Malout,2025-09-22,239
P005,Gift Hamper,Mohali,2025-09-22,229
P005,Gift Hamper,Rajpura,2025-09-22,230
P005,Gift Hamper,Patiala,2025-09-22,216
P001,Soft Drink ,Bathinda,2025-09-23,167
P001,Soft Drink ,Malout,2025-09-23,160
P001,Soft Drink ,Mohali,2025-09-23,175
P001,Soft Drink ,Rajpura,2025-09-23,162
P001,Soft Drink ,Patiala,2025-09-23,163
P002,Sweets ,Bathinda,2025-09-23,112
P002,Sweets ,Malout,2025-09-23,104
P002,Sweets ,Mohali,2025-09-23,109
P002,Sweets ,Rajpura,2025-09-23,122
P002,Sweets ,Patiala,2025-09-23,108
P003,Moisturizer ,Bathinda,2025-09-23,92
P003,Moisturizer ,Malout,2025-09-23,73
P003,Moisturizer ,Mohali,2025-09-23,41
P003,Moisturizer ,Rajpura,2025-09-23,66
P003,Moisturizer ,Patiala,2025-09-23,145
P004,Pooja Articles,Bathinda,2025-09-23,158
P004,Pooja Articles,Malout,2025-09-23,131
P004,Pooja Articles,Mohali,2025-09-23,145
P004,Pooja Articles,Rajpura,2025-09-23,168
P004,Pooja Articles,Patiala,2025-09-23,136
P005,Gift Hamper,Bathinda,2025-09-23,252
P005,Gift Hamper,Malout,2025-09-23,212
P005,Gift Hamper,Mohali,2025-09-23,188
P005,Gift Hamper,Rajpura,2025-09-23,205
P005,Gift Hamper,Patiala,2025-09-23,246
P001,Soft Drink ,Bathinda,2025-09-24,208
P001,Soft Drink ,Malout,2025-09-24,157
P001,Soft Drink ,Mohali,2025-09-24,208
P001,Soft Drink ,Rajpura,2025-09-24,201
P001,Soft Drink ,Patiala,2025-09-24,143
P002,Sweets ,Bathinda,2025-09-24,122
P002,Sweets ,Malout,2025-09-24,119
P002,Sweets ,Mohali,2025-09-24,160
P002,Sweets ,Rajpura,2025-09-24,176
P002,Sweets ,Patiala,2025-09-24,121
P003,Moisturizer ,Bathinda,2025-09-24,25
P003,Moisturizer ,Malout,2025-09-24,137
P003,Moisturizer ,Mohali,2025-09-24,142
P003,Moisturizer ,Rajpura,2025-09-24,128
P003,Moisturizer ,Patiala,2025-09-24,126
P004,Pooja Articles,Bathinda,2025-09-24,138
P004,Pooja Articles,Malout,2025-09-24,173
P004,Pooja Articles,Mohali,2025-09-24,141
P004,Pooja Articles,Rajpura,2025-09-24,124
P004,Pooja Articles,Patiala,2025-09-24,176
P005,Gift Hamper,Bathinda,2025-09-24,217
P005,Gift Hamper,Malout,2025-09-24,227
P005,Gift Hamper,Mohali,2025-09-24,183
P005,Gift Hamper,Rajpura,2025-09-24,218
P005,Gift Hamper,Patiala,2025-09-24,224
P001,Soft Drink ,Bathinda,2025-09-25,161
P001,Soft Drink ,Malout,2025-09-25,180
P001,Soft Drink ,Mohali,2025-09-25,148
P001,Soft Drink ,Rajpura,2025-09-25,143
P001,Soft Drink ,Patiala,2025-09-25,126
P002,Sweets ,Bathinda,2025-09-25,156
P002,Sweets ,Malout,2025-09-25,160
P002,Sweets ,Mohali,2025-09-25,101
P002,Sweets ,Rajpura,2025-09-25,89
P002,Sweets ,Patiala,2025-09-25,112
P003,Moisturizer ,Bathinda,2025-09-25,130
P003,Moisturizer ,Malout,2025-09-25,104
P003,Moisturizer ,Mohali,2025-09-25,94
P003,Moisturizer ,Rajpura,2025-09-25,115
P003,Moisturizer ,Patiala,2025-09-25,100
P004,Pooja Articles,Bathinda,2025-09-25,124
P004,Pooja Articles,Malout,2025-09-25,126
P004,Pooja Articles,Mohali,2025-09-25,143
P004,Pooja Articles,Rajpura,2025-09-25,146
P004,Pooja Articles,Patiala,2025-09-25,119
P005,Gift Hamper,Bathinda,2025-09-25,249
P005,Gift Hamper,Malout,2025-09-25,242
P005,Gift Hamper,Mohali,2025-09-25,227
P005,Gift Hamper,Rajpura,2025-09-25,230
P005,Gift Hamper,Patiala,2025-09-25,232
P001,Soft Drink ,Bathinda,2025-09-26,171
P001,Soft Drink ,Malout,2025-09-26,194
P001,Soft Drink ,Mohali,2025-09-26,191
P001,Soft Drink ,Rajpura,2025-09-26,201
P001,Soft Drink ,Patiala,2025-09-26,195
P002,Sweets ,Bathinda,2025-09-26,144
P002,Sweets ,Malout,2025-09-26,73
P002,Sweets ,Mohali,2025-09-26,163
P002,Sweets ,Rajpura,2025-09-26,141
P002,Sweets ,Patiala,2025-09-26,102
P003,Moisturizer ,Bathinda,2025-09-26,115
P003,Moisturizer ,Malout,2025-09-26,104
P003,Moisturizer ,Mohali,2025-09-26,94
P003,Moisturizer ,Rajpura,2025-09-26,103
P003,Moisturizer ,Patiala,2025-09-26,108
P004,Pooja Articles,Bathinda,2025-09-26,165
P004,Pooja Articles,Malout,2025-09-26,140
P004,Pooja Articles,Mohali,2025-09-26,150
P004,Pooja Articles,Rajpura,2025-09-26,142
P004,Pooja Articles,Patiala,2025-09-26,152
P005,Gift Hamper,Bathinda,2025-09-26,198
P005,Gift Hamper,Malout,2025-09-26,240
P005,Gift Hamper,Mohali,2025-09-26,193
P005,Gift Hamper,Rajpura,2025-09-26,225
P005,Gift Hamper,Patiala,2025-09-26,214
P001,Soft Drink ,Bathinda,2025-09-27,173
P001,Soft Drink ,Malout,2025-09-27,187
P001,Soft Drink ,Mohali,2025-09-27,183
P001,Soft Drink ,Rajpura,2025-09-27,189
P001,Soft Drink ,Patiala,2025-09-27,158
P002,Sweets ,Bathinda,2025-09-27,68
P002,Sweets ,Malout,2025-09-27,127
P002,Sweets ,Mohali,2025-09-27,124
P002,Sweets ,Rajpura,2025-09-27,97
P002,Sweets ,Patiala,2025-09-27,138
P003,Moisturizer ,Bathinda,2025-09-27,100
P003,Moisturizer ,Malout,2025-09-27,80
P003,Moisturizer ,Mohali,2025-09-27,90
P003,Moisturizer ,Rajpura,2025-09-27,73
P003,Moisturizer ,Patiala,2025-09-27,76
P004,Pooja Articles,Bathinda,2025-09-27,171
P004,Pooja Articles,Malout,2025-09-27,133
P004,Pooja Articles,Mohali,2025-09-27,154
P004,Pooja Articles,Rajpura,2025-09-27,129
P004,Pooja Articles,Patiala,2025-09-27,164
P005,Gift Hamper,Bathinda,2025-09-27,198
P005,Gift Hamper,Malout,2025-09-27,235
P005,Gift Hamper,Mohali,2025-09-27,232
P005,Gift Hamper,Rajpura,2025-09-27,215
P005,Gift Hamper,Patiala,2025-09-27,183
P001,Soft Drink ,Bathinda,2025-09-28,163
P001,Soft Drink ,Malout,2025-09-28,168
P001,Soft Drink ,Mohali,2025-09-28,218
P001,Soft Drink ,Rajpura,2025-09-28,195
P001,Soft Drink ,Patiala,2025-09-28,200
P002,Sweets ,Bathinda,2025-09-28,109
P002,Sweets ,Malout,2025-09-28,112
P002,Sweets ,Mohali,2025-09-28,125
P002,Sweets ,Rajpura,2025-09-28,112
P002,Sweets ,Patiala,2025-09-28,137
P003,Moisturizer ,Bathinda,2025-09-28,78
P003,Moisturizer ,Malout,2025-09-28,88
P003,Moisturizer ,Mohali,2025-09-28,103
P003,Moisturizer ,Rajpura,2025-09-28,95
P003,Moisturizer ,Patiala,2025-09-28,97
P004,Pooja Articles,Bathinda,2025-09-28,141
P004,Pooja Articles,Malout,2025-09-28,199
P004,Pooja Articles,Mohali,2025-09-28,157
P004,Pooja Articles,Rajpura,2025-09-28,128
P004,Pooja Articles,Patiala,2025-09-28,155
P005,Gift Hamper,Bathinda,2025-09-28,247
P005,Gift Hamper,Malout,2025-09-28,222
P005,Gift Hamper,Mohali,2025-09-28,239
P005,Gift Hamper,Rajpura,2025-09-28,217
P005,Gift Hamper,Patiala,2025-09-28,192
P001,Soft Drink ,Bathinda,2025-09-29,206
P001,Soft Drink ,Malout,2025-09-29,187
P001,Soft Drink ,Mohali,2025-09-29,184
P001,Soft Drink ,Rajpura,2025-09-29,223
P001,Soft Drink ,Patiala,2025-09-29,192
P002,Sweets ,Bathinda,2025-09-29,145
P002,Sweets ,Malout,2025-09-29,130
P002,Sweets ,Mohali,2025-09-29,155
P002,Sweets ,Rajpura,2025-09-29,109
P002,Sweets ,Patiala,2025-09-29,97
P003,Moisturizer ,Bathinda,2025-09-29,76
P003,Moisturizer ,Malout,2025-09-29,103
P003,Moisturizer ,Mohali,2025-09-29,96
P003,Moisturizer ,Rajpura,2025-09-29,116
P003,Moisturizer ,Patiala,2025-09-29,83
P004,Pooja Articles,Bathinda,2025-09-29,161
P004,Pooja Articles,Malout,2025-09-29,161
P004,Pooja Articles,Mohali,2025-09-29,169
P004,Pooja Articles,Rajpura,2025-09-29,121
P004,Pooja Articles,Patiala,2025-09-29,166
P005,Gift Hamper,Bathinda,2025-09-29,241
P005,Gift Hamper,Malout,2025-09-29,214
P005,Gift Hamper,Mohali,2025-09-29,226
P005,Gift Hamper,Rajpura,2025-09-29,225
P005,Gift Hamper,Patiala,2025-09-29,207
P001,Soft Drink ,Bathinda,2025-09-30,200
P001,Soft Drink ,Malout,2025-09-30,140
P001,Soft Drink ,Mohali,2025-09-30,169
P001,Soft Drink ,Rajpura,2025-09-30,169
P001,Soft Drink ,Patiala,2025-09-30,187
P002,Sweets ,Bathinda,2025-09-30,115
P002,Sweets ,Malout,2025-09-30,110
P002,Sweets ,Mohali,2025-09-30,102
P002,Sweets ,Rajpura,2025-09-30,80
P002,Sweets ,Patiala,2025-09-30,132
P003,Moisturizer ,Bathinda,2025-09-30,117
P003,Moisturizer ,Malout,2025-09-30,96
P003,Moisturizer ,Mohali,2025-09-30,95
P003,Moisturizer ,Rajpura,2025-09-30,86
P003,Moisturizer ,Patiala,2025-09-30,116
P004,Pooja Articles,Bathinda,2025-09-30,146
P004,Pooja Articles,Malout,2025-09-30,109
P004,Pooja Articles,Mohali,2025-09-30,162
P004,Pooja Articles,Rajpura,2025-09-30,182
P004,Pooja Articles,Patiala,2025-09-30,135
P005,Gift Hamper,Bathinda,2025-09-30,216
P005,Gift Hamper,Malout,2025-09-30,234
P005,Gift Hamper,Mohali,2025-09-30,194
P005,Gift Hamper,Rajpura,2025-09-30,206
P005,Gift Hamper,Patiala,2025-09-30,197
